SOC,PulseLength(s),Temperature(C),Voltage(V),AvgCurrent_20s,test,True_SOP(W),SHAP_SOC,SHAP_PulseLength(s),SHAP_Temperature(C),SHAP_Voltage(V),SHAP_AvgCurrent_20s,SHAP_test,fold
1.00001,2.002,40.533,4.1851,0.500366667,1,1.9100727974190066,0.26218180991825646,0.06033353563863784,0.7590680147381499,0.3931648592441343,0.09407088762614876,0.030042000925168396,2
1.00001,2.002,40.533,4.1851,0.500366667,1,1.9100727974190066,0.2586217153651523,0.05869217997416854,0.7257397355523426,0.40911251860437914,0.08096288990229368,0.039849569112993775,3
1.00001,2.003,25.984,4.1951,0.122609091,1,1.8338651020424614,0.27809701071004383,0.05995106095680967,0.7014600310800597,0.4700969549245201,0.06183973625302315,0.029540901593863963,2
1.00001,30.003,1.6505,4.1987,0.095775,1,1.420138269377342,0.38179954716004433,-0.019987069508060812,0.3043137273751199,0.44930260453373194,0.06516150942188688,0.033271844242699446,4
1.00001,2.001,11.12,4.1944,0.115979063,1,1.6264573450286408,0.34066320818034,0.04025284183910117,0.5115393415046856,0.4763142622122541,0.05779830488725565,0.039678243706002835,5
1.00001,10.002,1.1173,4.1984,0.094427273,1,1.4078277955088232,0.3429355714141275,0.0053454233845695856,0.2862705635942984,0.5490909432200715,0.060134585637133565,0.04052873340900987,3
1.00001,10.002,1.1173,4.1984,0.094427273,1,1.4078277955088232,0.37223827619338407,0.00016729159047827125,0.27770369230769576,0.5048577588889748,0.04977281624800525,0.03744299189187586,5
1.00001,2.002,40.533,4.1851,0.500366667,1,1.9100727974190066,0.29302095022867436,0.04532334299525246,0.7173343661020044,0.39109708320349457,0.09729175702668727,0.04053849374409765,5
1.00001,2.002,40.533,4.1851,0.500366667,1,1.9100727974190066,0.2962177722819615,0.045474375976482406,0.7139364133449271,0.3671471207402647,0.09047035747149494,0.03210302298888564,4
1.00001,10.002,1.1173,4.1984,0.094427273,1,1.4078277955088232,0.35364540269598366,-0.006870778000447899,0.23410531022469513,0.5303241400467232,0.06486302551813423,0.023581809285096823,2
1.00001,10.004,10.591,4.1968,0.102128125,1,1.5910054134798448,0.36146548820572205,-0.006136762980022467,0.5181970101688057,0.4548559430032037,0.09366606504190714,0.03360191464424133,1
1.00001,2.003,25.984,4.1951,0.122609091,1,1.8338651020424614,0.26111658151465234,0.05712998029310256,0.6960501284629572,0.47157246915856377,0.05523500996176153,0.03953283461276442,3
1.00001,2.001,11.12,4.1944,0.115979063,1,1.6264573450286408,0.3802509686117992,0.04216014256817289,0.5179901780653745,0.4215978168789297,0.07163820795190987,0.032977798157371584,4
1.00001,10.004,10.591,4.1968,0.102128125,1,1.5910054134798448,0.3430440061143599,0.0015006549563258886,0.5089754264475778,0.483847521180287,0.054804434630787,0.039411987434141336,5
1.00001,10.002,1.1173,4.1984,0.094427273,1,1.4078277955088232,0.37187373689288505,0.004221242531493772,0.2843366733542643,0.47161029297625645,0.10252733011730016,0.029603935302002355,1
1.00001,2.001,11.12,4.1944,0.115979063,1,1.6264573450286408,0.3456257163189002,0.049027495500049555,0.5333174520428292,0.4495940879685804,0.1020515234710183,0.03360191464424133,1
1.00001,30.003,1.6505,4.1987,0.095775,1,1.420138269377342,0.34255683247436536,-0.03135364473506343,0.29290197710099164,0.5471682054968551,0.05911608267808333,0.04052873340900987,3
1.00001,2.003,25.984,4.1951,0.122609091,1,1.8338651020424614,0.3070065771150985,0.05576547306904103,0.6990838936157524,0.39096632262226194,0.10067362888599746,0.03303610295522958,1
1.00001,10.002,1.1173,4.1984,0.094427273,1,1.4078277955088232,0.38128295850707217,-0.0009234521293547004,0.29942318964283915,0.4501539201242849,0.057919243137585,0.033271844242699446,4
1.00001,30.003,1.6505,4.1987,0.095775,1,1.420138269377342,0.3714320247597061,-0.01818172000814229,0.280037761121057,0.5125058092083782,0.048919645234709604,0.03717673562001437,5
1.00001,30.003,1.6505,4.1987,0.095775,1,1.420138269377342,0.3817747755991877,-0.021231782761460635,0.33059584642527623,0.48527824629331007,0.10276470085605979,0.034132053068606186,1
1.00001,2.001,11.12,4.1944,0.115979063,1,1.6264573450286408,0.3435699420887977,0.05100054513895884,0.5055887623643502,0.49339233109261843,0.06729051492642611,0.03166226501576602,2
1.00001,10.004,10.591,4.1968,0.102128125,1,1.5910054134798448,0.35103716877056285,-0.013275718346703798,0.49212923348415644,0.5224666525004431,0.06769876845180989,0.031091662705875933,2
1.00001,10.004,10.591,4.1968,0.102128125,1,1.5910054134798448,0.3936265210597776,-0.002372345207259059,0.4557347128260881,0.4257824031729251,0.058546051684534174,0.033271844242699446,4
1.00001,2.002,40.533,4.1851,0.500366667,1,1.9100727974190066,0.2880021129921079,0.05654757496376987,0.7265279027074576,0.39278451254824176,0.11427498769364319,0.03303610295522958,1
1.00001,30.003,1.6505,4.1987,0.095775,1,1.420138269377342,0.3413138222298585,-0.018005388535093515,0.3159862864750903,0.5436328175617382,0.0716741070523858,0.026256635026074945,2
1.00001,10.004,10.591,4.1968,0.102128125,1,1.5910054134798448,0.3164219684593263,-0.0018062915001064539,0.5274647180910688,0.5398109583370387,0.06563047697767616,0.040126344966702164,3
1.00001,2.001,11.12,4.1944,0.115979063,1,1.6264573450286408,0.3168214749425533,0.0525902577501256,0.5332296862918884,0.5293922800989822,0.06446283441968262,0.040397992846556006,3
1.00001,2.003,25.984,4.1951,0.122609091,1,1.8338651020424614,0.3299977412750013,0.043226409513736144,0.7136787139205262,0.3712292742915452,0.07096324905927759,0.03244762865826487,4
1.00001,2.003,25.984,4.1951,0.122609091,1,1.8338651020424614,0.29892652996233665,0.04417630071518943,0.6808544495946262,0.4275846561184153,0.05475240331608802,0.0402127411402762,5
1.000006667,10.003,-8.4805,4.1932,0.104952667,1,0.6898005645654187,0.4054844635841437,-0.006870778000447899,-0.09762007905170321,0.5155221594264731,0.10062204933259636,0.009590789289213718,2
1.000006667,30.003,-18.221,4.1912,0.095797879,1,-0.2923295989631487,0.2716369908535853,-0.014963098605512641,-0.8175211905734614,0.4368069778918289,0.05869621218647808,0.009286847268231212,2
1.000006667,30.001,40.09,4.1931,0.214278571,1,1.7649152824160634,0.27156886082026177,-0.030813460508361458,0.7327180509036407,0.44209536746377126,0.13085417461581528,0.02966533332131803,2
1.000006667,30.003,-18.221,4.1912,0.095797879,1,-0.2923295989631487,0.30157470277976245,-0.01612427684245631,-0.8592426291853189,0.3485905929422006,0.0459005968994461,0.013513288381509482,4
1.000006667,10.003,25.53,4.1413,0.214278571,1,1.736162928482788,0.2680573619456845,0.00753567605977878,0.6656942915089894,0.4507930069672875,0.11639465128071606,0.03999598388094455,3
1.000006667,2.001,40.352,4.1846,0.107146429,1,1.9086770520824399,0.289540301602101,0.04417630071518943,0.7423044039926026,0.42488869635621085,0.05475240331608802,0.0402127411402762,5
1.000006667,30.003,-18.221,4.1912,0.095797879,1,-0.2923295989631487,0.25489537445566385,-0.024302788769709878,-0.8538540479377843,0.4340771363931708,0.04086867062840611,0.01666560339741409,3
1.000006667,30.003,26.039,4.1922,0.111111111,1,1.6898241833087717,0.28509735681232995,-0.03350692162057385,0.6747542309062555,0.4928144142380916,0.06567955697886646,0.028970299283973874,2
1.000006667,30.003,-18.221,4.1912,0.095797879,1,-0.2923295989631487,0.3324680880634696,-0.018946253305475693,-0.8419460304500536,0.35490878571989015,0.09851308442419394,0.013375982033321633,1
1.000006667,2.001,40.352,4.1846,0.107146429,1,1.9086770520824399,0.2589331042661797,0.05995106095680967,0.7716054381476716,0.46029071626486256,0.06243381537497043,0.029540901593863963,2
1.000006667,10.002,25.692,4.1977,0.097475152,1,1.7333714378096547,0.26111658151465234,0.008863559134770185,0.6893059088347946,0.4813774787238799,0.05084708445239812,0.03953283461276442,3
1.000006667,30.003,26.039,4.1922,0.111111111,1,1.6898241833087717,0.3005010764626786,-0.025989976703422145,0.6679896310775075,0.4439980049012229,0.05389923230279237,0.0399464848684147,5
1.000006667,30.001,40.09,4.1931,0.214278571,1,1.7649152824160634,0.30515260159852914,-0.01974489916115999,0.7198608724819496,0.39722299453802407,0.12486724234069697,0.03210302298888564,4
1.000006667,10.002,40.249,4.1909,0.206903448,1,1.8148829654651537,0.26978201741469093,0.0060091810114681725,0.75388718274422,0.44085486229741944,0.12140597387216985,0.029969275342300535,2
1.000006667,10.003,-8.4805,4.1932,0.104952667,1,0.6898005645654187,0.4042348719012807,-0.002516260608099401,-0.10491023855051025,0.536242961769458,0.10442117594415322,0.01666560339741409,3
1.000006667,10.002,25.692,4.1977,0.097475152,1,1.7333714378096547,0.29910928681492804,0.003444940277840942,0.6825031690765172,0.48660942911868915,0.058688035123050215,0.029274241304956376,2
1.000006667,10.002,40.249,4.1909,0.206903448,1,1.8148829654651537,0.25588114969636083,0.010425758815836161,0.7288649262080434,0.43427985955262555,0.10485838263295591,0.039849569112993775,3
1.000006667,10.003,25.53,4.1413,0.214278571,1,1.736162928482788,0.30466252522775905,0.0060091810114681725,0.6665512684453279,0.4437412290531211,0.1290707808174193,0.030104166008532048,2
1.000006667,10.003,-8.4805,4.1932,0.104952667,1,0.6898005645654187,0.42728838269598785,0.0005973977968096733,-0.08488373362924903,0.5094495738111436,0.08781617209198884,0.015812084251083432,5
1.000006667,30.003,-18.221,4.1912,0.095797879,1,-0.2923295989631487,0.2716369908535853,-0.014963098605512641,-0.8175211905734614,0.4368069778918289,0.05869621218647808,0.009286847268231212,2
1.000006667,10.003,25.53,4.1413,0.214278571,1,1.736162928482788,0.31166022329125553,0.006386824890505523,0.6450213399028871,0.4132332543004304,0.10168031930923462,0.040456568752415475,5
1.000006667,2.002,26.017,4.1954,0.500027778,1,1.8363774436482816,0.2945874410821125,0.05654757496376987,0.6962233364582062,0.392750781273935,0.11338676187559031,0.03303610295522958,1
1.000006667,30.002,11.461,4.1989,0.09904871,1,1.5396419850941883,0.31607233792747136,-0.03117707331199199,0.5299210957169999,0.5376081774942577,0.05831710768397898,0.040397992846556006,3
1.000006667,10.002,25.692,4.1977,0.097475152,1,1.7333714378096547,0.30993688696995375,0.004994007626082748,0.6614386098145042,0.43957030329853297,0.051435736319981516,0.0402127411402762,5
1.000006667,10.002,40.249,4.1909,0.206903448,1,1.8148829654651537,0.2919912571692839,0.006141049906145782,0.7362314835528377,0.407298088578973,0.08986254663206637,0.04053849374409765,5
1.000006667,30.002,11.461,4.1989,0.09904871,1,1.5396419850941883,0.3505702881910838,-0.017942619656678288,0.5024079431314021,0.5168398875324055,0.06818060422781855,0.031091662705875933,2
1.000006667,30.003,-18.221,4.1912,0.095797879,1,-0.2923295989631487,0.25489537445566385,-0.024302788769709878,-0.8538540479377843,0.4340771363931708,0.04086867062840611,0.01666560339741409,3
1.000006667,10.003,25.53,4.1413,0.214278571,1,1.736162928482788,0.31314166464610027,0.0033513957256218418,0.6775411930307746,0.4026370007894002,0.11364345558919013,0.03303610295522958,1
1.000006667,2.002,26.017,4.1954,0.500027778,1,1.8363774436482816,0.2813457163621206,0.06033353563863784,0.6899325421778485,0.4009512287960388,0.09448674301151186,0.030042000925168396,2
1.000006667,30.003,26.039,4.1922,0.111111111,1,1.6898241833087717,0.3354745571920648,-0.02142566815018654,0.70849626456853,0.3844763643853366,0.07574710324988701,0.03244762865826487,4
1.000006667,2.001,40.352,4.1846,0.107146429,1,1.9086770520824399,0.25540802506933685,0.05712998029310256,0.7343723649543245,0.46437663420801983,0.055652251918800175,0.03938641984481364,3
1.000006667,2.002,26.017,4.1954,0.500027778,1,1.8363774436482816,0.3108701551915146,0.045474375976482406,0.684133130297996,0.37251033779233694,0.09249843685596716,0.03244762865826487,4
1.000006667,30.003,26.039,4.1922,0.111111111,1,1.6898241833087717,0.327199065721652,-0.026884309602028224,0.6864400440640748,0.41267591376556084,0.10096221763640642,0.03303610295522958,1
1.000006667,30.002,11.461,4.1989,0.09904871,1,1.5396419850941883,0.3792980843340047,-0.01870202853344381,0.5225120343780145,0.4352139442134649,0.06898851324222051,0.032977798157371584,4
1.000006667,10.003,-8.4805,4.1932,0.104952667,1,0.6898005645654187,0.455096971487219,0.003508120291226078,-0.08120940685505047,0.4733478514617309,0.14460012026363983,0.013375982033321633,1
1.000006667,10.003,25.53,4.1413,0.214278571,1,1.736162928482788,0.324271240059752,0.0032921949785668404,0.6589452629955486,0.414706172067672,0.12564987603225744,0.03244762865826487,4
1.000006667,10.002,25.692,4.1977,0.097475152,1,1.7333714378096547,0.3408787399693392,0.0010442285158205778,0.6816628040513024,0.4015655616763979,0.06488282490638085,0.03244762865826487,4
1.000006667,10.002,40.249,4.1909,0.206903448,1,1.8148829654651537,0.29798391268705016,0.0032921949785668404,0.7351747915940359,0.38164451860822735,0.11652893334976397,0.03210302298888564,4
1.000006667,10.002,40.249,4.1909,0.206903448,1,1.8148829654651537,0.29582506043836476,0.012503266794956289,0.7261208662902936,0.39522606250597164,0.11327480776235462,0.03303610295522958,1
1.000006667,2.001,40.352,4.1846,0.107146429,1,1.9086770520824399,0.3004212490250939,0.05576547306904103,0.7293884598650038,0.3910000538965687,0.10156185470405035,0.03303610295522958,1
1.000006667,30.003,26.039,4.1922,0.111111111,1,1.6898241833087717,0.262769421885896,-0.04019687335239723,0.6803655850503127,0.4974331889837049,0.054777168361470105,0.03938641984481364,3
1.000006667,2.001,40.352,4.1846,0.107146429,1,1.9086770520824399,0.3153453583654482,0.043226409513736144,0.7434819969674572,0.36586605723947285,0.06893516967480537,0.03210302298888564,4
1.000006667,2.002,26.017,4.1954,0.500027778,1,1.8363774436482816,0.2643302718104678,0.05869217997416854,0.6874174990609754,0.41630835355492307,0.08054564794525504,0.03999598388094455,3
1.000006667,30.003,-18.221,4.1912,0.095797879,1,-0.2923295989631487,0.3324680880634696,-0.018946253305475693,-0.8419460304500536,0.35490878571989015,0.09851308442419394,0.013375982033321633,1
1.000006667,30.001,40.09,4.1931,0.214278571,1,1.7649152824160634,0.31418728808639573,-0.020466454160923603,0.7131989151798188,0.4057686049561016,0.11234577369876206,0.03303610295522958,1
1.000006667,10.003,-8.4805,4.1932,0.104952667,1,0.6898005645654187,0.45477459028363226,-0.0010208093689288945,-0.11003093494102359,0.4478884563362226,0.07951247894205153,0.013513288381509482,4
1.000006667,30.001,40.09,4.1931,0.214278571,1,1.7649152824160634,0.29364443585742267,-0.0152568181080278,0.713887316758046,0.4184414891130291,0.09968204364180565,0.040456568752415475,5
1.000006667,30.003,-18.221,4.1912,0.095797879,1,-0.2923295989631487,0.26572092867456376,-0.01521223109215498,-0.8782569584739395,0.40559754124144093,0.03165025649010204,0.015812084251083432,5
1.000006667,30.001,40.09,4.1931,0.214278571,1,1.7649152824160634,0.2627822215502965,-0.009095206086058169,0.7137451973289717,0.4506735062994994,0.11620435652323068,0.039849569112993775,3
1.000006667,30.003,-18.221,4.1912,0.095797879,1,-0.2923295989631487,0.30157470277976245,-0.01612427684245631,-0.8592426291853189,0.3485905929422006,0.0459005968994461,0.013513288381509482,4
1.000006667,30.003,-18.221,4.1912,0.095797879,1,-0.2923295989631487,0.26572092867456376,-0.01521223109215498,-0.8782569584739395,0.40559754124144093,0.03165025649010204,0.015812084251083432,5
1.000006667,2.002,26.017,4.1954,0.500027778,1,1.8363774436482816,0.30240717858891003,0.04532334299525246,0.6606400179548655,0.39722150353249164,0.1112267895694822,0.04053849374409765,5
1.000006667,30.002,11.461,4.1989,0.09904871,1,1.5396419850941883,0.36118803285440665,-0.015719677637389396,0.5313682282529771,0.46170312986010686,0.09596775798592716,0.03360191464424133,1
1.000006667,10.002,25.692,4.1977,0.097475152,1,1.7333714378096547,0.32713908466888825,0.010709609956829808,0.6883151681767776,0.39892391093773766,0.09322109469212592,0.03303610295522958,1
1.000006667,30.002,11.461,4.1989,0.09904871,1,1.5396419850941883,0.32743058414431286,-0.017807411291869357,0.5616112418612466,0.4850766117032617,0.05136781409732066,0.040527297058142724,5
1.000003333,30.003,-8.1392,4.1994,0.005288438,1,0.8646037105170399,0.3523789696089807,-0.023435588955762796,-0.1545223683095537,0.4628525305248331,-0.22881023006746545,0.013975490652956068,3
1.000003333,10.003,-18.434,4.1975,0.0081075,1,-0.32088654854930454,0.2571336583024822,0.0007908704603323713,-0.7996141051058657,0.34551584244705735,-0.20820663221180438,0.007594764628447592,2
1.000003333,30.003,-8.1392,4.1994,0.005288438,1,0.8646037105170399,0.3523789696089807,-0.023435588955762796,-0.1545223683095537,0.4628525305248331,-0.22881023006746545,0.013975490652956068,3
1.000003333,2.003,-7.6553,4.1939,0.009250625,1,0.7390424600394939,0.3639288126269821,0.052213401864282784,-0.08866398585378192,0.39356798499822615,-0.22870748657733203,0.00786142491735518,2
1.000003333,2.003,-7.6553,4.1939,0.009250625,1,0.7390424600394939,0.38835192626487697,0.05475802011118503,-0.13858889211900532,0.42770647143828683,-0.16951853756210766,0.010103295246372,1
1.000003333,2.003,-7.6553,4.1939,0.009250625,1,0.7390424600394939,0.3442773428253713,0.048438497878378256,-0.14880803824635222,0.4832998635468539,-0.20036158192669973,0.013975490652956068,3
1.000003333,10.003,-18.434,4.1975,0.0081075,1,-0.32088654854930454,0.2665271801082417,0.003566886712796986,-0.9044673148496076,0.36753844942664726,-0.041223272132920104,0.015812084251083432,5
1.000003333,30.003,-8.1392,4.1994,0.005288438,1,0.8646037105170399,0.37322951400652526,-0.025417066251393408,-0.10375775825581514,0.4154339953884482,-0.2368357637990266,0.005796441328711808,2
1.000003333,10.003,-18.434,4.1975,0.0081075,1,-0.32088654854930454,0.2966554115517647,-0.0020091303272056393,-0.8268743887240998,0.3127762973716017,-0.13128358525922523,0.010103295246372,1
1.000003333,30.003,-8.1392,4.1994,0.005288438,1,0.8646037105170399,0.4314103282464202,-0.03331909193424508,-0.12088859145413153,0.4458478671964258,-0.15480716173537076,0.011729466845281422,4
1.000003333,30.003,-8.1392,4.1994,0.005288438,1,0.8646037105170399,0.39179956555279205,-0.0214329888150678,-0.1414303572382778,0.4396223878802266,-0.17383165392326191,0.010103295246372,1
1.000003333,2.003,-7.6553,4.1939,0.009250625,1,0.7390424600394939,0.42627816838794386,0.03934958467958495,-0.07235997036099434,0.4776628052489832,0.01128568394924514,0.016078340522944927,5
1.000003333,10.003,-18.434,4.1975,0.0081075,1,-0.32088654854930454,0.29562449699966237,0.001675471100024879,-0.8655287860822863,0.33588895983062683,-0.1406056101922877,0.011729466845281422,4
1.000003333,2.003,-7.6553,4.1939,0.009250625,1,0.7390424600394939,0.43373431031941434,0.05386168602621183,-0.10837867225869559,0.4371423149574548,-0.13652558844187296,0.011729466845281422,4
1.000003333,30.003,-8.1392,4.1994,0.005288438,1,0.8646037105170399,0.39179956555279205,-0.0214329888150678,-0.1414303572382778,0.4396223878802266,-0.17383165392326191,0.010103295246372,1
1.000003333,30.003,-8.1392,4.1994,0.005288438,1,0.8646037105170399,0.4150250665075146,-0.01818172000814229,-0.08502944928593933,0.48722066907212136,-0.016538787606405096,0.015812084251083432,5
1.000003333,30.003,-8.1392,4.1994,0.005288438,1,0.8646037105170399,0.37322951400652526,-0.025417066251393408,-0.10375775825581514,0.4154339953884482,-0.2368357637990266,0.005796441328711808,2
1.000003333,10.003,-18.434,4.1975,0.0081075,1,-0.32088654854930454,0.24538117121177494,-0.0006455827795434743,-0.8207067428878508,0.3682676984195132,-0.18575521242804827,0.013975490652956068,3
1.000003333,30.003,-8.1392,4.1994,0.005288438,1,0.8646037105170399,0.4314103282464202,-0.03331909193424508,-0.12088859145413153,0.4458478671964258,-0.15480716173537076,0.011729466845281422,4
1.000003333,30.003,-8.1392,4.1994,0.005288438,1,0.8646037105170399,0.4150250665075146,-0.01818172000814229,-0.08502944928593933,0.48722066907212136,-0.016538787606405096,0.015812084251083432,5
1.000000111,10.002,-8.0474,4.135,0.0,2,0.2314657518398563,0.3315829925076105,0.0013831639976706355,-0.12229661646997556,0.4472445503610652,-0.3429419640870765,-0.032877904439810667,3
1.000000111,10.002,-8.0474,4.135,0.0,2,0.2314657518398563,0.39610269239288753,0.0044917432498186825,-0.12633970073773526,0.40317238060291855,-0.3360729640210047,-0.013595439735800028,4
1.000000111,10.002,-8.0474,4.135,0.0,2,0.2314657518398563,0.3305251576984301,-0.005661737883929163,-0.09673062220099382,0.4127534685470164,-0.34338463030755517,-0.013626593230292201,2
1.000000111,10.002,-8.0474,4.135,0.0,2,0.2314657518398563,0.38003062503645196,-0.003880994754144922,-0.09459128798451275,0.4116934754885733,-0.3137572711170651,-0.031809046629350635,5
1.000000111,10.002,-8.0474,4.135,0.0,2,0.2314657518398563,0.35635645046742864,-0.0027045730347163045,-0.12046284340089188,0.40663850391400047,-0.3693909460469149,-0.006207731547765434,1
1.000000097,10.002,-18.568,4.136,0.0,2,-0.6913722524834717,0.23552891112631186,0.000651041156379506,-0.767384694730863,0.3624850714125205,-0.26719476622762156,-0.032877904439810667,3
1.000000097,10.002,-18.568,4.136,0.0,2,-0.6913722524834717,0.23568609891925008,-0.0026194479543482883,-0.7652935994626023,0.3317839212017134,-0.2987989189196378,-0.013626593230292201,2
1.000000097,10.002,-18.568,4.136,0.0,2,-0.6913722524834717,0.28191167324694105,-0.0014041213490418158,-0.7686345543875359,0.29685084009193813,-0.28437932779779657,-0.006207731547765434,1
1.000000097,10.002,-18.568,4.136,0.0,2,-0.6913722524834717,0.2884145127609372,0.0007927997433580459,-0.7832020076899789,0.3278822915907949,-0.24217220133170486,-0.013595439735800028,4
1.000000097,10.002,-18.568,4.136,0.0,2,-0.6913722524834717,0.264849862116389,-0.0009115058381576091,-0.8001765850139781,0.32194598907837646,-0.24241049442673102,-0.031809046629350635,5
1.000000088,10.002,26.2,4.1558,0.0,2,1.1390397838181077,0.24362039215513506,0.004653980394359678,0.711141760442406,0.37189844079548495,-0.2338791687064804,-0.10820563575252891,2
1.000000088,10.002,26.2,4.1558,0.0,2,1.1390397838181077,0.3128014676435851,0.004188321153633296,0.700175357303815,0.3208064053428825,-0.22420367765182164,-0.10701001774519682,4
1.000000088,10.002,26.2,4.1558,0.0,2,1.1390397838181077,0.2691066126796068,0.005663424549275078,0.7066276456462219,0.3281074487755541,-0.23984509344678373,-0.10416020329343155,1
1.000000088,10.001,39.394,4.1276,0.0,2,1.2687394332242485,0.2681652431367547,0.009050597710884177,0.728358461051248,0.3281074487755541,-0.23938051710370928,-0.10416020329343155,1
1.000000088,10.002,26.2,4.1558,0.0,2,1.1390397838181077,0.2690221491549164,0.000945721281459555,0.6583240852656309,0.3379916273825802,-0.2046947332273703,-0.1513586744456552,5
1.000000088,10.001,39.394,4.1276,0.0,2,1.2687394332242485,0.2285237751773093,0.010529647681396455,0.746709856451489,0.3595662277378142,-0.23275176868075506,-0.10966014645062387,2
1.000000088,10.001,39.394,4.1276,0.0,2,1.2687394332242485,0.2678029486129526,0.002496405750280246,0.6946624378638808,0.3376601435081102,-0.2046947332273703,-0.1513586744456552,5
1.000000088,10.001,39.394,4.1276,0.0,2,1.2687394332242485,0.31246291555231437,0.004865425447933376,0.700175357303815,0.32046785319573245,-0.22420367765182164,-0.10701001774519682,4
1.000000088,10.001,39.394,4.1276,0.0,2,1.2687394332242485,0.23112637617625295,0.01864199853152968,0.7475379300524946,0.36757661422947424,-0.20916611131862736,-0.145670916212257,3
1.000000088,10.002,26.2,4.1558,0.0,2,1.1390397838181077,0.23112637617625295,0.004793984821299091,0.710016589317238,0.3777909426460974,-0.20958335327566602,-0.145670916212257,3
1.000000086,10.001,1.2544,4.1379,0.0,2,0.6188294893292615,0.3526354030740913,-0.0023303102853242308,0.2659779944131151,0.40873619860503824,-0.20433340727351607,-0.1361510756588541,5
1.000000086,10.001,1.2544,4.1379,0.0,2,0.6188294893292615,0.30947152943117545,0.006217526950640604,0.2499252702796366,0.4456944615556859,-0.23791797684738414,-0.14865845727035776,3
1.000000086,10.001,1.2544,4.1379,0.0,2,0.6188294893292615,0.3225180597990402,0.0026839048418332823,0.2743706302670762,0.40326625856687315,-0.26419474160298706,-0.08598878154531121,1
1.000000086,10.001,1.2544,4.1379,0.0,2,0.6188294893292615,0.2923931087483652,0.00021392940310761333,0.21505658613867126,0.4123364537511952,-0.28038621654966844,-0.08338472872972488,2
1.000000086,10.001,1.2544,4.1379,0.0,2,0.6188294893292615,0.36694694715552034,0.006385812452062965,0.26335301784449255,0.39457644415088,-0.24456943917728494,-0.10957969906274229,4
1.000000026,30.002,25.575,4.1568,0.0,2,1.122275883554729,0.24366327565629034,-0.030411085097584875,0.6717930712469388,0.4140943225217052,-0.20222260507871398,-0.14589524805778636,3
1.000000026,30.002,25.575,4.1568,0.0,2,1.122275883554729,0.2824218977839337,-0.01896671109163435,0.6882334851752967,0.34304989061434754,-0.23307268283329904,-0.10416020329343155,1
1.000000026,30.002,25.575,4.1568,0.0,2,1.122275883554729,0.3243404188659042,-0.026162918247282504,0.6631285359303001,0.35397348016500474,-0.23027237720263657,-0.10701001774519682,4
1.000000026,30.002,25.575,4.1568,0.0,2,1.122275883554729,0.2846920392289758,-0.01973095261841081,0.6149051679030526,0.34381770104868337,-0.2030230263841804,-0.15004787456709892,5
1.000000026,30.002,25.575,4.1568,0.0,2,1.122275883554729,0.2596042061317712,-0.03247904215473682,0.6700373423378915,0.3822158908029087,-0.23538431878434493,-0.10058447369374335,2
1.000000023,10.001,11.066,4.1395,0.0,2,0.865317643903607,0.3658656883449294,0.003799158502370119,0.4972177630953956,0.3708363976236433,-0.228653575698263,-0.10862404928077013,4
1.000000023,10.001,11.066,4.1395,0.0,2,0.865317643903607,0.31698821868631055,-0.0014270531258080154,0.4714708155300468,0.39019307401264086,-0.21391719223465772,-0.14777674531331286,5
1.000000023,10.001,11.066,4.1395,0.0,2,0.865317643903607,0.3099276160253794,0.004587637474178337,0.529134428598918,0.3821260542154778,-0.24254848772659898,-0.10536479332251475,1
1.000000023,10.001,11.066,4.1395,0.0,2,0.865317643903607,0.2922026742622256,0.0072144758747890595,0.5004066469916143,0.42493392614880576,-0.2355083354492672,-0.1486384804849513,3
1.000000023,10.001,11.066,4.1395,0.0,2,0.865317643903607,0.3048297777888365,0.0015791318635456264,0.47631149990018457,0.38660246319836006,-0.25142667776206507,-0.12001090547069908,2
1.000000022,2.002,25.756,4.1557,0.0,2,1.1955076583894886,0.31246291555231437,0.04717491114512086,0.6991624242358375,0.31662181904888714,-0.22375883198168595,-0.10701001774519682,4
1.000000022,2.002,25.756,4.1557,0.0,2,1.1955076583894886,0.23683493263088168,0.05453583079040982,0.705254325431306,0.3760059282067232,-0.20866859002271668,-0.14589524805778636,3
1.000000022,2.002,25.756,4.1557,0.0,2,1.1955076583894886,0.26221557363547615,0.05638997613394167,0.7037387308990583,0.32719778844271785,-0.2351263302064035,-0.10416020329343155,1
1.000000022,2.002,25.756,4.1557,0.0,2,1.1955076583894886,0.2760275797068607,0.040128014370566234,0.6515017718693707,0.33328838873887434,-0.2046947332273703,-0.1513586744456552,5
1.000000022,2.002,25.756,4.1557,0.0,2,1.1955076583894886,0.2377805557253305,0.05943893011426553,0.7134084768546746,0.3629643947258592,-0.23334584780270234,-0.10966014645062387,2
1.0,10.001,0.74664,4.1905,0.0,3,0.753321624435513,0.3564280712476466,0.005168847544118762,0.18704112865612843,0.39976969515904787,-0.2677374927466735,-0.06605773736722767,4
1.0,10.002,1.1537,4.1909,0.0,3,0.769850922651474,0.3590966794244014,-0.003880994754144922,0.2659779944131151,0.403387542408891,-0.20433340727351607,-0.1357130116946064,5
1.0,10.002,1.0175,4.1912,0.0,3,0.7738843877663737,0.3590966794244014,-0.003880994754144922,0.2659779944131151,0.403387542408891,-0.20433340727351607,-0.1357130116946064,5
1.0,2.002,-17.519,4.1952,0.010046562,1,-0.3027418591739367,0.2649724069389049,0.028643050531391056,-0.8910221420088783,0.3732797608035617,-0.041325678314315155,0.016078340522944927,5
1.0,10.002,1.1537,4.1909,0.0,3,0.769850922651474,0.36568932789377867,0.005708708157762885,0.2635737671109382,0.39491499629803,-0.24456943917728494,-0.10820427699014544,4
1.0,10.003,0.62361,4.1911,0.0,2,1.045926611478008,0.34240705486532536,-0.004419370385294314,0.052745592473074795,0.3675288588937838,-0.3407641710806638,-0.020818300493992865,1
1.0,10.001,0.74664,4.1905,0.0,3,0.753321624435513,0.34346300726901974,0.008916303428413812,0.054864015928469595,0.3675288588937838,-0.33404789011459796,-0.020818300493992865,1
1.0,10.003,0.62361,4.1911,0.0,2,1.045926611478008,0.3788449726218823,0.0044917432498186825,0.08930750273750164,0.3659494556300342,-0.3065350224799477,-0.041848827092908325,4
1.0,10.002,1.1356,4.1906,0.0,3,0.7618630799729476,0.3222277307152399,-0.000703268319775816,0.2793062255391851,0.40326625856687315,-0.265452834572643,-0.08598878154531121,1
1.0,10.003,0.38608,4.1906,0.0,3,0.7551406381147816,0.35372093548678096,-0.004419370385294314,0.016027092868462205,0.3581987155613024,-0.35265767900273204,-0.012414850015193223,1
1.0,2.002,1.0467,4.1969,0.007075,1,1.440544066197948,0.36985747825936416,0.03934958467958495,0.2925618557352573,0.48451363724423574,-0.0006445876776706428,0.03744299189187586,5
1.0,10.002,1.1356,4.1906,0.0,3,0.7618630799729476,0.3590966794244014,-0.003880994754144922,0.2659779944131151,0.403387542408891,-0.20433340727351607,-0.1357130116946064,5
1.0,10.002,1.1537,4.1909,0.0,3,0.769850922651474,0.3222277307152399,-0.000703268319775816,0.2793062255391851,0.40326625856687315,-0.265452834572643,-0.08598878154531121,1
1.0,10.002,1.0175,4.1912,0.0,3,0.7738843877663737,0.36568932789377867,0.005708708157762885,0.2635737671109382,0.39491499629803,-0.24456943917728494,-0.10820427699014544,4
1.0,10.002,1.0175,4.1912,0.0,3,0.7738843877663737,0.3222277307152399,-0.000703268319775816,0.2793062255391851,0.40326625856687315,-0.265452834572643,-0.08598878154531121,1
1.0,2.002,-17.519,4.1952,0.010046562,1,-0.3027418591739367,0.2619516028207727,0.041012619652901774,-0.7865846914355643,0.3349678258039057,-0.20701878149062394,0.00786142491735518,2
1.0,10.003,0.62361,4.1911,0.0,2,1.045926611478008,0.2988611668371595,-0.007991523706587032,0.022665334545308724,0.4270424874790478,-0.31652403564658016,-0.04493956785881892,3
1.0,10.002,1.0175,4.1912,0.0,3,0.7738843877663737,0.31830815215827896,0.0012758490710984916,0.2459358740353491,0.44869536814512684,-0.23791797684738414,-0.1422886073240079,3
1.0,10.001,0.74664,4.1905,0.0,3,0.753321624435513,0.30445876346202566,0.006217526950640604,0.030790168737294153,0.421347434107447,-0.31652403564658016,-0.06100530041148886,3
1.0,2.002,1.0467,4.1969,0.007075,1,1.440544066197948,0.3249612326847273,0.04781881947419606,0.30094760699314066,0.4897222444857471,-0.19531416868325324,0.037838620664551854,3
1.0,10.002,1.1356,4.1906,0.0,3,0.7618630799729476,0.3131105574290268,0.0012758490710984916,0.2514476149098482,0.4491137947817333,-0.23791797684738414,-0.1522974847466685,3
1.0,10.002,1.1537,4.1909,0.0,3,0.769850922651474,0.3131105574290268,0.0012758490710984916,0.2514476149098482,0.4491137947817333,-0.23791797684738414,-0.1522974847466685,3
1.0,10.003,0.38608,4.1906,0.0,3,0.7551406381147816,0.3781586148752831,-0.0018738324393052608,0.09020492906216532,0.36800818355754017,-0.2775704273348674,-0.09232225717511028,5
1.0,10.003,0.62361,4.1911,0.0,2,1.045926611478008,0.3004158725263551,-0.005661737883929163,0.1135515372583177,0.4014163696253672,-0.3042897942173295,-0.04688563178293407,2
1.0,10.003,0.38608,4.1906,0.0,3,0.7551406381147816,0.3772488013433758,0.0044917432498186825,0.051467501498991625,0.36262937997467815,-0.31946843955898657,-0.022791174771264196,4
1.0,2.002,1.0467,4.1969,0.007075,1,1.440544066197948,0.31334267153404655,0.052213401864282784,0.18010815062909388,0.41789960619527844,-0.2595988588174805,0.021852444913238286,2
1.0,10.002,1.1356,4.1906,0.0,3,0.7618630799729476,0.2923931087483652,-0.005661737883929163,0.21505658613867126,0.4172909306129441,-0.28091953745344656,-0.08193021803162992,2
1.0,10.002,1.1356,4.1906,0.0,3,0.7618630799729476,0.36568932789377867,0.005708708157762885,0.2635737671109382,0.39491499629803,-0.24456943917728494,-0.10820427699014544,4
1.0,2.002,1.0467,4.1969,0.007075,1,1.440544066197948,0.3334509183085174,0.04884641040262068,0.3152735837199725,0.44992259741178714,-0.10504129694425501,0.02633124851505272,1
1.0,10.003,0.62361,4.1911,0.0,2,1.045926611478008,0.35534439732553436,-0.0018738324393052608,0.24850477367173882,0.40524972061626613,-0.2148517092084512,-0.1348402757802978,5
1.0,2.002,-17.519,4.1952,0.010046562,1,-0.3027418591739367,0.3070497936196625,0.03797830143477768,-0.8307600759505295,0.3374985406314954,-0.12503510488313624,0.011729466845281422,4
1.0,10.002,1.0175,4.1912,0.0,3,0.7738843877663737,0.2923931087483652,-0.005661737883929163,0.18612050457275472,0.40977258650120346,-0.29421182627556847,-0.08193021803162992,2
1.0,10.002,1.1537,4.1909,0.0,3,0.769850922651474,0.2923931087483652,-0.005661737883929163,0.21505658613867126,0.4172909306129441,-0.28091953745344656,-0.08193021803162992,2
1.0,2.002,-17.519,4.1952,0.010046562,1,-0.3027418591739367,0.2422980022171396,0.03017230616998859,-0.808377084180247,0.404957707739668,-0.13354600413702428,0.013975490652956068,3
1.0,10.003,0.38608,4.1906,0.0,3,0.7551406381147816,0.32019817375112325,-0.005661737883929163,0.08095761293894611,0.3959057739423588,-0.3042897942173295,-0.03615888907574117,2
1.0,2.002,1.0467,4.1969,0.007075,1,1.440544066197948,0.38220160075696186,0.04957796950591728,0.3059080164844636,0.43166446812450887,-0.13240610366978217,0.031488022706471386,4
1.0,10.003,0.38608,4.1906,0.0,3,0.7551406381147816,0.30024534339318054,-0.007991523706587032,0.014660612029256299,0.4373020614602137,-0.31652403564658016,-0.04857859533512965,3
1.0,10.001,0.74664,4.1905,0.0,3,0.753321624435513,0.3004158725263551,0.00021392940310761333,0.1135515372583177,0.3964618927636184,-0.3037564733135514,-0.04834014248102903,2
1.0,10.001,0.74664,4.1905,0.0,3,0.753321624435513,0.3578774788824376,-0.0023303102853242308,0.2659779944131151,0.403056058534421,-0.20433340727351607,-0.1357130116946064,5
1.0,2.002,-17.519,4.1952,0.010046562,1,-0.3027418591739367,0.29342231820482995,0.048268585200712553,-0.8164577629091219,0.3179465298762079,-0.12110663402243517,0.010103295246372,1
0.999996667,10.003,-18.284,4.1978,0.000766364,1,-0.33565353421018096,0.2630154060013592,0.0021008953684940935,-0.89693022408057,0.36144255634164435,-0.11836430695955641,0.013104211078025401,5
0.999996667,10.003,-18.284,4.1978,0.000766364,1,-0.33565353421018096,0.2269798726189765,-0.0022390415996778757,-0.8273742954968475,0.3669732971221674,-0.2794285150733776,0.013975490652956068,3
0.999996667,10.003,-18.284,4.1978,0.000766364,1,-0.33565353421018096,0.27140038585203,-0.00310727479722118,-0.8354177541541867,0.3048867970390711,-0.21777226891135798,0.006480013761902228,1
0.999996667,10.003,-18.284,4.1978,0.000766364,1,-0.33565353421018096,0.25300930918892844,0.0007908704603323713,-0.8038366533746012,0.34551584244705735,-0.22803664434701204,0.007594764628447592,2
0.999996667,10.003,-18.284,4.1978,0.000766364,1,-0.33565353421018096,0.2857513953465968,0.0013173626875504852,-0.8495049029239453,0.32815061067231,-0.19899375775130465,0.008599998564459383,4
0.999993333,2.002,-19.24,4.1882,0.0,1,-0.5122711490993389,0.22887453977949918,0.03709563007811084,-0.8437050018762239,0.3154543526005,-0.28198308775085024,0.008599998564459383,4
0.999993333,23.346,0.89952,4.199,0.038223056,1,-1.3615542714934818,0.35428164696932074,-0.015129695470968728,0.029624959018547087,0.3946671888732817,-0.1772573086619377,0.015159774384228513,1
0.999993333,2.001,25.999,4.1961,0.004444,1,1.7844557171279982,0.2704282279254403,0.06457041948800907,0.7649780242377893,0.3889713664143346,-0.1704714706260711,0.027544876933097838,2
0.999993333,2.002,-19.24,4.1882,0.0,1,-0.5122711490993389,0.22736203237174776,0.03595597149454988,-0.8412900828185957,0.3640459496167023,-0.27408747716574,0.013975490652956068,3
0.999993333,2.002,-19.24,4.1882,0.0,1,-0.5122711490993389,0.2544643503395491,0.04717044073069701,-0.8246762509900145,0.29236454066471196,-0.3039019048155751,0.006480013761902228,1
0.999993333,23.346,0.89952,4.199,0.038223056,1,-1.3615542714934818,0.30301543378009227,-0.0127219701098511,0.03676868899317924,0.4797294745233376,-0.21327241419581697,0.023226283458061516,3
0.999993333,2.001,25.999,4.1961,0.004444,1,1.7844557171279982,0.25929732480522943,0.05335549094132148,0.7744951070949901,0.42755431241123004,-0.14173595248372295,0.0368427218683064,3
0.999993333,2.001,25.999,4.1961,0.004444,1,1.7844557171279982,0.2951822316402104,0.04417630071518943,0.7023395738343242,0.41418929015053435,-0.003357096908148378,0.0402127411402762,5
0.999993333,2.001,25.999,4.1961,0.004444,1,1.7844557171279982,0.29328582698479294,0.04805758250178769,0.7377056599280332,0.35171601306064987,-0.13648445363447537,0.030663807122036816,4
0.999993333,23.346,0.89952,4.199,0.038223056,1,-1.3615542714934818,0.37037559801945463,0.0005973977968096733,0.27770369230769576,0.5031142053101212,0.0532151971233543,0.03717673562001437,5
0.999993333,2.002,-19.24,4.1882,0.0,1,-0.5122711490993389,0.2406853464723099,0.025495939099928363,-0.8796376082953066,0.3143610520637594,-0.2656360742659308,0.013370467349886894,5
0.999993333,23.346,0.89952,4.199,0.038223056,1,-1.3615542714934818,0.3122243695764337,-0.03170100581599399,0.17066486134310252,0.42909222273156045,-0.18502066761255265,0.022783947945572435,4
0.999993333,2.001,25.999,4.1961,0.004444,1,1.7844557171279982,0.2678481300469139,0.05638997613394167,0.7495381457637995,0.36451846700743773,-0.17235792369698175,0.026140134683810174,1
0.999993333,2.002,-19.24,4.1882,0.0,1,-0.5122711490993389,0.23415743782534265,0.041012619652901774,-0.8269958418165334,0.3278230573423207,-0.3098211757000536,0.00786142491735518,2
0.999993333,23.346,0.89952,4.199,0.038223056,1,-1.3615542714934818,0.3207134479098022,-0.023445304583292456,0.058916588228894395,0.4086116712726653,-0.27318540928419677,0.012706890353001654,2
0.99999,2.004,40.381,4.1865,0.05484129,1,1.856476176494843,0.30184814987354913,0.043226409513736144,0.7510144821787254,0.3702826587110758,0.0684966963896295,0.03210302298888564,4
0.99999,10.004,-17.572,4.1981,0.000344333,1,-0.35131379688646003,0.21343825007526904,-0.005654355944716372,-0.8083178024902008,0.36543125007417987,-0.2878992999647744,0.013975490652956068,3
0.99999,2.004,40.381,4.1865,0.05484129,1,1.856476176494843,0.31797759492794286,0.03954172241908964,0.7281820540735499,0.3917339393938892,0.0924200652714353,0.03303610295522958,1
0.99999,10.004,-17.572,4.1981,0.000344333,1,-0.35131379688646003,0.26038196444511413,0.0021008953684940935,-0.872372942646034,0.33339038310572505,-0.16297288579051383,0.013104211078025401,5
0.99999,10.004,-17.572,4.1981,0.000344333,1,-0.35131379688646003,0.2549823344731703,-0.01785626214405056,-0.7837491790135391,0.3416490831691772,-0.2526884913817048,0.005796441328711808,2
0.99999,2.003,-19.469,4.1888,0.0,1,-0.5445686961874937,0.22887453977949918,0.03709563007811084,-0.8437050018762239,0.3154543526005,-0.28198308775085024,0.008599998564459383,4
0.99999,2.004,40.381,4.1865,0.05484129,1,1.856476176494843,0.2589331042661797,0.05995106095680967,0.772587363361381,0.4612726412084885,0.05170222874730825,0.029540901593863963,2
0.99999,2.004,40.381,4.1865,0.05484129,1,1.856476176494843,0.25378299286792755,0.05712998029310256,0.7375347106170375,0.4673396144318394,0.05115195815917104,0.03938641984481364,3
0.99999,2.004,40.381,4.1865,0.05484129,1,1.856476176494843,0.2876776234281715,0.04417630071518943,0.7431694051867817,0.42737267662538214,0.05326609910931438,0.0402127411402762,5
0.99999,2.002,-18.723,4.189,0.0,1,-0.5670401961062186,0.21374538323580056,0.03595597149454988,-0.8412900828185957,0.3531190094270278,-0.2831652432563715,0.013975490652956068,3
0.99999,10.004,-17.572,4.1981,0.000344333,1,-0.35131379688646003,0.2427262946171686,-0.004754519481211901,-0.823232872702647,0.32484331413637846,-0.22530236778431573,0.008599998564459383,4
0.99999,2.003,-19.469,4.1888,0.0,1,-0.5445686961874937,0.21374538323580056,0.03595597149454988,-0.8412900828185957,0.3531190094270278,-0.2831652432563715,0.013975490652956068,3
0.99999,2.002,-18.723,4.189,0.0,1,-0.5670401961062186,0.22887453977949918,0.03709563007811084,-0.8437050018762239,0.3154543526005,-0.28198308775085024,0.008599998564459383,4
0.99999,10.004,-17.572,4.1981,0.000344333,1,-0.35131379688646003,0.271185414045176,-0.007217047539015766,-0.8299213183997199,0.3052059651131276,-0.2292685537529178,0.006480013761902228,1
0.99999,2.002,-18.723,4.189,0.0,1,-0.5670401961062186,0.23415743782534265,0.041012619652901774,-0.8269958418165334,0.3278230573423207,-0.3098211757000536,0.00786142491735518,2
0.99999,2.002,-18.723,4.189,0.0,1,-0.5670401961062186,0.2406853464723099,0.025495939099928363,-0.8796376082953066,0.3143610520637594,-0.2656360742659308,0.013370467349886894,5
0.99999,2.003,-19.469,4.1888,0.0,1,-0.5445686961874937,0.23415743782534265,0.041012619652901774,-0.8269958418165334,0.3278230573423207,-0.3098211757000536,0.00786142491735518,2
0.99999,2.003,-19.469,4.1888,0.0,1,-0.5445686961874937,0.2406853464723099,0.025495939099928363,-0.8796376082953066,0.3143610520637594,-0.2656360742659308,0.013370467349886894,5
0.99999,2.003,-19.469,4.1888,0.0,1,-0.5445686961874937,0.2544643503395491,0.04717044073069701,-0.8246762509900145,0.29236454066471196,-0.3039019048155751,0.006480013761902228,1
0.99999,2.002,-18.723,4.189,0.0,1,-0.5670401961062186,0.2544643503395491,0.04717044073069701,-0.8246762509900145,0.29236454066471196,-0.3039019048155751,0.006480013761902228,1
0.999893333,2.002,-18.987,4.1869,0.0,1,-0.4833513057256756,0.23415743782534265,0.041012619652901774,-0.8269958418165334,0.3278230573423207,-0.3098211757000536,0.00786142491735518,2
0.999893333,2.002,-18.987,4.1869,0.0,1,-0.4833513057256756,0.22887453977949918,0.03709563007811084,-0.8437050018762239,0.3154543526005,-0.28198308775085024,0.008599998564459383,4
0.999893333,2.002,-18.987,4.1869,0.0,1,-0.4833513057256756,0.2544643503395491,0.04717044073069701,-0.8246762509900145,0.29236454066471196,-0.3039019048155751,0.006480013761902228,1
0.999893333,2.002,-18.987,4.1869,0.0,1,-0.4833513057256756,0.21374538323580056,0.03595597149454988,-0.8412900828185957,0.3531190094270278,-0.2831652432563715,0.013975490652956068,3
0.999893333,2.002,-18.987,4.1869,0.0,1,-0.4833513057256756,0.2406853464723099,0.025495939099928363,-0.8796376082953066,0.3143610520637594,-0.2656360742659308,0.013370467349886894,5
0.99984,2.002,-8.6702,4.1773,0.0,1,0.3338855037408944,0.3358883640510612,0.053659875641169495,-0.17569388633826746,0.40215220497571863,-0.38891352306469346,0.006480013761902228,1
0.99984,2.002,-8.6702,4.1773,0.0,1,0.3338855037408944,0.32948585190577434,0.052213401864282784,-0.17970106443855913,0.39943834735546263,-0.36576402189210055,0.00786142491735518,2
0.99984,2.002,-8.6702,4.1773,0.0,1,0.3338855037408944,0.3460340775246732,0.052979014669544994,-0.18906054190243593,0.3891253300430253,-0.3693338095431682,0.008599998564459383,4
0.99984,2.002,-8.6702,4.1773,0.0,1,0.3338855037408944,0.353669502082048,0.03620247324812226,-0.19050238226540386,0.41082322009373456,-0.3425737347244285,0.013370467349886894,5
0.99984,2.002,-8.6702,4.1773,0.0,1,0.3338855037408944,0.3204765564293484,0.04881987337837927,-0.1974921543279197,0.44238411828060636,-0.3589124411158264,0.013975490652956068,3
0.999693333,10.003,-18.348,4.1942,0.0,1,-0.6888608490817655,0.22921309185912833,0.0007927997433580459,-0.836008308341261,0.31963893889449535,-0.286030149795115,0.008599998564459383,4
0.999693333,10.003,-18.348,4.1942,0.0,1,-0.6888608490817655,0.24224011964164674,0.00041977528133429586,-0.8685254997015,0.31879803439602256,-0.26553366804728284,0.013104211078025401,5
0.999693333,10.003,-18.348,4.1942,0.0,1,-0.6888608490817655,0.21336322348302927,-0.0022390415996778757,-0.8273742954968475,0.3560463569324929,-0.2885062811640091,0.013975490652956068,3
0.999693333,10.003,-18.348,4.1942,0.0,1,-0.6888608490817655,0.2576974437237368,-0.00310727479722118,-0.8204004318197258,0.29290803701267576,-0.31407885605236513,0.006480013761902228,1
0.999693333,10.003,-18.348,4.1942,0.0,1,-0.6888608490817655,0.23847776625072584,0.0007908704603323713,-0.8159334479388781,0.33837107398547234,-0.311009026421234,0.007594764628447592,2
0.99962,10.003,-7.8549,4.1686,0.0,1,0.1256961293385963,0.3270776312542148,-0.0022514194692485035,-0.13551122093456797,0.4137205647304654,-0.3555947378091514,0.007594764628447592,2
0.99962,10.003,-7.8549,4.1686,0.0,1,0.1256961293385963,0.30784089707507517,-0.009407931544119492,-0.18417862069560215,0.43784467356163076,-0.364253479023464,0.013975490652956068,3
0.99962,10.003,-7.8549,4.1686,0.0,1,0.1256961293385963,0.3321422237288789,-0.004407726482895669,-0.17222872007405385,0.4026957012398634,-0.3990904743014835,0.006480013761902228,1
0.99962,10.003,-7.8549,4.1686,0.0,1,0.1256961293385963,0.3574208837072365,-0.002549713634653017,-0.1629402057826519,0.4085455203219317,-0.3368804447376169,0.013104211078025401,5
0.99962,10.003,-7.8549,4.1686,0.0,1,0.1256961293385963,0.33690127069246956,0.0044917432498186825,-0.17914600128657185,0.3949290276551619,-0.37993091250304134,0.008599998564459383,4
0.998856667,30.001,-8.4896,4.1815,0.0,1,0.3626936874876324,0.34102303919760746,-0.016216196038585623,-0.17853535142261534,0.4061722076230217,-0.3933326963544823,0.006480013761902228,1
0.998856667,30.001,-8.4896,4.1815,0.0,1,0.3626936874876324,0.3342540948686656,-0.03137559280730784,-0.19448758898186497,0.395783750587143,-0.38602129282196984,0.008599998564459383,4
0.998856667,30.001,-8.4896,4.1815,0.0,1,0.3626936874876324,0.31887242621713086,-0.012909740144968963,-0.2002171642682515,0.44574651518487374,-0.3636464978242293,0.013975490652956068,3
0.998856667,30.001,-8.4896,4.1815,0.0,1,0.3626936874876324,0.3560503000486642,-0.00918487406685017,-0.1872782961418852,0.4142225155164488,-0.3405864825635217,0.013104211078025401,5
0.998856667,30.001,-8.4896,4.1815,0.0,1,0.3626936874876324,0.3325473616411909,-0.023445304583292456,-0.17854831408709287,0.41037408384028823,-0.3749411182012409,0.005796441328711808,2
0.997816667,30.003,-18.496,4.1803,0.0,1,-0.6034412344838797,0.2383044079085812,-0.022374776321812534,-0.8116000193427317,0.33578414302319287,-0.3180123910680413,0.005796441328711808,2
0.997816667,30.003,-18.496,4.1803,0.0,1,-0.6034412344838797,0.24201711386907845,-0.011131169581785798,-0.8661914308415726,0.32196532062720506,-0.2592610725318082,0.013104211078025401,5
0.997816667,30.003,-18.496,4.1803,0.0,1,-0.6034412344838797,0.258794911619334,-0.017766833713685627,-0.8185995529964566,0.29646984094870277,-0.3058794487104751,0.006480013761902228,1
0.997816667,30.003,-18.496,4.1803,0.0,1,-0.6034412344838797,0.2130865046728286,-0.019383880595560187,-0.8233245378057472,0.36014980342355557,-0.27923792716814205,0.013975490652956068,3
0.997816667,30.003,-18.496,4.1803,0.0,1,-0.6034412344838797,0.22866887072566897,-0.019747998707462102,-0.8238399547873996,0.3217437359225005,-0.28648382099694575,0.008599998564459383,4
0.997453333,30.003,-18.444,4.1862,0.0,1,-0.6133231114667724,0.258794911619334,-0.017766833713685627,-0.8185995529964566,0.29646984094870277,-0.3058794487104751,0.006480013761902228,1
0.997453333,30.003,-18.444,4.1862,0.0,1,-0.6133231114667724,0.24201711386907845,-0.011131169581785798,-0.8661914308415726,0.32196532062720506,-0.2592610725318082,0.013104211078025401,5
0.997453333,30.003,-18.444,4.1862,0.0,1,-0.6133231114667724,0.2383044079085812,-0.022374776321812534,-0.8116000193427317,0.33578414302319287,-0.3180123910680413,0.005796441328711808,2
0.997453333,30.003,-18.444,4.1862,0.0,1,-0.6133231114667724,0.22866887072566897,-0.019747998707462102,-0.8238399547873996,0.3217437359225005,-0.28648382099694575,0.008599998564459383,4
0.997453333,30.003,-18.444,4.1862,0.0,1,-0.6133231114667724,0.2130865046728286,-0.019383880595560187,-0.8233245378057472,0.36014980342355557,-0.27923792716814205,0.013975490652956068,3
0.951268758,10.002,2.4254,3.6991,8.87,3,0.7445429062442612,0.36885280039627105,0.010763037051074207,0.1545365317631513,0.03548556605586782,0.07569109028903767,-0.12640980591997505,5
0.951268758,10.002,2.4254,3.6991,8.87,3,0.7445429062442612,0.32169905095361173,0.002198121827095747,0.20998084553750232,0.037039645890472456,0.1200273872539401,-0.08704469000454992,2
0.951268758,10.002,2.4254,3.6991,8.87,3,0.7445429062442612,0.3435336109995842,0.013344879588112235,0.19110032896860502,0.09238622810691595,0.09258760633296333,-0.1087407631718088,3
0.951268758,10.002,2.4254,3.6991,8.87,3,0.7445429062442612,0.3337924162321724,0.01205674014869146,0.19283071857644246,0.06227359597090981,0.06275326318456792,-0.09514819364529103,4
0.951268758,10.002,2.4254,3.6991,8.87,3,0.7445429062442612,0.34421078401384875,0.015963030515995343,0.21281537658302113,0.11068035767879338,0.04341141812968999,-0.10660400579683482,1
0.950986816,10.002,2.2157,3.7753,9.000671429,3,0.7501185786089755,0.3199056640593335,3.617599839344621e-05,0.22244504715083166,0.12457931799232029,0.10513761403039097,-0.10757188892457634,2
0.950986816,10.002,2.2157,3.7753,9.000671429,3,0.7501185786089755,0.37622875383123755,0.010763037051074207,0.18759276969823988,0.1271104967989959,0.07569109028903767,-0.147910947073251,5
0.950986816,10.002,2.2157,3.7753,9.000671429,3,0.7501185786089755,0.3434754619910382,0.015963030515995343,0.2444729755469598,0.19860667939065024,0.034795835204422476,-0.12444900791160762,1
0.950986816,10.002,2.2157,3.7753,9.000671429,3,0.7501185786089755,0.34338810984045265,0.013344879588112235,0.19884362544748002,0.17855682192835956,0.09398150664172135,-0.1289351871155668,3
0.950986816,10.002,2.2157,3.7753,9.000671429,3,0.7501185786089755,0.33679565283702684,0.01205674014869146,0.20657933899899944,0.11941570048671565,0.06275326318456792,-0.1217259233025834,4
0.95069791,10.002,1.7753,3.8583,5.998809524,3,0.7545079377046011,0.37100412817904727,0.010763037051074207,0.20940954813733698,0.23510629732394592,0.07907669518957845,-0.14764426675625145,5
0.95069791,10.002,1.7753,3.8583,5.998809524,3,0.7545079377046011,0.3322351365839131,0.011820201751543209,0.23114158636890353,0.2516587073028495,0.04150359490304254,-0.13160095493309198,4
0.95069791,10.002,1.7753,3.8583,5.998809524,3,0.7545079377046011,0.34231519504683094,0.015986318320792635,0.2427673603943549,0.26390926549443977,0.03688715875148773,-0.14059474932961166,1
0.95069791,10.002,1.7753,3.8583,5.998809524,3,0.7545079377046011,0.34338810984045265,0.013344879588112235,0.22493395564029925,0.24557380858343095,0.09751552454661577,-0.16157567838323303,3
0.95069791,10.002,1.7753,3.8583,5.998809524,3,0.7545079377046011,0.3199056640593335,-0.0001925910380668938,0.2557575110218022,0.26178814095794223,0.10521383226383478,-0.10757188892457634,2
0.950395078,10.002,2.047,3.9525,3.000014286,3,0.7607163104794958,0.36249538701726125,0.007671643428329844,0.23446879350813105,0.34429659105371685,0.04411022098734975,-0.14126435447484254,1
0.950395078,10.002,2.047,3.9525,3.000014286,3,0.7607163104794958,0.31842873217538,-0.007584850860293955,0.2508540563250426,0.3323811025347095,0.09808052672538907,-0.10757188892457634,2
0.950395078,10.002,2.047,3.9525,3.000014286,3,0.7607163104794958,0.3411238312162459,0.0018614385917317122,0.21321527265477924,0.33994882820159544,0.058197821181965995,-0.13160095493309198,4
0.950395078,10.002,2.047,3.9525,3.000014286,3,0.7607163104794958,0.34387522911652924,0.005747946482151747,0.20577610452543013,0.35320644901134074,0.09424868597416207,-0.16345302593079394,3
0.950395078,10.002,2.047,3.9525,3.000014286,3,0.7607163104794958,0.3699470229097642,-0.0009837501356378198,0.1930067845666781,0.3525934843695723,0.09016128738294356,-0.14969958323985338,5
0.950191862,10.001,41.578,4.0496,1.000056,2,1.2487403943135509,0.24204067932325415,0.011361643073614687,0.6789698358858004,0.3431477406877093,0.0745068294601515,-0.12124183467589318,2
0.950191862,10.001,41.578,4.0496,1.000056,2,1.2487403943135509,0.2750903080229182,0.006626709480769932,0.643291392425308,0.33534841136075555,0.09462338770274073,-0.1653452459909022,5
0.950191862,10.001,41.578,4.0496,1.000056,2,1.2487403943135509,0.27080184792284856,0.00396929927286692,0.644899339992553,0.30691040530335156,0.06606982061057351,-0.13014824143610895,4
0.950191862,10.001,41.578,4.0496,1.000056,2,1.2487403943135509,0.28533583612879737,0.01389684662630316,0.640784335215576,0.3230359719996341,0.042999757588841024,-0.13715785089181737,1
0.950191862,10.001,41.578,4.0496,1.000056,2,1.2487403943135509,0.2430598716507666,0.02427377252606675,0.6540525942936074,0.3419229934341274,0.06515599089674652,-0.15892994039924815,3
0.950176946,2.002,26.408,4.0351,0.999863,2,1.1966840724430592,0.2710409711289685,0.04425831810105592,0.5937915815378073,0.33367261635372414,0.10021568936295808,-0.1653452459909022,5
0.950176946,2.002,26.408,4.0351,0.999863,2,1.1966840724430592,0.27612570258788766,0.05808264446619432,0.6298622414842248,0.32455948113230987,0.09153592882095836,-0.13715785089181737,1
0.950176946,2.002,26.408,4.0351,0.999863,2,1.1966840724430592,0.28666035131784157,0.045474375976482406,0.6162547439429908,0.30842758842743934,0.06773833679675591,-0.13040669568814336,4
0.950176946,2.002,26.408,4.0351,0.999863,2,1.1966840724430592,0.23989951801253484,0.05869217997416854,0.6230500388506335,0.3399939222703688,0.08647538121789694,-0.15829010611167177,3
0.950176946,2.002,26.408,4.0351,0.999863,2,1.1966840724430592,0.25240948866005053,0.06027092550648376,0.6180116021167487,0.34399927960010246,0.07492268484551459,-0.12124183467589318,2
0.950113133,10.001,0.98904,4.0327,1.000134286,3,0.7663710703954819,0.34048022981733084,0.0020016186276916414,0.17505291307810694,0.3777189183419978,0.05591662351391278,-0.10621990045532584,4
0.950113133,10.001,0.98904,4.0327,1.000134286,3,0.7663710703954819,0.3463967281533405,0.011849300945177674,0.18970948664355092,0.40481870145071297,0.0910782013530843,-0.15344414850813337,3
0.950113133,10.001,0.98904,4.0327,1.000134286,3,0.7663710703954819,0.3602955092559569,0.009065223259676713,0.21741765619488432,0.39272959044668826,0.0423005149140954,-0.11898642914369702,1
0.950113133,10.001,0.98904,4.0327,1.000134286,3,0.7663710703954819,0.3687278223678004,0.0017999934451654554,0.19836694062221796,0.40134616969386117,0.0944700795353856,-0.14969958323985338,5
0.950113133,10.001,0.98904,4.0327,1.000134286,3,0.7663710703954819,0.3378987515252084,0.0010459247953258455,0.17965781223610974,0.3903728500800207,0.10647947337478399,-0.0949664169549942,2
0.950013333,10.003,-8.4938,4.0767,0.0,1,0.24252001400923429,0.3327207199833356,-0.004990748048294335,-0.18288174258545042,0.3801250521792099,-0.3666709579713643,0.0032528725452721117,2
0.950013333,10.003,-8.4938,4.0767,0.0,1,0.24252001400923429,0.31851798780233365,-0.007884208780014888,-0.20208543543471025,0.4435506746603642,-0.364253479023464,0.013975490652956068,3
0.950013333,10.003,-8.4938,4.0767,0.0,1,0.24252001400923429,0.3419825705711264,0.0044917432498186825,-0.18971131830825472,0.3780605138046667,-0.37338087158743294,0.008599998564459383,4
0.950013333,10.003,-8.4938,4.0767,0.0,1,0.24252001400923429,0.3391214572582976,-0.004407726482895669,-0.18094574820948764,0.3905311398126651,-0.3990904743014835,0.006480013761902228,1
0.950013333,10.003,-8.4938,4.0767,0.0,1,0.24252001400923429,0.3560503000486642,-0.002549713634653017,-0.18961236495524644,0.41180627008667214,-0.34247132850578055,0.013104211078025401,5
0.95001,10.002,1.0574,4.0941,0.214267857,1,1.4919074945836048,0.3607066271780059,0.0013245143333915621,0.29557954700198025,0.46225362503435463,0.13932206309982575,0.033271844242699446,4
0.95001,10.002,1.6218,4.0864,0.214282143,1,1.442218960601828,0.3720989355328493,0.0013143338705413044,0.2566242573503405,0.4778425945946947,0.10738420628826134,0.037768744495697316,5
0.95001,10.002,1.6218,4.0864,0.214282143,1,1.442218960601828,0.3472003251078422,0.006907623065635562,0.278391445298912,0.49895135313738137,0.1292907154862769,0.040991882677190006,3
0.95001,10.002,1.0574,4.0941,0.214267857,1,1.4919074945836048,0.34452422941540134,0.006907623065635562,0.27270474179764276,0.5073141522379592,0.1292907154862769,0.040991882677190006,3
0.95001,10.002,1.6218,4.0864,0.214282143,1,1.442218960601828,0.3447358860005625,-0.004306537266820669,0.29932790052029307,0.49737244098912925,0.1457507628481835,0.027255611084401606,2
0.95001,10.002,1.6218,4.0864,0.214282143,1,1.442218960601828,0.3607066271780059,0.0013245143333915621,0.29633057952392844,0.4575736649427563,0.14325099061825314,0.033271844242699446,4
0.95001,10.002,1.6218,4.0864,0.214282143,1,1.442218960601828,0.3603569128108211,0.006136573925905395,0.3243370040110312,0.4753233828651719,0.12294969101436436,0.034132053068606186,1
0.95001,10.002,1.0574,4.0941,0.214267857,1,1.4919074945836048,0.356894108124543,-0.004306537266820669,0.21363069275277666,0.4847437372757122,0.1487466026376933,0.024276843322440983,2
0.95001,10.002,1.0574,4.0941,0.214267857,1,1.4919074945836048,0.3720989355328493,0.0013143338705413044,0.2612864207942039,0.4771253384510055,0.10343929876456968,0.037768744495697316,5
0.95001,10.002,1.0574,4.0941,0.214267857,1,1.4919074945836048,0.35021786685334516,0.006136573925905395,0.27994176171487195,0.4753233828651719,0.12294969101436436,0.029603935302002355,1
0.950006667,30.005,11.499,4.0981,0.214282143,1,1.5527619912579158,0.31736550344357967,-0.04016290761996061,0.521288466315018,0.5056248359195888,0.1235901226149872,0.04086114211473614,3
0.950006667,2.002,-9.6907,4.0781,0.0,1,0.5301552129689123,0.3001083667227067,0.052213401864282784,-0.35508405617903915,0.3843776634288952,-0.3433229355281219,0.00786142491735518,2
0.950006667,2.002,-9.6907,4.0781,0.0,1,0.5301552129689123,0.31823418338521153,0.04881987337837927,-0.22343462801887654,0.43605378114269117,-0.3589124411158264,0.013975490652956068,3
0.950006667,30.005,11.499,4.0981,0.214282143,1,1.5527619912579158,0.3272912425152026,-0.020224383337190375,0.5405318090273067,0.4627520223718602,0.10766831169719808,0.0410373809421435,5
0.950006667,2.003,0.96689,4.0757,0.214285714,1,1.479904084689131,0.35422645655926316,0.043506695331307126,0.2331577988481149,0.4419019228499383,0.14242410639941228,0.02806388960685581,4
0.950006667,2.003,0.96689,4.0757,0.214285714,1,1.479904084689131,0.3536592401028611,0.049673447154928,0.21734768706723118,0.4462771488679573,0.17475222966633738,0.023632287825457753,2
0.950006667,2.003,0.96689,4.0757,0.214285714,1,1.479904084689131,0.3456738098198548,0.04790586476243334,0.2789474024460651,0.46184237773297354,0.12148449300671928,0.029603935302002355,1
0.950006667,2.002,-9.6907,4.0781,0.0,1,0.5301552129689123,0.3229949846933596,0.052979014669544994,-0.3001289867411833,0.3883468003384769,-0.3597313284117263,0.008599998564459383,4
0.950006667,30.005,11.499,4.0981,0.214282143,1,1.5527619912579158,0.3536160393990576,-0.022550587551668288,0.4928440242167562,0.4805209360877052,0.1354407061310485,0.03178669674322009,2
0.950006667,2.002,-9.6907,4.0781,0.0,1,0.5301552129689123,0.3325687937965267,0.053659875641169495,-0.2069857264892198,0.3964445999648888,-0.3797016504162457,0.006480013761902228,1
0.950006667,2.003,0.96689,4.0757,0.214285714,1,1.479904084689131,0.3697181375988293,0.04049662695964798,0.2591881724074483,0.4731393559509888,0.10738420628826134,0.037768744495697316,5
0.950006667,30.005,11.499,4.0981,0.214282143,1,1.5527619912579158,0.3573493718192913,-0.025642369333654644,0.49979449332226067,0.4572662098053843,0.13537342883995734,0.032977798157371584,4
0.950006667,30.005,11.499,4.0981,0.214282143,1,1.5527619912579158,0.3456389886024408,-0.02463718972780043,0.5269733166135847,0.4745540859620087,0.11197826954070479,0.03360191464424133,1
0.950006667,2.003,0.96689,4.0757,0.214285714,1,1.479904084689131,0.3497218241446535,0.05315550850704312,0.2597587769490201,0.49365477948449554,0.13906318854773417,0.038562772390432654,3
0.950006667,2.002,-9.6907,4.0781,0.0,1,0.5301552129689123,0.32737019779975524,0.03620247324812226,-0.27931061725132167,0.40743818022776396,-0.32619583171559496,0.013370467349886894,5
0.950003333,2.004,10.717,4.0821,0.214285714,1,1.6217118108843138,0.3511524832737632,0.049592957322020084,0.48551754960324617,0.44785585461184385,0.1467322028707713,0.032163364347070456,2
0.950003333,10.003,39.789,4.1011,0.214282143,1,1.7911552947435185,0.3047546545905061,0.003229721169336699,0.7161961076501757,0.3959695148537867,0.11480590645223857,0.03303610295522958,1
0.950003333,10.003,25.935,4.0857,0.214282143,1,1.7182973881747334,0.303607474102173,0.0032921949785668404,0.6967319110268727,0.38820588678121565,0.1350272802973632,0.03244762865826487,4
0.950003333,2.003,-8.4618,4.0758,0.0,1,0.5550273948665321,0.3416440184914973,0.052979014669544994,-0.18522356982226484,0.3738759275851771,-0.3693338095431682,0.008599998564459383,4
0.950003333,10.003,-7.926,4.0886,0.214278571,1,1.1656938945212216,0.4356986022973433,0.004290222185954917,-0.07777586826356128,0.4772500099078752,0.155880691728089,0.013375982033321633,1
0.950003333,10.003,-7.926,4.0886,0.214278571,1,1.1656938945212216,0.4259246272523887,0.0015601088549010455,-0.07995191817637533,0.47584060091641733,0.13897113193408586,0.016322168135084213,5
0.950003333,10.003,25.935,4.0857,0.214282143,1,1.7182973881747334,0.28866318328422497,0.0060091810114681725,0.6876560598611832,0.43877067119581625,0.1290707808174193,0.029969275342300535,2
0.950003333,10.003,39.789,4.1011,0.214282143,1,1.7911552947435185,0.25661452353204367,0.00753567605977878,0.7222677586425561,0.42816637388663364,0.1197257440816611,0.039849569112993775,3
0.950003333,2.003,-8.4618,4.0758,0.0,1,0.5550273948665321,0.3358883640510612,0.053659875641169495,-0.17743168082321062,0.3899876435485203,-0.38891352306469346,0.006480013761902228,1
0.950003333,10.003,39.789,4.1011,0.214282143,1,1.7911552947435185,0.2922087107517291,0.0032921949785668404,0.7174435982620344,0.38820588678121565,0.13347395976888948,0.03210302298888564,4
0.950003333,10.003,-7.926,4.0886,0.214278571,1,1.1656938945212216,0.3951464391217451,-0.0009540609270334244,-0.09893062117276713,0.4930119683663361,0.16616316118976102,0.01712875266559422,3
0.950003333,10.003,-7.926,4.0886,0.214278571,1,1.1656938945212216,0.41835810678079727,0.0012271570938173681,-0.0944896984938532,0.4686371671082452,0.17080035575199873,0.013513288381509482,4
0.950003333,2.003,-8.4618,4.0758,0.0,1,0.5550273948665321,0.3210369123608689,0.04881987337837927,-0.1974921543279197,0.4325494289875496,-0.34835894126445055,0.012696324498392642,3
0.950003333,10.003,25.935,4.0857,0.214282143,1,1.7182973881747334,0.31133998260600493,0.003229721169336699,0.6858915414009243,0.3959357835794799,0.11391768063418567,0.03303610295522958,1
0.950003333,10.003,25.935,4.0857,0.214282143,1,1.7182973881747334,0.3011679860437289,0.006386824890505523,0.6580761028977576,0.4091520830907393,0.10745558951050044,0.040456568752415475,5
0.950003333,2.003,-8.4618,4.0758,0.0,1,0.5550273948665321,0.32948585190577434,0.0608192570740357,-0.17970106443855913,0.37696168789407236,-0.3606347380951047,0.005071010831743479,2
0.950003333,2.004,10.717,4.0821,0.214285714,1,1.6217118108843138,0.3369761576713063,0.03699409357679542,0.528938495379407,0.4397588021703996,0.11476465646061115,0.03360191464424133,1
0.950003333,2.003,-8.4618,4.0758,0.0,1,0.5550273948665321,0.353669502082048,0.03620247324812226,-0.18704844989813865,0.40736928770784286,-0.3425737347244285,0.013370467349886894,5
0.950003333,2.004,10.717,4.0821,0.214285714,1,1.6217118108843138,0.34052386714727617,0.0413998841191642,0.49132491020020097,0.45326037528458984,0.1105834160267841,0.04000399630982429,5
0.950003333,10.003,39.789,4.1011,0.214282143,1,1.7911552947435185,0.2720889358606655,0.0060091810114681725,0.7402908143494278,0.43098430164391177,0.1286549254320562,0.029969275342300535,2
0.950003333,2.004,10.717,4.0821,0.214285714,1,1.6217118108843138,0.35352214934770015,0.04440810903091915,0.5028051222208887,0.4343898438569158,0.13534267599170563,0.032977798157371584,4
0.950003333,10.003,39.789,4.1011,0.214282143,1,1.7911552947435185,0.2917817576834932,0.006386824890505523,0.719526057295734,0.40645612332853487,0.10745558951050044,0.040456568752415475,5
0.950003333,2.004,10.717,4.0821,0.214285714,1,1.6217118108843138,0.3184101329438272,0.05415245743119158,0.521065633930266,0.4921286673704162,0.12797566522378476,0.0405894942348823,3
0.950003333,10.003,-7.926,4.0886,0.214278571,1,1.1656938945212216,0.4030900804325938,-0.004306537266820669,-0.07618942761677318,0.4664987204130739,0.16304020337294786,0.010285823326557874,2
0.950003333,10.003,25.935,4.0857,0.214282143,1,1.7182973881747334,0.2623230800332385,0.00753567605977878,0.683945522151189,0.4353622088371776,0.11930850212462246,0.03999598388094455,3
0.950000111,10.003,-7.063,4.0469,0.0,2,0.26981684998625255,0.3141768791084178,-0.009407931544119492,-0.09950694045051932,0.3904361856507603,-0.34126913486514243,-0.02003475393401459,3
0.950000111,10.003,-7.063,4.0469,0.0,2,0.26981684998625255,0.32237110584042966,-0.006388993265572935,-0.07856923999614082,0.370719748516567,-0.33359789015725255,0.005032080877572298,2
0.950000111,10.003,-7.063,4.0469,0.0,2,0.26981684998625255,0.3466644868918229,0.0044917432498186825,-0.12274369759834372,0.3566450643679127,-0.3588862763950601,-0.013595439735800028,4
0.950000111,10.003,-7.063,4.0469,0.0,2,0.26981684998625255,0.363309462426696,0.001567017313791439,-0.08261890467721969,0.36007879122160374,-0.3052451527956873,-0.02826148835942149,5
0.950000111,10.003,-7.063,4.0469,0.0,2,0.26981684998625255,0.3458593986849883,-0.0028843008828698656,-0.056807119527366015,0.3683617211657111,-0.3515797380916774,-0.001623290553689003,1
0.950000097,10.002,-17.091,4.0172,0.0,2,-0.6618736700901929,0.2540641590580344,-0.0003311997326090932,-0.7451281726988964,0.25451834209263324,-0.2702681851387024,-0.013595439735800028,4
0.950000097,10.002,-17.091,4.0172,0.0,2,-0.6618736700901929,0.2224726179218851,0.000651041156379506,-0.7496917298203334,0.3105789192218799,-0.2700898633454926,-0.02003475393401459,3
0.950000097,10.002,-17.091,4.0172,0.0,2,-0.6618736700901929,0.2754530075090588,-0.0010203539844951593,-0.7401706834719516,0.2657476791145746,-0.2938891809224151,-0.01707613474223763,1
0.950000097,10.002,-17.091,4.0172,0.0,2,-0.6618736700901929,0.25179148244671523,-0.008063219777541234,-0.7546922966232523,0.2764004572527483,-0.2579227482690476,-0.027730064077768474,5
0.950000097,10.002,-17.091,4.0172,0.0,2,-0.6618736700901929,0.24482437191996723,-0.0033467033359920605,-0.7137767957383767,0.29820198482833804,-0.2953095755632967,0.005032080877572298,2
0.950000088,10.002,27.814,4.0783,0.0,2,1.1360987486841818,0.2678749140063883,0.005663424549275078,0.7073532485449686,0.31594288734835574,-0.24107679213862865,-0.10416020329343155,1
0.950000088,10.002,27.814,4.0783,0.0,2,1.1360987486841818,0.2534141906630248,0.000945721281459555,0.6828193916904275,0.32546672185126224,-0.21510003892588428,-0.1513586744456552,5
0.950000088,10.002,27.814,4.0783,0.0,2,1.1360987486841818,0.2715819309814833,0.004188321153633296,0.700175357303815,0.311704941712087,-0.24701699002587701,-0.10701001774519682,4
0.950000088,10.002,27.814,4.0783,0.0,2,1.1360987486841818,0.23462671690271236,0.004653980394359678,0.7201354359323159,0.37189844079548495,-0.2338791687064804,-0.10820563575252891,2
0.950000088,10.002,27.814,4.0783,0.0,2,1.1360987486841818,0.21750972704030574,0.004793984821299091,0.7263864654616918,0.36199808268109335,-0.21824387733475306,-0.145670916212257,3
0.95,10.003,-7.8865,4.0801,0.214303571,1,0.9393877456502869,0.41693051846697926,0.0012271570938173681,-0.09416601849719881,0.46276633490342645,0.17777509588049725,0.013513288381509482,4
0.95,30.003,40.31,4.1019,0.214285714,1,1.7381169719539817,0.2586007367793354,-0.04185605525271967,0.7075788621220273,0.45799213524209337,0.11548585962504149,0.039849569112993775,3
0.95,30.001,25.249,4.098,0.214278571,1,1.6716794939334036,0.3041424501873553,-0.030813460508361458,0.6450674458732828,0.45485229487298057,0.13127003000117837,0.029800223987549543,2
0.95,2.002,-8.4607,4.0702,0.201501212,1,1.2139029384462372,0.40338941844063814,0.049673447154928,-0.09443940090481191,0.44831877001095566,0.16020520801190286,0.009641267829574645,2
0.95,30.001,25.249,4.098,0.214278571,1,1.6716794939334036,0.32257429814198985,-0.02034477960463846,0.6711097145453095,0.41619436610257254,0.11118332283571362,0.03271211371291429,1
0.95,2.001,-7.6663,4.0587,0.214282143,1,1.0721789569712483,0.3998552123724949,0.049673447154928,-0.06774034075788223,0.424361704075709,0.17617763117421417,0.009641267829574645,2
0.95,30.004,-18.217,4.0796,0.222218519,1,0.0441846016830974,0.2772048402391374,-0.02144653152441606,-0.8215787326451391,0.3836879378091544,0.17832445335574448,0.013513288381509482,4
0.95,30.003,-9.3104,4.1355,0.063956774,1,1.332541292054412,0.4246194530883804,-0.01818172000814229,-0.09656900584697724,0.5199020430538803,0.08692978383391164,0.015812084251083432,5
0.95,30.003,40.31,4.1019,0.214285714,1,1.7381169719539817,0.26897920153918675,-0.034832820892333985,0.7323622145643458,0.43991735760355366,0.13999704064335675,0.02966533332131803,2
0.95,30.001,25.249,4.098,0.214278571,1,1.6716794939334036,0.29862142416852294,-0.007754029410425574,0.6293590517516714,0.4695475754723884,0.11870096541009843,0.03999598388094455,3
0.95,10.003,-7.8865,4.0801,0.214303571,1,0.9393877456502869,0.3951464391217451,-0.0009540609270334244,-0.09893062117276713,0.4775257172319107,0.1308748192130588,0.01712875266559422,3
0.95,30.003,-9.3104,4.1355,0.063956774,1,1.332541292054412,0.4246194530883804,-0.01818172000814229,-0.09656900584697724,0.5199020430538803,0.08692978383391164,0.015812084251083432,5
0.95,30.003,-9.3104,4.1355,0.063956774,1,1.332541292054412,0.4047984084440395,-0.018005388535093515,-0.13909092803485693,0.5170845453860238,0.09165014086756855,0.009286847268231212,2
0.95,2.001,-7.6663,4.0587,0.214282143,1,1.0721789569712483,0.3971050077673863,0.05377518691122532,-0.08883845431962982,0.47142611881019547,0.17446020934497938,0.016850673044100404,3
0.95,30.004,-18.217,4.0796,0.222218519,1,0.0441846016830974,0.27200015205191447,-0.017599304832401685,-0.7874909581476822,0.37375698434654625,0.14268769819755106,0.00998188130557537,2
0.95,30.001,25.249,4.098,0.214278571,1,1.6716794939334036,0.3191574879176915,-0.01974489916115999,0.6555245606927201,0.4283893300499767,0.13627272606478072,0.03244762865826487,4
0.95,10.003,-7.8865,4.0801,0.214303571,1,0.9393877456502869,0.4356986022973433,0.004290222185954917,-0.07976280383067205,0.46483630732400344,0.15637897400418296,0.013375982033321633,1
0.95,30.003,-9.3104,4.1355,0.063956774,1,1.332541292054412,0.4664374306440004,-0.02137498105323175,-0.09069653562270105,0.49705869604600594,0.1339972687442787,0.013375982033321633,1
0.95,30.004,-18.217,4.0796,0.222218519,1,0.0441846016830974,0.27675193979870527,-0.016127121758181602,-0.813335832033772,0.3801794033439364,0.18022952735773287,0.016322168135084213,5
0.95,30.003,-9.3104,4.1355,0.063956774,1,1.332541292054412,0.4412381183658727,-0.02008442674763501,-0.13223709994461388,0.4649462144030258,0.0922889383835718,0.013513288381509482,4
0.95,30.003,-9.3104,4.1355,0.063956774,1,1.332541292054412,0.401513573731936,-0.02994795595004689,-0.09769813567167147,0.5456460035196505,0.09890237922547385,0.01666560339741409,3
0.95,30.003,-9.3104,4.1355,0.063956774,1,1.332541292054412,0.4047984084440395,-0.018005388535093515,-0.13909092803485693,0.5170845453860238,0.09165014086756855,0.009286847268231212,2
0.95,30.004,-18.217,4.0796,0.222218519,1,0.0441846016830974,0.27200015205191447,-0.017599304832401685,-0.7874909581476822,0.37375698434654625,0.14268769819755106,0.00998188130557537,2
0.95,30.004,-18.217,4.0796,0.222218519,1,0.0441846016830974,0.2772048402391374,-0.02144653152441606,-0.8215787326451391,0.3836879378091544,0.17832445335574448,0.013513288381509482,4
0.95,30.004,-18.217,4.0796,0.222218519,1,0.0441846016830974,0.31897515094140544,-0.020585597888275516,-0.8250379768013955,0.35374150414252653,0.1322177723585628,0.013375982033321633,1
0.95,2.002,-8.4607,4.0702,0.201501212,1,1.2139029384462372,0.42310085457982494,0.04404216013965197,-0.0977813068125397,0.4406900487327948,0.15566127810277977,0.013513288381509482,4
0.95,10.003,-7.8865,4.0801,0.214303571,1,0.9393877456502869,0.4276819395576604,0.0015601088549010455,-0.08461408165749162,0.46777129467693157,0.14994528907933272,0.016322168135084213,5
0.95,2.001,-7.6663,4.0587,0.214282143,1,1.0721789569712483,0.41255697163986044,0.04404216013965197,-0.08718563405796885,0.439235464814119,0.16917514899862,0.013513288381509482,4
0.95,2.002,-8.4607,4.0702,0.201501212,1,1.2139029384462372,0.40504153297253653,0.04805897728540003,-0.1032678071805276,0.454524603842292,0.08532866166671738,0.01538643724285066,3
0.95,30.003,-9.3104,4.1355,0.063956774,1,1.332541292054412,0.401513573731936,-0.02994795595004689,-0.09769813567167147,0.5456460035196505,0.09890237922547385,0.01666560339741409,3
0.95,30.003,40.31,4.1019,0.214285714,1,1.7381169719539817,0.298888305145083,-0.023548820912837984,0.7231144917709753,0.39585246227681636,0.13305237288936042,0.03210302298888564,4
0.95,30.004,-18.217,4.0796,0.222218519,1,0.0441846016830974,0.2634435902695986,-0.028551809109630996,-0.8086571666621603,0.3982493230770342,0.1295714595587924,0.01712875266559422,3
0.95,10.003,-7.8865,4.0801,0.214303571,1,0.9393877456502869,0.4030900804325938,-0.004306537266820669,-0.07565311144920997,0.43166673601605,0.13293189223390073,0.010285823326557874,2
0.95,30.004,-18.217,4.0796,0.222218519,1,0.0441846016830974,0.2634435902695986,-0.028551809109630996,-0.8086571666621603,0.3982493230770342,0.1295714595587924,0.01712875266559422,3
0.95,30.003,40.31,4.1019,0.214285714,1,1.7381169719539817,0.2909755062498152,-0.026904867369448766,0.7092251538357232,0.42218769283848817,0.10462241012603045,0.040456568752415475,5
0.95,30.003,40.31,4.1019,0.214285714,1,1.7381169719539817,0.3121311808633618,-0.02774462166853482,0.7138840531557799,0.4138423520955257,0.11292116229888052,0.03303610295522958,1
0.95,2.002,-8.4607,4.0702,0.201501212,1,1.2139029384462372,0.4205200656352099,0.04039422072237357,-0.0813587079429999,0.45495956504251805,0.13969299182645045,0.01617478737840429,5
0.95,30.001,25.249,4.098,0.214278571,1,1.6716794939334036,0.3113396372506395,-0.0152568181080278,0.6315368472924456,0.42462277987156993,0.10453163012862206,0.040456568752415475,5
0.95,30.004,-18.217,4.0796,0.222218519,1,0.0441846016830974,0.27675193979870527,-0.016127121758181602,-0.813335832033772,0.3801794033439364,0.18022952735773287,0.016322168135084213,5
0.95,30.003,-9.3104,4.1355,0.063956774,1,1.332541292054412,0.4412381183658727,-0.02008442674763501,-0.13223709994461388,0.4649462144030258,0.0922889383835718,0.013513288381509482,4
0.95,2.001,-7.6663,4.0587,0.214282143,1,1.0721789569712483,0.4235438292857725,0.04039422072237357,-0.08205016660038382,0.44927970573771747,0.15477714464650488,0.01617478737840429,5
0.95,30.003,-9.3104,4.1355,0.063956774,1,1.332541292054412,0.4664374306440004,-0.02137498105323175,-0.09069653562270105,0.49705869604600594,0.1339972687442787,0.013375982033321633,1
0.95,2.001,-7.6663,4.0587,0.214282143,1,1.0721789569712483,0.43109128481475634,0.048320576320693365,-0.07915450516156852,0.4643505785590969,0.15202039432828315,0.013375982033321633,1
0.95,30.004,-18.217,4.0796,0.222218519,1,0.0441846016830974,0.31897515094140544,-0.020585597888275516,-0.8250379768013955,0.35374150414252653,0.1322177723585628,0.013375982033321633,1
0.95,2.002,-8.4607,4.0702,0.201501212,1,1.2139029384462372,0.4355710666105733,0.048320576320693365,-0.08258804375305771,0.46360712617402894,0.15171760286320932,0.013375982033321633,1
0.949998265,10.002,0.48065,4.0894,0.0,3,0.7477459520707992,0.2885872628842481,0.0012758490710984916,0.01776565970503725,0.426375121466117,-0.32560180166270586,-0.04857859533512965,3
0.949998265,10.002,0.48065,4.0894,0.0,3,0.7477459520707992,0.3145240150252357,-0.005661737883929163,0.08663177157170139,0.3959057739423588,-0.3042897942173295,-0.03615888907574117,2
0.949998265,10.002,0.48065,4.0894,0.0,3,0.7477459520707992,0.36255065638339146,-0.003880994754144922,0.09020492906216532,0.3594566405325895,-0.28863113251980393,-0.09363305705366656,5
0.949998265,10.002,0.48065,4.0894,0.0,3,0.7477459520707992,0.34189523004140937,-0.0027162169371149503,0.04464902675244957,0.3675288588937838,-0.3407641710806638,-0.020818300493992865,1
0.949998265,10.002,0.48065,4.0894,0.0,3,0.7477459520707992,0.3360292646812741,0.0044917432498186825,0.051467501498991625,0.3535279163438827,-0.34228175193304194,-0.022791174771264196,4
0.949998092,10.001,12.928,4.0698,0.0,2,0.8733172594678857,0.30373613578034564,0.003799158502370119,0.6025741016410757,0.3123009762912989,-0.24701699002587701,-0.10746961809694767,4
0.949998092,10.001,12.928,4.0698,0.0,2,0.8733172594678857,0.27520452230004594,0.0037608979432843625,0.5479304109420627,0.35998481607297433,-0.23460852125892415,-0.10907152695581317,2
0.949998092,10.001,12.928,4.0698,0.0,2,0.8733172594678857,0.27862835467327385,0.0072144758747890595,0.5647688203305006,0.38646045489353126,-0.21640269531519152,-0.1429934646305628,3
0.949998092,10.001,12.928,4.0698,0.0,2,0.8733172594678857,0.29230978072970176,-0.005687152809696272,0.5412949881795793,0.3446335623739287,-0.21165133439470082,-0.14866459305630997,5
0.949998092,10.001,12.928,4.0698,0.0,2,0.8733172594678857,0.3075027640620829,0.004587637474178337,0.6129632629221305,0.34661711867549455,-0.24254848772659898,-0.10515795308863744,1
0.94999802,10.003,2.8248,4.0639,0.0,2,0.625887973650684,0.32551287551410496,0.005708708157762885,0.26631144434795717,0.35911720342934134,-0.26886196484032554,-0.10957969906274229,4
0.94999802,10.003,2.8248,4.0639,0.0,2,0.625887973650684,0.2971327632921748,-0.007991523706587032,0.2558282247453462,0.41564983343938366,-0.23450530836125835,-0.14301344141596928,3
0.94999802,10.003,2.8248,4.0639,0.0,2,0.625887973650684,0.325594239050115,-0.00240642176795518,0.29726598131470383,0.3911016971396748,-0.265452834572643,-0.1073496853467077,1
0.94999802,10.003,2.8248,4.0639,0.0,2,0.625887973650684,0.2846792153106071,-0.006388993265572935,0.26746652922942304,0.4014283293345943,-0.2774580292752944,-0.07725880105048417,2
0.94999802,10.003,2.8248,4.0639,0.0,2,0.625887973650684,0.3387604873790406,0.001567017313791439,0.2659779944131151,0.3780969936447218,-0.2015589317958802,-0.12494461854919792,5
0.949996667,30.004,-8.8921,4.0942,0.111107407,1,1.0038153503862084,0.44528970345156266,-0.02328352866694331,-0.12504961354192345,0.47062820150982587,0.11306691447738558,0.013513288381509482,4
0.949996667,30.004,-8.8921,4.0942,0.111107407,1,1.0038153503862084,0.4614270503833541,-0.022154013569524976,-0.0898473190702498,0.4930709321075119,0.14292522873030974,0.013375982033321633,1
0.949996667,30.004,-8.8921,4.0942,0.111107407,1,1.0038153503862084,0.401513573731936,-0.0312036352296127,-0.1008604808873497,0.5420220439950936,0.10694436339428648,0.01666560339741409,3
0.949996667,30.004,-8.8921,4.0942,0.111107407,1,1.0038153503862084,0.44528970345156266,-0.02328352866694331,-0.12504961354192345,0.47062820150982587,0.11306691447738558,0.013513288381509482,4
0.949996667,30.004,-8.8921,4.0942,0.111107407,1,1.0038153503862084,0.4614270503833541,-0.022154013569524976,-0.0898473190702498,0.4930709321075119,0.14292522873030974,0.013375982033321633,1
0.949996667,30.004,-8.8921,4.0942,0.111107407,1,1.0038153503862084,0.4047984084440395,-0.019315695490222426,-0.13879406690597534,0.5150737384008244,0.10344212932977825,0.009286847268231212,2
0.949996667,30.004,-8.8921,4.0942,0.111107407,1,1.0038153503862084,0.4246194530883804,-0.01818172000814229,-0.09589322365820407,0.512859198958613,0.09329684602911584,0.015812084251083432,5
0.949996667,30.004,-8.8921,4.0942,0.111107407,1,1.0038153503862084,0.401513573731936,-0.0312036352296127,-0.1008604808873497,0.5420220439950936,0.10694436339428648,0.01666560339741409,3
0.949996667,30.004,-8.8921,4.0942,0.111107407,1,1.0038153503862084,0.4246194530883804,-0.01818172000814229,-0.09589322365820407,0.512859198958613,0.09329684602911584,0.015812084251083432,5
0.949996667,30.004,-8.8921,4.0942,0.111107407,1,1.0038153503862084,0.4047984084440395,-0.019315695490222426,-0.13879406690597534,0.5150737384008244,0.10344212932977825,0.009286847268231212,2
0.949993333,2.002,-18.56,4.0705,0.0,1,-0.37233372165515544,0.2544643503395491,0.04717044073069701,-0.8194628675584681,0.28715115719591267,-0.3039019048155751,0.006480013761902228,1
0.949993333,2.002,-17.666,4.0506,0.211954688,1,0.15852405965464658,0.3059905995102599,0.04183114141022088,-0.8157265255134553,0.34597434357041496,0.1311764983611647,0.013375982033321633,1
0.949993333,30.002,-9.6513,4.1124,0.214285714,1,1.2356486507899478,0.4439013377437368,-0.015736158128420358,-0.12620102318003773,0.4858807509043254,0.15081537613878027,0.013375982033321633,1
0.949993333,2.003,-17.869,4.0733,0.0,1,-0.38634700483428563,0.2544643503395491,0.04717044073069701,-0.8194628675584681,0.28715115719591267,-0.3039019048155751,0.006480013761902228,1
0.949993333,2.002,-18.56,4.0705,0.0,1,-0.37233372165515544,0.22832145270891488,0.03709563007811084,-0.8437050018762239,0.3002049501426518,-0.28198308775085024,0.008599998564459383,4
0.949993333,2.003,-17.869,4.0733,0.0,1,-0.38634700483428563,0.23574372273869812,0.03709563007811084,-0.8246191642736085,0.3002049501426518,-0.28198308775085024,0.008599998564459383,4
0.949993333,2.002,-17.666,4.0506,0.211954688,1,0.15852405965464658,0.27719440872315315,0.03847266494354699,-0.7793312903726474,0.3552748355967924,0.1841960940277204,0.009641267829574645,2
0.949993333,30.002,-9.6513,4.1124,0.214285714,1,1.2356486507899478,0.4078441596520133,-0.015311927422881127,-0.1417974782269448,0.46265476840082553,0.1879796496918425,0.00998188130557537,2
0.949993333,2.003,-17.869,4.0733,0.0,1,-0.38634700483428563,0.214305739167321,0.03595597149454988,-0.8232967524777632,0.35099906946648846,-0.27261174340499567,0.012696324498392642,3
0.949993333,30.002,-9.6513,4.1124,0.214285714,1,1.2356486507899478,0.4095672105322592,-0.01840365775860846,-0.19902784255798905,0.47146116419695316,0.1669238949101418,0.013513288381509482,4
0.949993333,2.002,-18.56,4.0705,0.0,1,-0.37233372165515544,0.214305739167321,0.03595597149454988,-0.8412900828185957,0.34328432013397103,-0.27261174340499567,0.012696324498392642,3
0.949993333,30.002,-9.6513,4.1124,0.214285714,1,1.2356486507899478,0.4052746824544738,-0.024863460224005395,-0.11126395538216456,0.5030421328986995,0.16319084204966203,0.01712875266559422,3
0.949993333,2.002,-17.666,4.0506,0.211954688,1,0.15852405965464658,0.27403716720175,0.03406505206716247,-0.8302313546510414,0.3407312770467252,0.14831620672601276,0.013513288381509482,4
0.949993333,2.002,-18.56,4.0705,0.0,1,-0.37233372165515544,0.24119918872718699,0.025250164120225235,-0.8796376082953066,0.2984885560977273,-0.25828192359069363,0.012540954609867185,5
0.949993333,2.003,-17.869,4.0733,0.0,1,-0.38634700483428563,0.24119918872718699,0.025250164120225235,-0.8550803268607706,0.30866684986976906,-0.25828192359069363,0.012540954609867185,5
0.949993333,2.002,-17.666,4.0506,0.211954688,1,0.15852405965464658,0.2742461057577748,0.02968768657417968,-0.8256878050998785,0.3466657357453369,0.16472719635232352,0.01617478737840429,5
0.949993333,30.002,-9.6513,4.1124,0.214285714,1,1.2356486507899478,0.4078441596520133,-0.015311927422881127,-0.1417974782269448,0.46265476840082553,0.1879796496918425,0.00998188130557537,2
0.949993333,30.002,-9.6513,4.1124,0.214285714,1,1.2356486507899478,0.3892998362705111,-0.015716927570756524,-0.20468528877012432,0.49071590002742593,0.14852549056871794,0.016322168135084213,5
0.949993333,30.002,-9.6513,4.1124,0.214285714,1,1.2356486507899478,0.3892998362705111,-0.015716927570756524,-0.20468528877012432,0.49071590002742593,0.14852549056871794,0.016322168135084213,5
0.949993333,2.002,-17.666,4.0506,0.211954688,1,0.15852405965464658,0.2649708024944994,0.03550899520283565,-0.81188059653854,0.3686426136526279,0.1781030537141487,0.016850673044100404,3
0.949993333,30.002,-9.6513,4.1124,0.214285714,1,1.2356486507899478,0.4052746824544738,-0.024863460224005395,-0.11126395538216456,0.5030421328986995,0.16319084204966203,0.01712875266559422,3
0.949993333,30.002,-9.6513,4.1124,0.214285714,1,1.2356486507899478,0.4095672105322592,-0.01840365775860846,-0.19902784255798905,0.47146116419695316,0.1669238949101418,0.013513288381509482,4
0.949993333,2.002,-18.56,4.0705,0.0,1,-0.37233372165515544,0.23415743782534265,0.04961847486265469,-0.8269958418165334,0.2935398632776923,-0.3046918919030577,0.005071010831743479,2
0.949993333,2.003,-17.869,4.0733,0.0,1,-0.38634700483428563,0.23415743782534265,0.04961847486265469,-0.8269958418165334,0.30534639788093043,-0.3046918919030577,0.005071010831743479,2
0.949993333,30.002,-9.6513,4.1124,0.214285714,1,1.2356486507899478,0.4439013377437368,-0.015736158128420358,-0.12620102318003773,0.4858807509043254,0.15081537613878027,0.013375982033321633,1
0.94999,10.003,-18.439,4.066,0.2143,1,0.04164434517054606,0.27237646461464465,-0.001652116861077957,-0.791824386776425,0.33381011893507095,0.15949371445458382,0.009326123846694827,2
0.94999,10.003,11.426,4.091,0.111111111,1,1.597425842028052,0.31614548803045184,0.003452289552660659,0.5378058195742779,0.5219092378951609,0.06793734662234784,0.040397992846556006,3
0.94999,10.003,11.426,4.091,0.111111111,1,1.597425842028052,0.3681848100712523,-2.2038429742679e-05,0.5162284310162067,0.43019900464452804,0.07799928521621041,0.032977798157371584,4
0.94999,10.003,-17.253,4.0794,0.2143,1,0.14283588207163625,0.28151473713107406,-0.0012642473372397945,-0.7542301930394024,0.3675018005236052,0.14407816991675645,0.010285823326557874,2
0.94999,10.003,-18.225,4.085,0.103451724,1,0.2223654513492102,0.27181034919572994,-0.003828488070867024,-0.8218546192115173,0.4345561670558527,0.062436276958324016,0.009590789289213718,2
0.94999,10.003,-18.225,4.085,0.103451724,1,0.2223654513492102,0.33311814073385904,0.0036753424772177825,-0.8428976927208714,0.33935108138015496,0.1016725795972161,0.013375982033321633,1
0.94999,10.003,-18.439,4.066,0.2143,1,0.04164434517054606,0.27755819123238323,0.004632004003506154,-0.8284287341195159,0.3416907509113662,0.1946370744740125,0.01588804985396564,5
0.94999,10.003,-17.253,4.0794,0.2143,1,0.14283588207163625,0.3114622706756927,0.005590673871629406,-0.8121464106743224,0.3491971917939372,0.13553507803706452,0.013375982033321633,1
0.94999,10.003,-18.439,4.066,0.2143,1,0.04164434517054606,0.3114622706756927,0.005590673871629406,-0.8268388556246645,0.34348346314625816,0.13553507803706452,0.013375982033321633,1
0.94999,10.003,-17.253,4.0794,0.2143,1,0.14283588207163625,0.27755819123238323,0.004529597770888358,-0.7833174919406883,0.3826392526587006,0.18638997967238538,0.016322168135084213,5
0.94999,2.002,-17.366,4.0285,0.111107407,1,0.04485455944464947,0.3181816963866004,0.0414328068800387,-0.821864550774917,0.32318518036976457,0.10525563854374922,0.013375982033321633,1
0.94999,10.003,-18.225,4.085,0.103451724,1,0.2223654513492102,0.2646645019343123,0.003566886712796986,-0.8799152451450937,0.3922593696718104,0.039216594136087225,0.015812084251083432,5
0.94999,10.003,11.426,4.091,0.111111111,1,1.597425842028052,0.35068159836257107,0.005555051215342246,0.5335162042174488,0.45066139051690696,0.10401500375475735,0.03360191464424133,1
0.94999,2.002,-17.366,4.0285,0.111107407,1,0.04485455944464947,0.2766282933042385,0.0449991163314553,-0.8085283455019817,0.33434477518778294,0.029616881129331887,0.007067035492509604,2
0.94999,2.002,-17.366,4.0285,0.111107407,1,0.04485455944464947,0.2883612758340314,0.031817085604416206,-0.8481540348986164,0.32548747232183817,0.05394056550576352,0.013513288381509482,4
0.94999,10.003,-17.253,4.0794,0.2143,1,0.14283588207163625,0.2735012180381455,0.0034344906068872662,-0.7972373577812687,0.38001022083684804,0.18030122864060105,0.013513288381509482,4
0.94999,10.003,-18.225,4.085,0.103451724,1,0.2223654513492102,0.2543666082221898,0.003128906572237611,-0.847719981430564,0.42756356358760966,0.06556134020909667,0.01666560339741409,3
0.94999,10.003,-18.225,4.085,0.103451724,1,0.2223654513492102,0.2881604172033258,0.0011865241441410034,-0.8609810228226706,0.3484862284408882,0.049125784907955675,0.013513288381509482,4
0.94999,10.003,11.426,4.091,0.111111111,1,1.597425842028052,0.3263741574040614,0.0015006549563258886,0.5604432015074416,0.468412711196579,0.0612406857626047,0.040527297058142724,5
0.94999,10.003,-18.439,4.066,0.2143,1,0.04164434517054606,0.2655258609377779,0.0034344906068872662,-0.8424029638664797,0.3443205798603594,0.18030122864060105,0.013513288381509482,4
0.94999,10.003,11.426,4.091,0.111111111,1,1.597425842028052,0.35088740901090204,-0.005505575540009886,0.5003667847625911,0.5079008802166208,0.06610266427975148,0.031395604726858435,2
0.94999,2.002,-17.366,4.0285,0.111107407,1,0.04485455944464947,0.26310972876497546,0.028397275551687928,-0.8548188932263292,0.3254382302681915,0.010412566115846858,0.015248827782925219,5
0.94999,10.003,-17.253,4.0794,0.2143,1,0.14283588207163625,0.26458864293730583,0.004691106253303588,-0.7947135939844884,0.38973630356835204,0.13451766358222814,0.01712875266559422,3
0.94999,2.002,-17.366,4.0285,0.111107407,1,0.04485455944464947,0.2547487677793833,0.03394679552176967,-0.8468936536437832,0.35266612278530374,0.032864835411310196,0.01498654083814472,3
0.94999,10.003,-18.439,4.066,0.2143,1,0.04164434517054606,0.26458864293730583,0.004691106253303588,-0.8127069243253209,0.36160226103151216,0.14485079790931196,0.016850673044100404,3
0.949986667,2.003,-8.3539,4.0808,0.0,1,0.3684162433675561,0.32948585190577434,0.052213401864282784,-0.17970106443855913,0.39943834735546263,-0.36576402189210055,0.00786142491735518,2
0.949986667,2.003,-9.1055,4.0797,0.0,1,0.43379295493234316,0.32897315510781483,0.052213401864282784,-0.2252084808656946,0.3952104240609333,-0.36775322874076666,0.00786142491735518,2
0.949986667,2.002,25.164,4.0927,0.214285714,1,1.7559825122620363,0.31543408550554886,0.05138301982078701,0.5587508197501302,0.4357870307378471,0.14161970522254705,0.032413747888058425,2
0.949986667,10.002,-8.1267,4.1049,0.067463333,1,1.3666253931733723,0.39389131771371466,0.006751112169586122,-0.08522091677179561,0.5364611033420078,0.09992088218452409,0.01666560339741409,3
0.949986667,2.003,-9.1055,4.0797,0.0,1,0.43379295493234316,0.353669502082048,0.03620247324812226,-0.2003920087404549,0.40743818022776396,-0.3425737347244285,0.013370467349886894,5
0.949986667,2.003,-9.1055,4.0797,0.0,1,0.43379295493234316,0.3387419214998954,0.053659875641169495,-0.18674219533102587,0.3964445999648888,-0.38891352306469346,0.006480013761902228,1
0.949986667,2.003,-9.1055,4.0797,0.0,1,0.43379295493234316,0.34054875569185244,0.052979014669544994,-0.2074153120617848,0.3972455205209553,-0.3693338095431682,0.008599998564459383,4
0.949986667,2.003,-8.3539,4.0808,0.0,1,0.3684162433675561,0.3392802035191562,0.052979014669544994,-0.1773757379676681,0.39074444143567233,-0.3758838504587766,0.008599998564459383,4
0.949986667,2.003,-8.3539,4.0808,0.0,1,0.3684162433675561,0.3358883640510612,0.053659875641169495,-0.17743168082321062,0.3899876435485203,-0.38891352306469346,0.006480013761902228,1
0.949986667,2.003,39.894,4.0961,0.214282143,1,1.8187910524075406,0.256996683163743,0.05869217997416854,0.7257397355523426,0.42330995116150005,0.1191650827229023,0.039849569112993775,3
0.949986667,2.003,-8.3539,4.0808,0.0,1,0.3684162433675561,0.3204765564293484,0.04881987337837927,-0.1974921543279197,0.44238411828060636,-0.3589124411158264,0.013975490652956068,3
0.949986667,2.003,-9.1055,4.0797,0.0,1,0.43379295493234316,0.3204765564293484,0.04881987337837927,-0.1974921543279197,0.44238411828060636,-0.3589124411158264,0.013975490652956068,3
0.949986667,2.003,39.894,4.0961,0.214282143,1,1.8187910524075406,0.2880021129921079,0.05654757496376987,0.7258427647314966,0.39490221230546013,0.11284242616849952,0.03303610295522958,1
0.949986667,2.002,25.164,4.0927,0.214285714,1,1.7559825122620363,0.3350278854765929,0.04440810903091915,0.601535842991434,0.4101730023603886,0.13466771709907335,0.03263146880082786,4
0.949986667,2.002,25.164,4.0927,0.214285714,1,1.7559825122620363,0.3278499346051831,0.0413998841191642,0.5625511037698016,0.44239913920406254,0.10940900405286812,0.04111930593382567,5
0.949986667,2.002,25.164,4.0927,0.214285714,1,1.7559825122620363,0.3317469828063622,0.049809597394778395,0.6155408964096568,0.42803417273098604,0.11476465646061115,0.03332612766884267,1
0.949986667,10.002,-8.1267,4.1049,0.067463333,1,1.3666253931733723,0.40608056718716395,-0.006870778000447899,-0.07755746737471782,0.5170809579826892,0.08481701029930264,0.009590789289213718,2
0.949986667,10.002,-8.1267,4.1049,0.067463333,1,1.3666253931733723,0.42679628818063065,0.00016729159047827125,-0.0663729286333546,0.5052592153567821,0.08588826648541727,0.016078340522944927,5
0.949986667,2.003,39.894,4.0961,0.214282143,1,1.8187910524075406,0.2647714689385612,0.06033353563863784,0.7455127919511869,0.421033220437821,0.12766100941225886,0.030042000925168396,2
0.949986667,2.002,25.164,4.0927,0.214285714,1,1.7559825122620363,0.31360018069593937,0.05415245743119158,0.5689124630647712,0.4712060365476646,0.12272239351645112,0.04086114211473614,3
0.949986667,2.003,39.894,4.0961,0.214282143,1,1.8187910524075406,0.2894009597494733,0.04532334299525246,0.7220899723528419,0.40183480967069046,0.10753751445561648,0.04053849374409765,5
0.949986667,2.003,-8.3539,4.0808,0.0,1,0.3684162433675561,0.353669502082048,0.03620247324812226,-0.18704844989813865,0.40736928770784286,-0.3425737347244285,0.013370467349886894,5
0.949986667,10.002,-8.1267,4.1049,0.067463333,1,1.3666253931733723,0.43673549270257356,-0.0010208093689288945,-0.09056050610728562,0.45819273515138775,0.08786906395107508,0.013513288381509482,4
0.949986667,2.003,39.894,4.0961,0.214282143,1,1.8187910524075406,0.2918701586604584,0.045474375976482406,0.7192053453112021,0.3840213004872203,0.13311439657059965,0.03210302298888564,4
0.949986667,10.002,-8.1267,4.1049,0.067463333,1,1.3666253931733723,0.4568426475129672,0.004078044239722658,-0.07627071821130813,0.4769337863125838,0.13375989800551907,0.013375982033321633,1
0.949983333,10.002,-8.4585,4.1018,0.06713,1,1.3210124355743706,0.40456840834551255,0.006751112169586122,-0.0986428456637077,0.5392059419187717,0.09992088218452409,0.01666560339741409,3
0.949983333,10.002,-8.4585,4.1018,0.06713,1,1.3210124355743706,0.42542570452205836,0.00016729159047827125,-0.0855595158180222,0.512185100261122,0.08778295484720729,0.016078340522944927,5
0.949983333,10.002,-8.4585,4.1018,0.06713,1,1.3210124355743706,0.4423698796518147,-0.0010208093689288945,-0.09619489324279129,0.45819273515138775,0.08786906395107508,0.013513288381509482,4
0.949983333,10.002,-8.4585,4.1018,0.06713,1,1.3210124355743706,0.4638218806698569,0.004078044239722658,-0.08324995186179876,0.4769337863125838,0.13375989800551907,0.013375982033321633,1
0.949983333,10.002,-8.4585,4.1018,0.06713,1,1.3210124355743706,0.4054844635841437,-0.006870778000447899,-0.09791694018989801,0.5190616579493508,0.08861167634371668,0.009590789289213718,2
0.94998,10.002,25.196,4.0975,0.214282143,1,1.7238803695210005,0.3152424185653217,0.0032921949785668404,0.6589452629955486,0.414357588654384,0.1350272802973632,0.03244762865826487,4
0.94998,10.002,25.196,4.0975,0.214282143,1,1.7238803695210005,0.31211014233296736,0.012624941351241432,0.6738590422854759,0.4063952760002576,0.11364345558919013,0.03271211371291429,1
0.94998,10.002,25.196,4.0975,0.214282143,1,1.7238803695210005,0.31159478857414796,0.006141049906145782,0.6225084868073464,0.42839524048846217,0.1090471263602376,0.04075183805543929,5
0.94998,10.002,25.196,4.0975,0.214282143,1,1.7238803695210005,0.2980255977177876,0.008248270262265578,0.6275425623380579,0.45535005498910325,0.11930850212462246,0.03999598388094455,3
0.94998,10.002,25.196,4.0975,0.214282143,1,1.7238803695210005,0.30466252522775905,0.0060091810114681725,0.6524333228450269,0.4484711759048514,0.1290707808174193,0.030104166008532048,2
0.949976667,10.003,-18.153,4.0969,0.0755,1,0.2826616498888944,0.27181034919572994,-0.003828488070867024,-0.8218546192115173,0.4345561670558527,0.053668540813960136,0.009590789289213718,2
0.949976667,10.003,-18.153,4.0969,0.0755,1,0.2826616498888944,0.33311814073385904,0.0036753424772177825,-0.8437469092733226,0.3435971640399657,0.09827571368543431,0.013375982033321633,1
0.949976667,10.003,-18.153,4.0969,0.0755,1,0.2826616498888944,0.2646645019343123,0.003566886712796986,-0.8687925791251473,0.4020171135501005,0.03594580837874673,0.015812084251083432,5
0.949976667,10.003,-18.153,4.0969,0.0755,1,0.2826616498888944,0.2543666082221898,0.003128906572237611,-0.8579038056009449,0.42634825606131926,0.044801024431362746,0.01666560339741409,3
0.949976667,10.003,-18.153,4.0969,0.0755,1,0.2826616498888944,0.2881604172033258,0.0011865241441410034,-0.8609810228226706,0.3484862284408882,0.049125784907955675,0.013513288381509482,4
0.949973333,2.003,-18.276,4.077,0.0,1,-0.47517223805339437,0.21374538323580056,0.03595597149454988,-0.8412900828185957,0.3531190094270278,-0.2831652432563715,0.013975490652956068,3
0.949973333,2.002,-19.175,4.0763,0.0,1,-0.450327971062506,0.22832145270891488,0.03709563007811084,-0.8437050018762239,0.3002049501426518,-0.28198308775085024,0.008599998564459383,4
0.949973333,2.002,-19.175,4.0763,0.0,1,-0.450327971062506,0.23415743782534265,0.04961847486265469,-0.8269958418165334,0.30534639788093043,-0.3046918919030577,0.005071010831743479,2
0.949973333,2.002,-18.782,4.0744,0.0,1,-0.41205663393384534,0.24119918872718699,0.025250164120225235,-0.8796376082953066,0.2984885560977273,-0.25828192359069363,0.012540954609867185,5
0.949973333,2.003,-18.276,4.077,0.0,1,-0.47517223805339437,0.23574372273869812,0.03709563007811084,-0.8246191642736085,0.3002049501426518,-0.28198308775085024,0.008599998564459383,4
0.949973333,2.003,-18.276,4.077,0.0,1,-0.47517223805339437,0.23415743782534265,0.041012619652901774,-0.8269958418165334,0.3278230573423207,-0.3098211757000536,0.00786142491735518,2
0.949973333,2.003,-19.008,4.0756,0.0,1,-0.4297267698947806,0.24119918872718699,0.025250164120225235,-0.8796376082953066,0.2984885560977273,-0.25828192359069363,0.012540954609867185,5
0.949973333,10.002,-18.056,4.0999,0.074586667,1,0.352421001810501,0.2881604172033258,0.0011865241441410034,-0.8609810228226706,0.3484862284408882,0.049125784907955675,0.013513288381509482,4
0.949973333,2.003,-19.008,4.0756,0.0,1,-0.4297267698947806,0.22832145270891488,0.03709563007811084,-0.8437050018762239,0.3002049501426518,-0.28198308775085024,0.008599998564459383,4
0.949973333,10.002,-18.056,4.0999,0.074586667,1,0.352421001810501,0.2547487677793833,0.0060189893282949925,-0.8431827176804654,0.4340630052727647,0.044801024431362746,0.01666560339741409,3
0.949973333,2.003,-18.276,4.077,0.0,1,-0.47517223805339437,0.2544643503395491,0.04717044073069701,-0.8194628675584681,0.28715115719591267,-0.3039019048155751,0.006480013761902228,1
0.949973333,10.002,-18.056,4.0999,0.074586667,1,0.352421001810501,0.27181034919572994,-0.003828488070867024,-0.8218546192115173,0.4345561670558527,0.053668540813960136,0.009590789289213718,2
0.949973333,2.003,-18.276,4.077,0.0,1,-0.47517223805339437,0.2406853464723099,0.025495939099928363,-0.8796376082953066,0.3143610520637594,-0.2656360742659308,0.013370467349886894,5
0.949973333,2.002,-18.782,4.0744,0.0,1,-0.41205663393384534,0.23415743782534265,0.04961847486265469,-0.8269958418165334,0.30534639788093043,-0.3046918919030577,0.005071010831743479,2
0.949973333,2.002,-19.175,4.0763,0.0,1,-0.450327971062506,0.2406853464723099,0.025495939099928363,-0.8796376082953066,0.3143610520637594,-0.2656360742659308,0.013370467349886894,5
0.949973333,10.002,-18.056,4.0999,0.074586667,1,0.352421001810501,0.3326063157981844,0.0053784959253971466,-0.8449382377276197,0.3435971640399657,0.09827571368543431,0.013375982033321633,1
0.949973333,2.002,-19.175,4.0763,0.0,1,-0.450327971062506,0.2544643503395491,0.04717044073069701,-0.8194628675584681,0.28715115719591267,-0.3039019048155751,0.006480013761902228,1
0.949973333,2.002,-19.175,4.0763,0.0,1,-0.450327971062506,0.214305739167321,0.03595597149454988,-0.8412900828185957,0.34328432013397103,-0.27261174340499567,0.012696324498392642,3
0.949973333,2.002,-18.782,4.0744,0.0,1,-0.41205663393384534,0.214305739167321,0.03595597149454988,-0.8412900828185957,0.34328432013397103,-0.27261174340499567,0.012696324498392642,3
0.949973333,2.003,-19.008,4.0756,0.0,1,-0.4297267698947806,0.2544643503395491,0.04717044073069701,-0.8194628675584681,0.28715115719591267,-0.3039019048155751,0.006480013761902228,1
0.949973333,10.002,-18.056,4.0999,0.074586667,1,0.352421001810501,0.2646645019343123,0.003136780506465584,-0.8687925791251473,0.4022833698079921,0.03584340219735168,0.016078340522944927,5
0.949973333,2.002,-18.782,4.0744,0.0,1,-0.41205663393384534,0.2544643503395491,0.04717044073069701,-0.8194628675584681,0.28715115719591267,-0.3039019048155751,0.006480013761902228,1
0.949973333,2.003,-19.008,4.0756,0.0,1,-0.4297267698947806,0.23415743782534265,0.04961847486265469,-0.8269958418165334,0.30534639788093043,-0.3046918919030577,0.005071010831743479,2
0.949973333,2.003,-19.008,4.0756,0.0,1,-0.4297267698947806,0.214305739167321,0.03595597149454988,-0.8412900828185957,0.34328432013397103,-0.27261174340499567,0.012696324498392642,3
0.949973333,2.002,-18.782,4.0744,0.0,1,-0.41205663393384534,0.22832145270891488,0.03709563007811084,-0.8437050018762239,0.3002049501426518,-0.28198308775085024,0.008599998564459383,4
0.949903333,10.003,-18.94,4.0702,0.0,1,-0.5895396109316748,0.2576974437237368,-0.00310727479722118,-0.8151870483881793,0.28769465354387647,-0.31407885605236513,0.006480013761902228,1
0.949903333,10.003,-18.94,4.0702,0.0,1,-0.5895396109316748,0.22866000478854404,0.0007927997433580459,-0.836008308341261,0.3043895364366472,-0.286030149795115,0.008599998564459383,4
0.949903333,10.001,-18.025,4.0737,0.0,1,-0.6086334071359081,0.214305739167321,0.0055927190359216184,-0.8141755520249717,0.3505070837459061,-0.2779527813126333,0.012696324498392642,3
0.949903333,10.001,-18.025,4.0737,0.0,1,-0.6086334071359081,0.25875339597841956,0.010228399016486946,-0.8130686249141581,0.28769465354387647,-0.30736257508629933,0.006480013761902228,1
0.949903333,10.001,-18.025,4.0737,0.0,1,-0.6086334071359081,0.23847776625072584,0.01699356391618494,-0.8159334479388781,0.30684306582668797,-0.3046918919030577,0.005071010831743479,2
0.949903333,10.003,-18.94,4.0702,0.0,1,-0.5895396109316748,0.23847776625072584,-0.0019484581187134609,-0.8159334479388781,0.2927426957525313,-0.31072811177931725,0.0032528725452721117,2
0.949903333,10.001,-18.025,4.0737,0.0,1,-0.6086334071359081,0.23574372273869812,0.001469904037658125,-0.8169224707386457,0.3040509842894971,-0.286030149795115,0.008599998564459383,4
0.949903333,10.003,-18.94,4.0702,0.0,1,-0.5895396109316748,0.21392357941454976,-0.0022390415996778757,-0.8273742954968475,0.3358474294666667,-0.2779527813126333,0.012696324498392642,3
0.949903333,10.003,-18.94,4.0702,0.0,1,-0.5895396109316748,0.24275396189652385,0.0007474752620328218,-0.8685254997015,0.292289643806871,-0.25801566725829617,0.010963898431509734,5
0.949903333,10.001,-18.025,4.0737,0.0,1,-0.6086334071359081,0.24153476132196375,0.0012945785641204565,-0.843968218266964,0.3130386046390049,-0.25828192359069363,0.012540954609867185,5
0.949833333,30.001,2.1109,4.1144,0.214289286,1,1.4930240908528585,0.358572433043737,-0.018306300519034268,0.2966398367378861,0.46119303729385136,0.15382183078560047,0.033271844242699446,4
0.949833333,30.004,1.2245,4.0985,0.111111111,1,1.4394274699286949,0.36956934658577667,-0.01818172000814229,0.2791727599268779,0.5070672342227772,0.057085898829391225,0.03717673562001437,5
0.949833333,30.001,2.1109,4.1144,0.214289286,1,1.4930240908528585,0.37033794571878387,-0.015592959836649243,0.32595179370371624,0.47749716744525356,0.12098784053698182,0.034132053068606186,1
0.949833333,30.004,1.2245,4.0985,0.111111111,1,1.4394274699286949,0.3382557045805152,-0.03260932401462924,0.2840529281605268,0.5506182269519195,0.07007191769080237,0.04052873340900987,3
0.949833333,30.001,2.1109,4.1144,0.214289286,1,1.4930240908528585,0.3458969077418442,-0.008599799000076019,0.27715466877969447,0.48778926524799315,0.09339483679505065,0.040991882677190006,3
0.949833333,30.004,1.2245,4.0985,0.111111111,1,1.4394274699286949,0.3734464215184562,-0.023186171427369118,0.30659625337459145,0.4647734747128561,0.09147367867291906,0.033271844242699446,4
0.949833333,30.001,2.1109,4.1144,0.214289286,1,1.4930240908528585,0.3738562478381209,-0.00744856141274795,0.25895832616370174,0.47613737307605336,0.11384286720189266,0.037686819504015145,5
0.949833333,30.004,1.2245,4.0985,0.111111111,1,1.4394274699286949,0.353472044353839,-0.019315695490222426,0.23873559993575327,0.5305641438672319,0.08168268535286188,0.02327786726411432,2
0.949833333,30.004,1.2245,4.0985,0.111111111,1,1.4394274699286949,0.366625349157548,-0.022010815277753865,0.28535138762323187,0.4846873486484401,0.10999422801658511,0.029603935302002355,1
0.949833333,30.001,2.1109,4.1144,0.214289286,1,1.4930240908528585,0.3443595734378323,-0.015311927422881127,0.30691252898308446,0.48558781350497154,0.16163640720769762,0.026951669063419104,2
0.949506667,30.003,-9.1816,4.0873,0.0,1,0.32151920005891294,0.34297270297451177,-0.020195561461441684,-0.1878458659397438,0.41507079322938806,-0.39089106695959347,0.006480013761902228,1
0.949506667,30.003,-9.1816,4.0873,0.0,1,0.32151920005891294,0.33203466484323146,-0.025417066251393408,-0.22405573051422834,0.4071320415241644,-0.3759444441087544,0.005796441328711808,2
0.949506667,30.003,-9.1816,4.0873,0.0,1,0.32151920005891294,0.35582729427609594,-0.014100658497773111,-0.2006218549842015,0.41504244883777575,-0.3361987329903059,0.013104211078025401,5
0.949506667,30.003,-9.1816,4.0873,0.0,1,0.32151920005891294,0.31824126899213295,-0.025029047775897196,-0.19803567774361,0.4476541211234871,-0.35498512502759694,0.013975490652956068,3
0.949506667,30.003,-9.1816,4.0873,0.0,1,0.32151920005891294,0.3335993066127412,-0.03299367892555893,-0.21667933122138494,0.4035349038243294,-0.3850277312728576,0.008599998564459383,4
0.94694,30.003,-18.74,4.0766,0.0,1,-0.593643102221181,0.2383044079085812,-0.025114104900858365,-0.8116000193427317,0.30196229939348995,-0.31773147664964196,0.0014545492455363275,2
0.94694,30.003,-17.828,4.0805,0.0,1,-0.573907263162127,0.258794911619334,-0.017766833713685627,-0.8133861695649103,0.2912564574799035,-0.3058794487104751,0.006480013761902228,1
0.94694,30.003,-18.74,4.0766,0.0,1,-0.593643102221181,0.258794911619334,-0.017766833713685627,-0.8133861695649103,0.2912564574799035,-0.3058794487104751,0.006480013761902228,1
0.94694,30.003,-18.74,4.0766,0.0,1,-0.593643102221181,0.24201711386907845,-0.011131169581785798,-0.8661914308415726,0.32196532062720506,-0.2592610725318082,0.013104211078025401,5
0.94694,30.003,-18.74,4.0766,0.0,1,-0.593643102221181,0.22811578365508467,-0.019747998707462102,-0.8238399547873996,0.3064943334646523,-0.28648382099694575,0.008599998564459383,4
0.94694,30.003,-17.828,4.0805,0.0,1,-0.573907263162127,0.24201711386907845,-0.011131169581785798,-0.8416341494070366,0.332143614445813,-0.2592610725318082,0.013104211078025401,5
0.94694,30.003,-17.828,4.0805,0.0,1,-0.573907263162127,0.2383044079085812,-0.022374776321812534,-0.8116000193427317,0.33578414302319287,-0.3180123910680413,0.005796441328711808,2
0.94694,30.003,-17.828,4.0805,0.0,1,-0.573907263162127,0.2360911407554522,-0.019747998707462102,-0.8047541171847843,0.3217437359225005,-0.28648382099694575,0.008599998564459383,4
0.94694,30.003,-17.828,4.0805,0.0,1,-0.573907263162127,0.2130865046728286,-0.019383880595560187,-0.8053312074649148,0.36786455279332586,-0.27923792716814205,0.013975490652956068,3
0.94694,30.003,-18.74,4.0766,0.0,1,-0.593643102221181,0.21364686060434906,-0.019383880595560187,-0.8233245378057472,0.3503151141304988,-0.26868442731676623,0.012696324498392642,3
0.901256579,10.002,2.9945,3.7104,8.871478261,3,0.734815137437739,0.32169905095361173,0.002198121827095747,0.20998084553750232,0.037039645890472456,0.1200273872539401,-0.08704469000454992,2
0.901256579,10.002,2.9945,3.7104,8.871478261,3,0.734815137437739,0.3337924162321724,0.01205674014869146,0.19910787065280602,0.0921624360185524,0.06275326318456792,-0.1217259233025834,4
0.901256579,10.002,2.9945,3.7104,8.871478261,3,0.734815137437739,0.3446641525812447,0.014601938328705728,0.2207761317573022,0.09405468352138996,0.09591537035652437,-0.1289351871155668,3
0.901256579,10.002,2.9945,3.7104,8.871478261,3,0.734815137437739,0.34421078401384875,0.015963030515995343,0.22944896752713248,0.1153671460179612,0.04199628603179008,-0.10660400579683482,1
0.901256579,10.002,2.9945,3.7104,8.871478261,3,0.734815137437739,0.36547385027166457,0.010763037051074207,0.1677110998891294,0.025689948296640067,0.07569109028903767,-0.12640980591997505,5
0.901002486,10.002,2.5991,3.7788,8.998665,3,0.7386113398988206,0.33679565283702684,0.01205674014869146,0.20657933899899944,0.11941570048671565,0.06275326318456792,-0.1217259233025834,4
0.901002486,10.002,2.5991,3.7788,8.998665,3,0.7386113398988206,0.3199056640593335,3.617599839344621e-05,0.22244504715083166,0.12457931799232029,0.10513761403039097,-0.10757188892457634,2
0.901002486,10.002,2.5991,3.7788,8.998665,3,0.7386113398988206,0.34338810984045265,0.013344879588112235,0.19884362544748002,0.17855682192835956,0.09398150664172135,-0.1289351871155668,3
0.901002486,10.002,2.5991,3.7788,8.998665,3,0.7386113398988206,0.37622875383123755,0.010763037051074207,0.20769034401047975,0.15921441413694992,0.07569109028903767,-0.147910947073251,5
0.901002486,10.002,2.5991,3.7788,8.998665,3,0.7386113398988206,0.3434754619910382,0.015963030515995343,0.2444729755469598,0.19860667939065024,0.034795835204422476,-0.12444900791160762,1
0.900696173,10.001,2.3268,3.8522,6.00113,3,0.7395603905140911,0.3312194801797159,0.012835858118487522,0.23114158636890353,0.2516587073028495,0.04150359490304254,-0.13160095493309198,4
0.900696173,10.001,2.3268,3.8522,6.00113,3,0.7395603905140911,0.34338810984045265,0.02292526380158961,0.21843185827019623,0.22317951509263367,0.09398150664172135,-0.16157567838323303,3
0.900696173,10.001,2.3268,3.8522,6.00113,3,0.7395603905140911,0.3199056640593335,0.009686699195299298,0.2557575110218022,0.26282511828350835,0.10383204702753573,-0.10895367408171296,2
0.900696173,10.001,2.3268,3.8522,6.00113,3,0.7395603905140911,0.3711765230714809,0.012645205385051667,0.20495963971596212,0.20848218912491576,0.08076672781957313,-0.14764426675625145,5
0.900696173,10.001,2.3268,3.8522,6.00113,3,0.7395603905140911,0.3423926161159761,0.017379898152139504,0.2420318600325845,0.26390926549443977,0.03615165829192847,-0.14059474932961166,1
0.900393337,10.003,2.1728,3.9378,3.00002381,3,0.744068380936626,0.34191666047088803,-0.0035194262955337762,0.21024983520503157,0.34187297565862534,0.09612603350309655,-0.16157567838323303,3
0.900393337,10.003,2.1728,3.9378,3.00002381,3,0.744068380936626,0.3411238312162459,0.0018614385917317122,0.21321527265477924,0.33994882820159544,0.058197821181965995,-0.13160095493309198,4
0.900393337,10.003,2.1728,3.9378,3.00002381,3,0.744068380936626,0.31842873217538,-0.007584850860293955,0.2508540563250426,0.3323811025347095,0.09808052672538907,-0.10757188892457634,2
0.900393337,10.003,2.1728,3.9378,3.00002381,3,0.744068380936626,0.37100412817904727,0.0008672587596811354,0.19589042893145234,0.33226112855831164,0.08641321864794009,-0.1484911895636469,5
0.900393337,10.003,2.1728,3.9378,3.00002381,3,0.744068380936626,0.3630072118784301,0.0059684899801504794,0.2390125476382673,0.3409441652568057,0.04411022098734975,-0.14126435447484254,1
0.900161561,2.002,26.139,4.0021,1.000121905,2,1.1869786565011031,0.2833149389910977,0.048630073317326605,0.5844053530844394,0.3198003068217076,0.09462338770274073,-0.1653452459909022,5
0.900161561,2.002,26.139,4.0021,1.000121905,2,1.1869786565011031,0.28666035131784157,0.05107187183457427,0.6200715850759297,0.282774141584523,0.06955221344425809,-0.13040669568814336,4
0.900161561,2.002,26.139,4.0021,1.000121905,2,1.1869786565011031,0.28841067384928465,0.05808264446619432,0.6160283258929848,0.30060781933134423,0.036473071317886935,-0.1380748724215664,1
0.900161561,2.002,26.139,4.0021,1.000121905,2,1.1869786565011031,0.24876842809608207,0.05869217997416854,0.6175202065927442,0.32871116713387893,0.07255493708886206,-0.15829010611167177,3
0.900161561,2.002,26.139,4.0021,1.000121905,2,1.1869786565011031,0.25388711918960327,0.06027092550648376,0.6150563409272581,0.3355162010085769,0.07492268484551459,-0.12124183467589318,2
0.900128796,10.002,1.1354,4.0157,1.000082381,3,0.7473900580900728,0.3553302702284418,0.007671643428329844,0.2181531565566547,0.3907257285853848,0.05084471639245749,-0.11990345067344606,1
0.900128796,10.002,1.1354,4.0157,1.000082381,3,0.7473900580900728,0.34119913342408836,0.006907623065635562,0.19620126234251076,0.4091676108026877,0.08306667035678401,-0.16491667464608326,3
0.900128796,10.002,1.1354,4.0157,1.000082381,3,0.7473900580900728,0.35125080075114967,0.0030253700481262056,0.21121384899597614,0.3542783209074696,0.08719077480840497,-0.13160095493309198,4
0.900128796,10.002,1.1354,4.0157,1.000082381,3,0.7473900580900728,0.3378987515252084,-0.004757016950752586,0.19052235561073758,0.38230746480636296,0.10308200871571899,-0.09358463179785759,2
0.900128796,10.002,1.1354,4.0157,1.000082381,3,0.7473900580900728,0.3699470229097642,-0.0009837501356378198,0.19836694062221796,0.382200530229602,0.0944700795353856,-0.14969958323985338,5
0.900016667,10.002,-8.3467,4.0565,0.0,1,0.20631437997869237,0.3332314326838241,-0.0027045730347163045,-0.19068457233952357,0.37564505177666435,-0.3990904743014835,0.006480013761902228,1
0.900016667,10.002,-8.3467,4.0565,0.0,1,0.20631437997869237,0.3210369123608689,0.0013831639976706355,-0.1989803877589293,0.4233517471945379,-0.35369997917208823,0.012696324498392642,3
0.900016667,10.002,-8.3467,4.0565,0.0,1,0.20631437997869237,0.3390656685282011,0.0044917432498186825,-0.18593306520371697,0.3575031750509515,-0.37993091250304134,0.008599998564459383,4
0.900016667,10.002,-8.3467,4.0565,0.0,1,0.20631437997869237,0.3327207199833356,-0.004990748048294335,-0.18288174258545042,0.3683185175759718,-0.3666709579713643,0.0032528725452721117,2
0.900016667,10.002,-8.3467,4.0565,0.0,1,0.20631437997869237,0.3565641423035413,-0.0032255948206875475,-0.20118051949422808,0.3657104035420343,-0.33521958404919133,0.012540954609867185,5
0.900013333,2.004,1.6992,4.05,0.214282143,1,1.4871619604392778,0.34150101797888055,0.049673447154928,0.30522346239886244,0.4491456298204139,0.15806999470107258,0.026611055587418376,2
0.900013333,2.004,1.6992,4.05,0.214282143,1,1.4871619604392778,0.3472003251078422,0.05315550850704312,0.2828167639730964,0.4641322032129392,0.13906318854773417,0.04071380305569619,3
0.900013333,2.004,1.6992,4.05,0.214282143,1,1.4871619604392778,0.3598149880161509,0.043506695331307126,0.2940227478230372,0.4159632262399828,0.1428914274199633,0.033271844242699446,4
0.900013333,2.004,1.6992,4.05,0.214282143,1,1.4871619604392778,0.3587180799827911,0.035090360944450366,0.3274126536841504,0.45989921637112274,0.12098621073062532,0.034132053068606186,1
0.900013333,2.004,1.6992,4.05,0.214282143,1,1.4871619604392778,0.3697181375988293,0.04039422072237357,0.26304422396235166,0.44662646690849217,0.11916338653187268,0.03753943874733522,5
0.900003333,10.001,-8.7003,4.0744,0.214278571,1,1.2863421214140522,0.4413525151880458,0.008277298095927109,-0.09297929133288563,0.47154240489704535,0.15324837410124018,0.013375982033321633,1
0.900003333,10.001,-8.7003,4.0744,0.214278571,1,1.2863421214140522,0.4214525047526695,0.0019042613881174474,-0.13615186956711114,0.4552817258099094,0.16844528480898588,0.013513288381509482,4
0.900003333,2.003,11.229,4.0647,0.214282143,1,1.621990959951627,0.346818647517357,0.05307994896080345,0.4970067687472329,0.4260156356031075,0.1468407913437113,0.031446083267219364,2
0.900003333,2.003,11.229,4.0647,0.214282143,1,1.621990959951627,0.33320658028591427,0.049809597394778395,0.5280339624243788,0.4413316849875264,0.11333209493546746,0.03360191464424133,1
0.900003333,2.003,11.229,4.0647,0.214282143,1,1.621990959951627,0.3529690622771159,0.04440810903091915,0.5028051222208887,0.40917272778227926,0.13534267599170563,0.032977798157371584,4
0.900003333,2.003,11.229,4.0647,0.214282143,1,1.621990959951627,0.3184101329438272,0.05415245743119158,0.5245970568899065,0.4679063032800332,0.13830879964400083,0.040583062493242325,3
0.900003333,2.003,11.229,4.0647,0.214282143,1,1.621990959951627,0.3392807756795082,0.04129747788188979,0.5146308721089735,0.4176569111691788,0.12236259627039545,0.04089000018546358,5
0.900003333,10.001,-8.7003,4.0744,0.214278571,1,1.2863421214140522,0.408733169012703,0.0028054640674963593,-0.10840814853087068,0.455312799368985,0.17915410127025097,0.009641267829574645,2
0.900003333,10.001,-8.7003,4.0744,0.214278571,1,1.2863421214140522,0.40778209839918417,0.01325498973019421,-0.11373101004166529,0.48524358127499,0.1764962956099771,0.016850673044100404,3
0.900003333,10.001,-8.7003,4.0744,0.214278571,1,1.2863421214140522,0.4233348430192564,0.0027626121020875873,-0.10259243772830814,0.47452339134644717,0.15272692548460326,0.01617478737840429,5
0.900000097,10.002,-17.063,3.9487,0.0,2,-0.687695958566064,0.2224726179218851,-0.0005086354271043092,-0.7493630937673151,0.24088332546059973,-0.27427206981228663,-0.02003475393401459,3
0.900000097,10.002,-17.063,3.9487,0.0,2,-0.687695958566064,0.24423243006691336,-0.00484916242712643,-0.7096769105875864,0.26776125537231565,-0.27140554195735606,0.005032080877572298,2
0.900000097,10.002,-17.063,3.9487,0.0,2,-0.687695958566064,0.2540641590580344,-0.0014951311890035867,-0.7451281726988964,0.24556113098748028,-0.2702681851387024,-0.013595439735800028,4
0.900000097,10.002,-17.063,3.9487,0.0,2,-0.687695958566064,0.25179148244671523,-0.008063219777541234,-0.7526129256328568,0.25986812277697025,-0.25151173389516773,-0.027730064077768474,5
0.900000097,10.002,-17.063,3.9487,0.0,2,-0.687695958566064,0.2754530075090588,-0.0010203539844951593,-0.7390217503742315,0.2319718301075045,-0.29068230371689424,-0.01707613474223763,1
0.900000088,10.002,42.91,4.039,0.571469048,2,1.2355057362108834,0.23989951801253484,0.010425758815836161,0.6524504774843808,0.3459917336213402,0.08745328453369439,-0.15829010611167177,3
0.900000088,10.002,42.91,4.039,0.571469048,2,1.2355057362108834,0.27056070319842546,0.005076025011949242,0.643291392425308,0.33567989523522557,0.10534310380928219,-0.1653452459909022,5
0.900000088,10.002,42.91,4.039,0.571469048,2,1.2355057362108834,0.2746823739085812,0.0032921949785668404,0.6535914442548528,0.3072489574505016,0.08156460554688237,-0.13014824143610895,4
0.900000088,10.002,42.91,4.039,0.571469048,2,1.2355057362108834,0.24204067932325415,0.005558701327536255,0.6789698358858004,0.34618711137445646,0.07588861475232989,-0.11986004951875656,2
0.900000088,10.002,42.91,4.039,0.571469048,2,1.2355057362108834,0.2806246106303297,0.014038336297380738,0.6587530387332663,0.3295338919968344,0.10604437981266529,-0.13715785089181737,1
0.900000086,10.001,2.8199,4.0117,0.0,2,0.6180354098431015,0.3375412868370768,-0.007823469081195071,0.2698340458935127,0.35070474797626955,-0.20557325682602823,-0.13207209310727194,5
0.900000086,10.001,2.8199,4.0117,0.0,2,0.6180354098431015,0.318345736732299,0.004218974344257731,0.2930249651102349,0.3528260559740011,-0.27370459472760555,-0.11821808854117989,1
0.900000086,10.001,2.8199,4.0117,0.0,2,0.6180354098431015,0.2846792153106071,0.0023956954828463495,0.26746652922942304,0.37996064908569677,-0.2758580680540763,-0.0855979953892529,2
0.900000086,10.001,2.8199,4.0117,0.0,2,0.6180354098431015,0.2990913319191895,0.006217526950640604,0.2571105623606127,0.37681128366617483,-0.2417125510587357,-0.1358153067645617,3
0.900000086,10.001,2.8199,4.0117,0.0,2,0.6180354098431015,0.32517432342283425,0.005714652242604643,0.266058706730837,0.30875934897907426,-0.2741446362732677,-0.10957969906274229,4
0.900000026,30.003,27.726,4.071,0.0,2,1.065219801956563,0.2537050271453336,-0.017792184244608506,0.6601521766057704,0.325459654063452,-0.1956476614892017,-0.140152217335999,5
0.900000026,30.003,27.726,4.071,0.0,2,1.065219801956563,0.23430959608289414,-0.03517805920448154,0.6986516135791316,0.36860220527043563,-0.2245487600681372,-0.0814671713206917,2
0.900000026,30.003,27.726,4.071,0.0,2,1.065219801956563,0.27649447988165776,-0.023067751070775556,0.6979769924934953,0.32923718739883046,-0.23287738477811218,-0.10416020329343155,1
0.900000026,30.003,27.726,4.071,0.0,2,1.065219801956563,0.2719264123402536,-0.02778100436553359,0.7009151839616243,0.30310187403461897,-0.25209212813933846,-0.10701001774519682,4
0.900000026,30.003,27.726,4.071,0.0,2,1.065219801956563,0.22054247044492514,-0.033979591319803146,0.7101038916793186,0.3849510939582251,-0.1955856117804069,-0.14002590035786852,3
0.9,30.004,-9.3586,4.0881,0.214282143,1,1.2177272806684303,0.42374779216013847,-0.019096610674168915,-0.11481015887111426,0.49522214401629755,0.14197754843509755,0.016322168135084213,5
0.9,30.002,10.7,4.0771,0.214285714,1,1.5212181466515067,0.3476950958254747,-0.017359022220189216,0.5259206601046026,0.4500803778809495,0.1142680039908737,0.03360191464424133,1
0.9,10.003,0.8243,4.0707,0.214275,1,1.459805351842569,0.395937889192719,0.004278578283556271,0.09416750728618353,0.42833205002127217,0.1501851126505062,0.01843246117117815,1
0.9,10.003,0.8243,4.0707,0.214275,1,1.459805351842569,0.3720989355328493,0.001662515087518841,0.2612864207942039,0.46580075797159226,0.11493174155126326,0.037252701222896575,5
0.9,30.004,-9.3586,4.0881,0.214282143,1,1.2177272806684303,0.42555477970046923,-0.025406681429594756,-0.13616629233118147,0.4850199222145602,0.17046712873037906,0.013513288381509482,4
0.9,30.004,-9.3586,4.0881,0.214282143,1,1.2177272806684303,0.4418452305207029,-0.023014325636031573,-0.12595188209787012,0.4963213389576413,0.14945992093766108,0.013375982033321633,1
0.9,30.004,-9.3586,4.0881,0.214282143,1,1.2177272806684303,0.4078441596520133,-0.02064159476198256,-0.142333794394508,0.48348724937532095,0.17301315197255462,0.00998188130557537,2
0.9,30.002,10.7,4.0771,0.214285714,1,1.5212181466515067,0.3538672762550414,-0.016969683365896344,0.48339610452763737,0.4696520548174158,0.14992536807432771,0.03178669674322009,2
0.9,30.004,-9.3586,4.0881,0.214282143,1,1.2177272806684303,0.42374779216013847,-0.019096610674168915,-0.11481015887111426,0.49522214401629755,0.14197754843509755,0.016322168135084213,5
0.9,30.002,25.744,4.0794,0.214282143,1,1.6395773511923684,0.28814310824382117,-0.030813460508361458,0.6661722372891381,0.44988173701567574,0.13127003000117837,0.02966533332131803,2
0.9,10.003,0.8243,4.0707,0.214275,1,1.459805351842569,0.3554886605680804,-0.002359749712049961,0.09486999990534968,0.47602412780979647,0.16094239587662743,0.026101465849205852,3
0.9,30.002,25.744,4.0794,0.214282143,1,1.6395773511923684,0.3075225434545428,-0.01974489916115999,0.6933112087240443,0.40223762817680836,0.13627272606478072,0.03244762865826487,4
0.9,30.002,25.744,4.0794,0.214282143,1,1.6395773511923684,0.2649054986491683,-0.03511237762635574,0.66925662563066,0.4565805227099918,0.11633618298452347,0.03999598388094455,3
0.9,30.004,-9.3586,4.0881,0.214282143,1,1.2177272806684303,0.42555477970046923,-0.025406681429594756,-0.13616629233118147,0.4850199222145602,0.17046712873037906,0.013513288381509482,4
0.9,30.004,-9.3586,4.0881,0.214282143,1,1.2177272806684303,0.4418452305207029,-0.023014325636031573,-0.12595188209787012,0.4963213389576413,0.14945992093766108,0.013375982033321633,1
0.9,30.002,25.744,4.0794,0.214282143,1,1.6395773511923684,0.3003617346100509,-0.023525184266036378,0.6477751994377468,0.420377408611821,0.10574897143989802,0.040456568752415475,5
0.9,30.002,10.7,4.0771,0.214285714,1,1.5212181466515067,0.35287904301891104,-0.01863934566266835,0.49979449332226067,0.43735676908865573,0.136947684957413,0.032977798157371584,4
0.9,30.004,-9.3586,4.0881,0.214282143,1,1.2177272806684303,0.4078441596520133,-0.02064159476198256,-0.142333794394508,0.48348724937532095,0.17301315197255462,0.00998188130557537,2
0.9,30.004,-9.3586,4.0881,0.214282143,1,1.2177272806684303,0.40467847708583576,-0.034196976289968005,-0.11126395538216456,0.5149457385274582,0.16121695722220467,0.01712875266559422,3
0.9,30.002,10.7,4.0771,0.214285714,1,1.5212181466515067,0.3166305039470899,-0.030829391553997994,0.5117274686868768,0.5048850803263485,0.12556400744244456,0.0405894942348823,3
0.9,30.002,10.7,4.0771,0.214285714,1,1.5212181466515067,0.34209841364761817,-0.016844700233777984,0.48906403430271894,0.46910701446351594,0.10879487301106565,0.03992207131814211,5
0.9,10.003,0.8243,4.0707,0.214275,1,1.459805351842569,0.3504952656244859,0.0012271570938173681,0.19553834384772928,0.4505089804111049,0.15111159294610843,0.024567769481800495,4
0.9,30.002,25.744,4.0794,0.214282143,1,1.6395773511923684,0.3207726161018945,-0.020466454160923603,0.6811565544456244,0.3935703122545965,0.11145754788070918,0.03303610295522958,1
0.9,30.004,-9.3586,4.0881,0.214282143,1,1.2177272806684303,0.40467847708583576,-0.034196976289968005,-0.11126395538216456,0.5149457385274582,0.16121695722220467,0.01712875266559422,3
0.9,10.003,0.8243,4.0707,0.214275,1,1.459805351842569,0.3664423634717241,-0.004694406790658832,0.11263369575957767,0.4469351799832657,0.17009092590771616,0.016236572870984674,2
0.899996667,10.004,40.71,4.081,0.214285714,1,1.7738480525700904,0.28848837127094157,0.0009418882010504603,0.7267614714289085,0.3828426697291434,0.1355899499298539,0.03210302298888564,4
0.899996667,10.004,40.71,4.081,0.214285714,1,1.7738480525700904,0.30394437615992503,-0.007328863526345231,0.7137922035250813,0.3856927375984378,0.11503131869714707,0.03303610295522958,1
0.899996667,10.003,25.265,4.0732,0.214278571,1,1.6948488665204118,0.30466252522775905,0.00562131148763001,0.6665512684453279,0.4273636343306862,0.1467959443293512,0.029144466528669,2
0.899996667,10.004,40.71,4.081,0.214285714,1,1.7738480525700904,0.26919484526268206,-0.015721932682208718,0.7427436041040346,0.43049944553757086,0.1410587586602196,0.02966533332131803,2
0.899996667,30.002,-17.728,4.0519,0.111111111,1,0.1539181000439763,0.28077526337001474,-0.01573066551645752,-0.7931325229955837,0.3442740525072441,0.027622451852075756,0.004944955185055733,2
0.899996667,30.002,-17.728,4.0519,0.111111111,1,0.1539181000439763,0.26385825050063433,-0.013382449732162058,-0.8619266765168868,0.3292937706480734,0.005644931447459384,0.013671771604567767,5
0.899996667,10.003,25.265,4.0732,0.214278571,1,1.6948488665204118,0.3113396372506395,0.006489231123123318,0.6418377507524565,0.4021547988569364,0.11659466162323952,0.040022450471296905,5
0.899996667,10.004,40.71,4.081,0.214285714,1,1.7738480525700904,0.2564071888869512,-0.003506301355082542,0.7169187763961964,0.4453722048108466,0.11911820736713707,0.039849569112993775,3
0.899996667,10.003,25.265,4.0732,0.214278571,1,1.6948488665204118,0.29854934700968444,0.006641558276023716,0.6356463187932968,0.438274206595961,0.12964163654483854,0.03971790425945074,3
0.899996667,30.002,-17.728,4.0519,0.111111111,1,0.1539181000439763,0.26385825050063433,-0.013382449732162058,-0.8619266765168868,0.3292937706480734,0.005644931447459384,0.013671771604567767,5
0.899996667,30.002,-17.728,4.0519,0.111111111,1,0.1539181000439763,0.2535170480396482,-0.01956597480166238,-0.825676893426571,0.3733420101669617,0.03042382507119328,0.01538643724285066,3
0.899996667,30.002,-17.728,4.0519,0.111111111,1,0.1539181000439763,0.28871584122534844,-0.014506190724205226,-0.8478062503412366,0.32988370380364357,0.057348536879289896,0.013513288381509482,4
0.899996667,30.002,-17.728,4.0519,0.111111111,1,0.1539181000439763,0.2535170480396482,-0.01956597480166238,-0.825676893426571,0.3733420101669617,0.03042382507119328,0.01538643724285066,3
0.899996667,30.002,-17.728,4.0519,0.111111111,1,0.1539181000439763,0.28871584122534844,-0.014506190724205226,-0.8478062503412366,0.32988370380364357,0.057348536879289896,0.013513288381509482,4
0.899996667,30.002,-17.728,4.0519,0.111111111,1,0.1539181000439763,0.3286494611474336,-0.012447118314157705,-0.8175895124673843,0.3384928007260896,0.10829821733525023,0.013375982033321633,1
0.899996667,30.002,-17.728,4.0519,0.111111111,1,0.1539181000439763,0.28077526337001474,-0.01573066551645752,-0.7931325229955837,0.3442740525072441,0.027622451852075756,0.004944955185055733,2
0.899996667,10.004,40.71,4.081,0.214285714,1,1.7738480525700904,0.2917817576834932,0.006386824890505523,0.719526057295734,0.40645612332853487,0.10745558951050044,0.040456568752415475,5
0.899996667,30.002,-17.728,4.0519,0.111111111,1,0.1539181000439763,0.3286494611474336,-0.012447118314157705,-0.8175895124673843,0.3384928007260896,0.10829821733525023,0.013375982033321633,1
0.899996667,10.003,25.265,4.0732,0.214278571,1,1.6948488665204118,0.31314166464610027,0.0033513957256218418,0.6723691125307232,0.39423071457305925,0.11364345558919013,0.03271211371291429,1
0.899996667,10.003,25.265,4.0732,0.214278571,1,1.6948488665204118,0.31468933149473743,0.0032921949785668404,0.6589452629955486,0.3991081861965358,0.1350272802973632,0.03244762865826487,4
0.899996532,10.003,0.96375,4.0708,0.0,3,0.7425657174624478,0.3364097950901487,-0.00240642176795518,0.17015421335585415,0.35995238928240725,-0.300659407004714,-0.06262552425265312,1
0.899996532,10.003,0.96375,4.0708,0.0,3,0.7425657174624478,0.3236116548534483,0.005708708157762885,0.23413320916355587,0.3725864728819579,-0.26738275155134034,-0.0828232225123793,4
0.899996532,10.003,0.96375,4.0708,0.0,3,0.7425657174624478,0.2923931087483652,-0.006388993265572935,0.18612050457275472,0.39895130958408115,-0.28436214797897263,-0.06327154392376542,2
0.899996532,10.003,0.96375,4.0708,0.0,3,0.7425657174624478,0.34400256318738687,0.001567017313791439,0.2659779944131151,0.3836262232111767,-0.2015589317958802,-0.1245065545849502,5
0.899996532,10.003,0.96375,4.0708,0.0,3,0.7425657174624478,0.30329329032683744,-0.007991523706587032,0.24283082635956815,0.43485792134189977,-0.23360583126777784,-0.13664359146961944,3
0.899996242,10.002,27.699,4.0613,0.0,2,1.1225699870681218,0.2180700829718262,0.004793984821299091,0.7215205454907846,0.3535892576701008,-0.20485396573902107,-0.14002590035786852,3
0.899996242,10.002,27.699,4.0613,0.0,2,1.1225699870681218,0.2678749140063883,0.005663424549275078,0.7073532485449686,0.31594288734835574,-0.24107679213862865,-0.10416020329343155,1
0.899996242,10.002,27.699,4.0613,0.0,2,1.1225699870681218,0.2539280329179019,-0.0033143784024287017,0.6704530800657813,0.30329335148911923,-0.20593458277988247,-0.14727969189407303,5
0.899996242,10.002,27.699,4.0613,0.0,2,1.1225699870681218,0.271028843910899,0.004188321153633296,0.700175357303815,0.28648782563745046,-0.24701699002587701,-0.10701001774519682,4
0.899996242,10.002,27.699,4.0613,0.0,2,1.1225699870681218,0.23462671690271236,0.003926725012715906,0.7201354359323159,0.34927062927512453,-0.2240294904098846,-0.08954696164466441,2
0.899996162,10.002,12.792,4.0306,0.0,2,0.8582003388795058,0.324431616703514,0.00312205420807004,0.5012873419292737,0.3327867912966758,-0.2514668880723184,-0.10862404928077013,4
0.899996162,10.002,12.792,4.0306,0.0,2,0.8582003388795058,0.28047758592292665,0.002272797995246947,0.5076582008600234,0.3789986756513827,-0.2338355062273331,-0.13579532997915522,3
0.899996162,10.002,12.792,4.0306,0.0,2,0.8582003388795058,0.2902388591063209,-0.007237837278516963,0.520712501630187,0.34110899485182017,-0.21515704178716988,-0.14866459305630997,5
0.899996162,10.002,12.792,4.0306,0.0,2,0.8582003388795058,0.3048297777888365,-0.0050237908051349225,0.4779807238047942,0.35863300098571926,-0.24211032036924734,-0.10073233261704445,2
0.899996162,10.002,12.792,4.0306,0.0,2,0.8582003388795058,0.30682861215347657,0.002735533814993687,0.5475776460580528,0.34669783370220103,-0.24380658069625497,-0.10515795308863744,1
0.899995742,10.002,-7.1402,3.9806,0.0,2,0.23902421213404648,0.3161949512385763,-0.0013002353499177843,-0.12101356793660671,0.358831493583275,-0.3458370612049475,-0.02003475393401459,3
0.899995742,10.002,-7.1402,3.9806,0.0,2,0.23902421213404648,0.3466644868918229,0.0038205830403603615,-0.11892685656785033,0.3188344983244315,-0.3641689478280023,-0.013595439735800028,4
0.899995742,10.002,-7.1402,3.9806,0.0,2,0.23902421213404648,0.363309462426696,-0.009374153550015762,-0.10024968205485493,0.3206128547596745,-0.30165487009333447,-0.027730064077768474,5
0.899995742,10.002,-7.1402,3.9806,0.0,2,0.23902421213404648,0.3218956101499498,-0.008197740076575429,-0.08259917714050971,0.3457825550669804,-0.33359789015725255,0.005032080877572298,2
0.899995742,10.002,-7.1402,3.9806,0.0,2,0.23902421213404648,0.3448155981945456,-0.0011695035322918557,-0.1334994970797561,0.33252666889340615,-0.3789007991715334,-0.01707613474223763,1
0.899993333,2.001,-8.4112,4.0579,0.0,1,0.5492769240798769,0.3305101643377566,0.053659875641169495,-0.18597917646402493,0.37510155551251956,-0.38891352306469346,0.006480013761902228,1
0.899993333,2.001,-8.4112,4.0579,0.0,1,0.5492769240798769,0.3416440184914973,0.052979014669544994,-0.18029263993608766,0.36552732536103577,-0.3758838504587766,0.008599998564459383,4
0.899993333,2.001,-8.4112,4.0579,0.0,1,0.5492769240798769,0.35418334433692505,0.03595669826841913,-0.19861660443712026,0.36100716491695495,-0.33521958404919133,0.012540954609867185,5
0.899993333,2.001,-8.4112,4.0579,0.0,1,0.5492769240798769,0.3210369123608689,0.04881987337837927,-0.1974921543279197,0.42218519081478006,-0.34835894126445055,0.012696324498392642,3
0.899993333,2.001,-8.4112,4.0579,0.0,1,0.5492769240798769,0.32948585190577434,0.0608192570740357,-0.17970106443855913,0.36515515329083426,-0.3606347380951047,0.005071010831743479,2
0.89999,10.003,11.415,4.0741,0.214296429,1,1.5831892395950709,0.31935917823313503,0.005014489233726636,0.529173190172296,0.4565900674276054,0.10358111893292517,0.040583062493242325,3
0.89999,10.003,11.415,4.0741,0.214296429,1,1.5831892395950709,0.3298548062541522,0.0025657722470350565,0.540228769867681,0.4269912351341918,0.1291051084350329,0.04060326266102493,5
0.89999,10.003,11.415,4.0741,0.214296429,1,1.5831892395950709,0.3382624623295851,0.006337153110071086,0.5289178525749594,0.44028128777863457,0.11672813674435019,0.03360191464424133,1
0.89999,2.002,25.827,4.0735,0.214282143,1,1.7523535743869625,0.2945874410821125,0.05654757496376987,0.693800403997302,0.382703919603955,0.11195420035044662,0.03303610295522958,1
0.89999,2.002,25.827,4.0735,0.214282143,1,1.7523535743869625,0.2813457163621206,0.06203046477865428,0.6928780374629423,0.4145267940382473,0.14139001267030835,0.029324719845317305,2
0.89999,10.003,11.415,4.0741,0.214296429,1,1.5831892395950709,0.35413611443946136,-0.0033292043302208187,0.48883929586037994,0.4384293645946309,0.1624513070471585,0.03113093928433955,2
0.89999,2.002,25.827,4.0735,0.214282143,1,1.7523535743869625,0.2627052396090585,0.05869217997416854,0.6874174990609754,0.4204507311084308,0.12908097518607975,0.03971790425945074,3
0.89999,2.002,25.827,4.0735,0.214282143,1,1.7523535743869625,0.29878718810970895,0.04522093675797805,0.6606400179548655,0.39308330153580756,0.11931669469922782,0.04030918799573555,5
0.89999,10.003,11.415,4.0741,0.214296429,1,1.5831892395950709,0.3518800260545686,0.0022259280330035837,0.49977808057330547,0.4206321449112147,0.14108800500980578,0.032977798157371584,4
0.89999,2.002,25.827,4.0735,0.214282143,1,1.7523535743869625,0.302715834940318,0.045474375976482406,0.6984936580760405,0.3687718980293721,0.13466771709907335,0.03244762865826487,4
0.899986667,2.004,-8.4102,4.0246,0.214285714,1,1.1747104093954428,0.40549830095260403,0.049673447154928,-0.10469115421641619,0.4143648381764069,0.192840496446006,0.009641267829574645,2
0.899986667,10.002,-8.5675,4.0645,0.214285714,1,1.1105061239133718,0.40778209839918417,0.0083133118506521,-0.1122086653742008,0.4782986763282679,0.1764962956099771,0.016850673044100404,3
0.899986667,2.004,-8.4102,4.0246,0.214285714,1,1.1747104093954428,0.42310085457982494,0.04404216013965197,-0.10179909561760724,0.42702672828454524,0.16917514899862,0.013513288381509482,4
0.899986667,2.004,-18.017,3.9841,0.111111111,1,0.17105785277701605,0.2883612758340314,0.03741458146250807,-0.887011923682876,0.27276653891429303,0.0557544421532657,0.013513288381509482,4
0.899986667,2.004,-8.4102,4.0246,0.214285714,1,1.1747104093954428,0.40778209839918417,0.048372897086665034,-0.11397164710564539,0.4615794206247665,0.17717950472375377,0.01645077663939446,3
0.899986667,10.002,-8.5675,4.0645,0.214285714,1,1.1105061239133718,0.42455404359381643,0.001211927633266896,-0.10725460120942444,0.4643627615598962,0.15667183300829493,0.01617478737840429,5
0.899986667,2.003,-17.685,3.9552,0.214285714,1,0.08879262263977127,0.27688313423190264,0.043135968759306705,-0.7857005788339302,0.27407666596584024,0.18904673888348042,0.009641267829574645,2
0.899986667,2.004,-18.017,3.9841,0.111111111,1,0.17105785277701605,0.2547487677793833,0.03742582527222112,-0.8468936536437832,0.33211595843313263,0.0346412512101233,0.01498654083814472,3
0.899986667,2.003,-17.685,3.9552,0.214285714,1,0.08879262263977127,0.2649708024944994,0.0389880249532871,-0.8171138160885312,0.31529565922683106,0.18399283371400088,0.01645077663939446,3
0.899986667,2.004,-18.017,3.9841,0.111111111,1,0.17105785277701605,0.3213810951812775,0.028949735842470545,-0.8370409662276507,0.3055158607382327,0.10569716740050353,0.013817510918015615,1
0.899986667,2.003,-17.685,3.9552,0.214285714,1,0.08879262263977127,0.3055248139472678,0.04221490877476754,-0.8046268082130701,0.2933792222640477,0.13125277005252428,0.013817510918015615,1
0.899986667,2.004,-8.4102,4.0246,0.214285714,1,1.1747104093954428,0.4353330832021311,0.03737257478554966,-0.09609411309473216,0.4289011940523051,0.1525186766043771,0.013375982033321633,1
0.899986667,10.002,-8.5675,4.0645,0.214285714,1,1.1105061239133718,0.408733169012703,-0.004694406790658832,-0.10787183236330748,0.43169263619463893,0.19824642810504883,0.009326123846694827,2
0.899986667,2.003,-17.685,3.9552,0.214285714,1,0.08879262263977127,0.27403716720175,0.03966254792525433,-0.8272399349929764,0.3054830055171624,0.17351515840622597,0.013513288381509482,4
0.899986667,2.003,-17.685,3.9552,0.214285714,1,0.08879262263977127,0.2742461057577748,0.03405944134341553,-0.8037803994142451,0.3212013405491598,0.18589618223602883,0.01617478737840429,5
0.899986667,2.004,-18.017,3.9841,0.111111111,1,0.17105785277701605,0.2671787462965585,0.04660515875846613,-0.8301112895505502,0.3205804341007024,0.029616881129331887,0.007067035492509604,2
0.899986667,10.002,-8.5675,4.0645,0.214285714,1,1.1105061239133718,0.4272763786651194,0.0012271570938173681,-0.11779709940776228,0.4375323736900464,0.16844528480898588,0.013513288381509482,4
0.899986667,10.002,-8.5675,4.0645,0.214285714,1,1.1105061239133718,0.442166010630317,0.005993375634134281,-0.08793336593545974,0.46483630732400344,0.15637897400418296,0.013375982033321633,1
0.899986667,2.004,-18.017,3.9841,0.111111111,1,0.17105785277701605,0.26310972876497546,0.03276903032092378,-0.8680257436656393,0.28634795838268473,0.005086913112318143,0.015248827782925219,5
0.899986667,2.004,-8.4102,4.0246,0.214285714,1,1.1747104093954428,0.4221732456272002,0.04039422072237357,-0.11280490832403302,0.43692533345427365,0.15667183300829493,0.01617478737840429,5
0.89998,2.002,-18.229,4.0383,0.0,1,-0.42436710780236425,0.24119918872718699,0.025250164120225235,-0.86302272350993,0.28779025270370767,-0.25828192359069363,0.012540954609867185,5
0.89998,2.002,-18.229,4.0383,0.0,1,-0.42436710780236425,0.23574372273869812,0.03709563007811084,-0.820549585588742,0.2861676576081663,-0.28198308775085024,0.008599998564459383,4
0.89998,2.002,-18.229,4.0383,0.0,1,-0.42436710780236425,0.23415743782534265,0.04961847486265469,-0.8269958418165334,0.2840783476945944,-0.3046918919030577,0.005071010831743479,2
0.89998,2.002,-18.229,4.0383,0.0,1,-0.42436710780236425,0.214305739167321,0.03595597149454988,-0.8415904482488986,0.30609030517400243,-0.28116952570853754,0.010856801136396825,3
0.89998,2.002,-18.229,4.0383,0.0,1,-0.42436710780236425,0.2533719577701413,0.04755420809524367,-0.8109048250247725,0.2705596329981927,-0.3039019048155751,0.006480013761902228,1
0.899976667,2.002,40.129,4.0772,0.214285714,1,1.809020835051573,0.2918701586604584,0.045474375976482406,0.7250433218339458,0.378658083435148,0.13263963771460113,0.03210302298888564,4
0.899976667,2.002,40.129,4.0772,0.214285714,1,1.809020835051573,0.2647714689385612,0.06033353563863784,0.7564783557923511,0.4137741323909722,0.1378655934566632,0.030042000925168396,2
0.899976667,2.002,40.129,4.0772,0.214285714,1,1.809020835051573,0.2894009597494733,0.04532334299525246,0.7220899723528419,0.40183480967069046,0.10753751445561648,0.04053849374409765,5
0.899976667,2.003,-19.093,4.0479,0.0,1,-0.39541934952196967,0.2535999969454133,0.04717044073069701,-0.8158613945101387,0.27567193065886386,-0.3039019048155751,0.006480013761902228,1
0.899976667,2.003,-19.093,4.0479,0.0,1,-0.39541934952196967,0.23415743782534265,0.04961847486265469,-0.8269958418165334,0.2840783476945944,-0.3046918919030577,0.005071010831743479,2
0.899976667,2.003,-19.093,4.0479,0.0,1,-0.39541934952196967,0.24119918872718699,0.025250164120225235,-0.8757815567357465,0.28342313517583534,-0.25828192359069363,0.012540954609867185,5
0.899976667,2.003,-19.093,4.0479,0.0,1,-0.39541934952196967,0.214305739167321,0.03595597149454988,-0.8415904482488986,0.30609030517400243,-0.28116952570853754,0.010856801136396825,3
0.899976667,2.002,40.129,4.0772,0.214285714,1,1.809020835051573,0.2880021129921079,0.05654757496376987,0.7247901082225144,0.3806199511210434,0.11427498769364319,0.03303610295522958,1
0.899976667,2.003,-19.093,4.0479,0.0,1,-0.39541934952196967,0.22832145270891488,0.03709563007811084,-0.8396354231913574,0.2861676576081663,-0.28198308775085024,0.008599998564459383,4
0.899976667,2.002,40.129,4.0772,0.214285714,1,1.809020835051573,0.256996683163743,0.05869217997416854,0.7257397355523426,0.42330995116150005,0.1191650827229023,0.039849569112993775,3
0.899973333,10.001,25.724,4.0779,0.214275,1,1.705177382011006,0.2627052396090585,0.02427377252606675,0.6880572708102409,0.4300138003914617,0.11930850212462246,0.03999598388094455,3
0.899973333,10.002,-8.2751,4.0886,0.19356129,1,1.376591014876459,0.40456840834551255,0.006751112169586122,-0.10180519087938592,0.5349541429034435,0.10733502678805962,0.01666560339741409,3
0.899973333,10.002,-8.2751,4.0886,0.19356129,1,1.376591014876459,0.4456054656393826,-0.0010208093689288945,-0.08609050487168134,0.45819273515138775,0.10902902237139642,0.013513288381509482,4
0.899973333,10.001,25.724,4.0779,0.214275,1,1.705177382011006,0.29994878550176507,0.007691734374966472,0.6627382658200804,0.40818526813294737,0.10359260693192482,0.04053849374409765,5
0.899973333,10.002,-8.2751,4.0886,0.19356129,1,1.376591014876459,0.42542570452205836,0.00016729159047827125,-0.08488373362924903,0.5051422561658546,0.0941500170424115,0.016078340522944927,5
0.899973333,10.002,-8.2751,4.0886,0.19356129,1,1.376591014876459,0.45136540250998225,0.005211273739405442,-0.07918099094182253,0.4733478514617309,0.14460012026363983,0.013375982033321633,1
0.899973333,10.001,25.724,4.0779,0.214275,1,1.705177382011006,0.3023579924670048,0.011424253205768764,0.6729392502456903,0.43529878987232223,0.12807686479762195,0.030042000925168396,2
0.899973333,10.001,25.724,4.0779,0.214275,1,1.705177382011006,0.30556063577299936,0.014018521182588301,0.6814469616906718,0.39047243936220183,0.11290795507840812,0.03303610295522958,1
0.899973333,10.002,-8.2751,4.0886,0.19356129,1,1.376591014876459,0.4054844635841437,-0.006870778000447899,-0.08866794547997416,0.5163740784674883,0.09682738328818231,0.009590789289213718,2
0.899973333,10.001,25.724,4.0779,0.214275,1,1.705177382011006,0.30326892201090233,0.00396929927286692,0.6967319110268727,0.38786733463406564,0.1350272802973632,0.03244762865826487,4
0.89997,10.003,-8.6875,4.087,0.193554839,1,1.3428418926382746,0.455096971487219,0.003508120291226078,-0.08120940685505047,0.4733478514617309,0.14460012026363983,0.013375982033321633,1
0.89997,10.003,-8.6875,4.087,0.193554839,1,1.3428418926382746,0.45235933968797326,-0.0010208093689288945,-0.10668042061850429,0.4523050578078255,0.1066739514283836,0.013513288381509482,4
0.89997,10.003,-8.6875,4.087,0.193554839,1,1.3428418926382746,0.4054844635841437,-0.006870778000447899,-0.09762007905170321,0.5155221594264731,0.10062204933259636,0.009590789289213718,2
0.89997,10.004,-17.501,4.0317,0.214278571,1,0.30722676781246927,0.2812103058141656,-0.010110754507477395,-0.766098853899166,0.36387830491643397,0.19180127487052231,0.009022181825712324,2
0.89997,10.004,-17.501,4.0317,0.214278571,1,0.30722676781246927,0.2741239512362517,0.0018006902677007019,-0.8037291573313996,0.3519160000514239,0.17426927259424702,0.013513288381509482,4
0.89997,10.003,-8.6875,4.087,0.193554839,1,1.3428418926382746,0.40260983969987135,-0.002516260608099401,-0.10491023855051025,0.5349541429034435,0.10733502678805962,0.01666560339741409,3
0.89997,10.004,-17.501,4.0317,0.214278571,1,0.30722676781246927,0.3095595996757038,-0.002798566287092399,-0.8029048974812031,0.3332891383371316,0.1338296464807354,0.013375982033321633,1
0.89997,10.004,-17.501,4.0317,0.214278571,1,0.30722676781246927,0.264964382413018,6.1273985193111e-05,-0.7939507967489772,0.3730490286950953,0.1822508986433968,0.01645077663939446,3
0.89997,10.004,-17.501,4.0317,0.214278571,1,0.30722676781246927,0.27580087892711164,0.004632004003506154,-0.8145756965060719,0.35149186178809033,0.16444045889540576,0.01588804985396564,5
0.89997,10.003,-8.6875,4.087,0.193554839,1,1.3428418926382746,0.42542570452205836,0.0005973977968096733,-0.08833766599651426,0.5083299322379753,0.09425242322380654,0.015812084251083432,5
0.899966667,30.003,-9.0353,4.077,0.111107407,1,1.035080045925304,0.44683751932578164,-0.02008442674763501,-0.12504961354192345,0.44969681194517763,0.11344889680389315,0.013513288381509482,4
0.899966667,30.003,-9.0353,4.077,0.111107407,1,1.035080045925304,0.44683751932578164,-0.02008442674763501,-0.12504961354192345,0.44969681194517763,0.11344889680389315,0.013513288381509482,4
0.899966667,30.004,40.48,4.0825,0.214278571,1,1.706014829212946,0.29678740220027977,-0.026747922832146286,0.7231144917709753,0.40153444938361643,0.13267039056285285,0.03210302298888564,4
0.899966667,30.003,-9.0353,4.077,0.111107407,1,1.035080045925304,0.4047984084440395,-0.018005388535093515,-0.13879406690597534,0.5135450468631462,0.10366051385644823,0.009286847268231212,2
0.899966667,30.003,-9.0353,4.077,0.111107407,1,1.035080045925304,0.4047984084440395,-0.018005388535093515,-0.13879406690597534,0.5135450468631462,0.10366051385644823,0.009286847268231212,2
0.899966667,30.003,-9.0353,4.077,0.111107407,1,1.035080045925304,0.401513573731936,-0.02994795595004689,-0.1008604808873497,0.5413942045043223,0.10631652382900939,0.01666560339741409,3
0.899966667,30.004,40.48,4.0825,0.214278571,1,1.706014829212946,0.2586007367793354,-0.04444589369231835,0.7075788621220273,0.46128829338820654,0.11477954011410475,0.039849569112993775,3
0.899966667,30.004,40.48,4.0825,0.214278571,1,1.706014829212946,0.26897920153918675,-0.036143127847462896,0.7353077098494396,0.4487051371880807,0.12957407207228244,0.02966533332131803,2
0.899966667,30.003,-9.0353,4.077,0.111107407,1,1.035080045925304,0.4614270503833541,-0.022154013569524976,-0.09158511355519294,0.48090637068031356,0.14292522873030974,0.013375982033321633,1
0.899966667,30.004,40.48,4.0825,0.214278571,1,1.706014829212946,0.2909755062498152,-0.026904867369448766,0.713887316758046,0.4214704367693048,0.10067750260233879,0.040456568752415475,5
0.899966667,30.003,-9.0353,4.077,0.111107407,1,1.035080045925304,0.401513573731936,-0.02994795595004689,-0.1008604808873497,0.5413942045043223,0.10631652382900939,0.01666560339741409,3
0.899966667,30.003,-9.0353,4.077,0.111107407,1,1.035080045925304,0.4246194530883804,-0.01818172000814229,-0.09589322365820407,0.512859198958613,0.09329684602911584,0.015812084251083432,5
0.899966667,30.003,-9.0353,4.077,0.111107407,1,1.035080045925304,0.4246194530883804,-0.01818172000814229,-0.09589322365820407,0.512859198958613,0.09329684602911584,0.015812084251083432,5
0.899966667,30.003,-9.0353,4.077,0.111107407,1,1.035080045925304,0.4614270503833541,-0.022154013569524976,-0.09158511355519294,0.48090637068031356,0.14292522873030974,0.013375982033321633,1
0.899966667,30.004,40.48,4.0825,0.214278571,1,1.706014829212946,0.3121311808633618,-0.02774462166853482,0.7114611206948758,0.40379549042554574,0.11148860077373683,0.03303610295522958,1
0.899963333,2.002,-18.995,4.0547,0.0,1,-0.44851350212496927,0.2535999969454133,0.04717044073069701,-0.8158613945101387,0.2844140377372969,-0.3039019048155751,0.006480013761902228,1
0.899963333,2.002,-18.995,4.0547,0.0,1,-0.44851350212496927,0.21082751646987163,0.04961847486265469,-0.8407353291590698,0.2935398632776923,-0.3084328415896744,0.005071010831743479,2
0.899963333,2.002,-18.995,4.0547,0.0,1,-0.44851350212496927,0.22832145270891488,0.03709563007811084,-0.8396354231913574,0.2861676576081663,-0.28198308775085024,0.008599998564459383,4
0.899963333,2.002,-18.995,4.0547,0.0,1,-0.44851350212496927,0.20314504708832828,0.03595597149454988,-0.8454180100362282,0.3329200819612015,-0.27261174340499567,0.012696324498392642,3
0.899963333,2.002,-18.995,4.0547,0.0,1,-0.44851350212496927,0.24119918872718699,0.025250164120225235,-0.8757815567357465,0.28342313517583534,-0.25828192359069363,0.012540954609867185,5
0.89996,2.003,-18.347,4.0519,0.0,1,-0.4316528984592428,0.2535999969454133,0.04717044073069701,-0.8158613945101387,0.2844140377372969,-0.3039019048155751,0.006480013761902228,1
0.89996,2.003,-18.347,4.0519,0.0,1,-0.4316528984592428,0.22832145270891488,0.03709563007811084,-0.8396354231913574,0.2861676576081663,-0.28198308775085024,0.008599998564459383,4
0.89996,2.003,-18.347,4.0519,0.0,1,-0.4316528984592428,0.21082751646987163,0.04961847486265469,-0.8407353291590698,0.2935398632776923,-0.3084328415896744,0.005071010831743479,2
0.89996,2.003,-18.347,4.0519,0.0,1,-0.4316528984592428,0.20314504708832828,0.03595597149454988,-0.8454180100362282,0.3329200819612015,-0.27261174340499567,0.012696324498392642,3
0.89996,2.003,-18.347,4.0519,0.0,1,-0.4316528984592428,0.24119918872718699,0.025250164120225235,-0.8757815567357465,0.28342313517583534,-0.25828192359069363,0.012540954609867185,5
0.89989,10.003,-17.614,4.0499,0.0,1,-0.597467444443374,0.25683309032960094,-0.00310727479722118,-0.7968931303895078,0.2819291557755787,-0.31407885605236513,0.006480013761902228,1
0.89989,10.002,-18.569,4.0401,0.0,1,-0.5813884581661248,0.2560932261814014,-0.0010203539844951593,-0.8078203343437054,0.2711031293461565,-0.31407885605236513,0.006480013761902228,1
0.89989,10.003,-17.614,4.0499,0.0,1,-0.597467444443374,0.22428611789597197,-0.0019484581187134609,-0.805581127514597,0.2832811801694334,-0.3144690614659339,0.0032528725452721117,2
0.89989,10.002,-18.569,4.0401,0.0,1,-0.5813884581661248,0.21514784489525482,-0.0019484581187134609,-0.8296729352814145,0.2832811801694334,-0.3144690614659339,0.0032528725452721117,2
0.89989,10.003,-17.614,4.0499,0.0,1,-0.597467444443374,0.23608227481832728,0.0007927997433580459,-0.7979536059102975,0.2961464112997055,-0.286030149795115,0.008599998564459383,4
0.89989,10.003,-17.614,4.0499,0.0,1,-0.597467444443374,0.20276288733555703,-0.0022390415996778757,-0.8138092578039504,0.3303288784308825,-0.2779527813126333,0.012696324498392642,3
0.89989,10.002,-18.569,4.0401,0.0,1,-0.5813884581661248,0.24275396189652385,-0.00025610590470023456,-0.8646694481419399,0.28812637375434863,-0.25828192359069363,0.012540954609867185,5
0.89989,10.003,-17.614,4.0499,0.0,1,-0.597467444443374,0.24275396189652385,0.0007474752620328218,-0.840112166707404,0.2986118863406591,-0.25801566725829617,0.010963898431509734,5
0.89989,10.002,-18.569,4.0401,0.0,1,-0.5813884581661248,0.20314504708832828,0.000651041156379506,-0.8350748304952867,0.30901765267946757,-0.2865105636161752,0.010856801136396825,3
0.89989,10.002,-18.569,4.0401,0.0,1,-0.5813884581661248,0.22866000478854404,0.0007927997433580459,-0.8319387296563946,0.29035224390216174,-0.286030149795115,0.008599998564459383,4
0.8998,30.001,1.2638,4.087,0.214285714,1,1.475995997746744,0.3720989355328493,-0.00744856141274795,0.25895832616370174,0.4849239353102166,0.10681361758033744,0.037686819504015145,5
0.8998,30.003,1.9027,4.0772,0.111114815,1,1.4310529979092943,0.33741541780967965,-0.03135364473506343,0.293256014106446,0.5416275883605703,0.06944407812552526,0.04052873340900987,3
0.8998,30.003,1.9027,4.0772,0.111114815,1,1.4310529979092943,0.37554732446325945,-0.019987069508060812,0.3115012138709426,0.45371920600533483,0.09232298201997764,0.033271844242699446,4
0.8998,30.001,1.2638,4.087,0.214285714,1,1.475995997746744,0.33970442958612695,-0.008599799000076019,0.2749843477230752,0.5116383154084906,0.12868317877175287,0.040991882677190006,3
0.8998,30.003,1.9027,4.0772,0.111114815,1,1.4310529979092943,0.37676439533854134,-0.022010815277753865,0.328008835434448,0.47252278722124175,0.10999422801658511,0.034132053068606186,1
0.8998,30.003,1.9027,4.0772,0.111114815,1,1.4310529979092943,0.36956934658577667,-0.01818172000814229,0.2791727599268779,0.5070672342227772,0.057085898829391225,0.03717673562001437,5
0.8998,30.001,1.2638,4.087,0.214285714,1,1.475995997746744,0.36019889953779055,-0.015592959836649243,0.281556551407557,0.47749716744525356,0.12098784053698182,0.029603935302002355,1
0.8998,30.001,1.2638,4.087,0.214285714,1,1.475995997746744,0.36000002135755493,-0.018306300519034268,0.29141119626350703,0.47243615014944224,0.14637976963655092,0.033271844242699446,4
0.8998,30.003,1.9027,4.0772,0.111114815,1,1.4310529979092943,0.3366206310805865,-0.018005388535093515,0.32118039098451845,0.5400933190388605,0.0834804282616824,0.026256635026074945,2
0.8998,30.001,1.2638,4.087,0.214285714,1,1.475995997746744,0.35352503625210374,-0.015311927422881127,0.2308613603177946,0.47452994564082474,0.1613493767287582,0.023972901301458478,2
0.899503333,30.002,-8.5857,4.075,0.0,1,0.22912085877819327,0.34102303919760746,-0.016216196038585623,-0.1802731459075585,0.39400764619582335,-0.3933326963544823,0.006480013761902228,1
0.899503333,30.002,-8.5857,4.075,0.0,1,0.22912085877819327,0.356341136530973,-0.01227087713778019,-0.19073222850915045,0.402377426950261,-0.3294317730772309,0.010963898431509734,5
0.899503333,30.002,-8.5857,4.075,0.0,1,0.22912085877819327,0.30788763857417506,-0.021460541553678922,-0.20216360496124253,0.435911825891817,-0.34633923097513614,0.012696324498392642,3
0.899503333,30.002,-8.5857,4.075,0.0,1,0.22912085877819327,0.3278541704174131,-0.026184633162338287,-0.17365107133984567,0.3765522402105853,-0.3748642553389072,0.0014545492455363275,2
0.899503333,30.002,-8.5857,4.075,0.0,1,0.22912085877819327,0.3375379797606729,-0.03137559280730784,-0.19832456106203608,0.3805343481292948,-0.38602129282196984,0.008599998564459383,4
0.899493333,30.003,-8.5595,4.0719,0.0,1,0.2458977177237259,0.34011914552567757,-0.020195561461441684,-0.1802731459075585,0.3964492754230741,-0.39089106695959347,0.006480013761902228,1
0.899493333,30.003,-8.5595,4.0719,0.0,1,0.2458977177237259,0.33853154137497765,-0.03299367892555893,-0.19832456106203608,0.38016531088855116,-0.3850277312728576,0.008599998564459383,4
0.899493333,30.003,-8.5595,4.0719,0.0,1,0.2458977177237259,0.356341136530973,-0.013772958517074585,-0.19073222850915045,0.4031284677516669,-0.3286807322013192,0.010963898431509734,5
0.899493333,30.003,-8.5595,4.0719,0.0,1,0.2458977177237259,0.28361378164001505,-0.025029047775897196,-0.2153878512396477,0.43781943183043043,-0.3444316251762211,0.012696324498392642,3
0.899493333,30.003,-8.5595,4.0719,0.0,1,0.2458977177237259,0.3278541704174131,-0.02815639483043924,-0.17365107133984567,0.37753812118899077,-0.3738783746212721,0.0014545492455363275,2
0.896926667,30.002,-18.473,4.0561,0.0,1,-0.5650303228215625,0.2149744865531102,-0.023142343232757413,-0.8253395066852681,0.2891698838118464,-0.3224583070538938,0.0014545492455363275,2
0.896926667,30.002,-18.473,4.0561,0.0,1,-0.5650303228215625,0.19733142171724466,-0.01581537437334191,-0.8220510123181157,0.3380432700191159,-0.27059203311568125,0.012696324498392642,3
0.896926667,30.002,-18.473,4.0561,0.0,1,-0.5650303228215625,0.258834451897128,-0.013787468290829566,-0.8097846965165809,0.2860777087940369,-0.308321078105364,0.006480013761902228,1
0.896926667,30.002,-18.473,4.0561,0.0,1,-0.5650303228215625,0.2271222220407799,-0.01812991258921102,-0.8197703761025332,0.2928260781709105,-0.2874773825460579,0.008599998564459383,4
0.896926667,30.002,-18.473,4.0561,0.0,1,-0.5650303228215625,0.24253095612395556,-0.009301388221792876,-0.8623353792820125,0.2908498379518278,-0.2524941126187332,0.010963898431509734,5
0.85002,10.003,-9.4867,4.0113,0.0,1,0.1958183750477104,0.32908388761250534,-0.0028726569804712197,-0.22076285482151434,0.3600131355889607,-0.39035409424221146,0.009061259418958799,1
0.85002,10.003,-9.4867,4.0113,0.0,1,0.1958183750477104,0.34033422070089725,0.0038205830403603615,-0.23394232027581893,0.31729496791027484,-0.3786635430203751,0.008599998564459383,4
0.85002,10.003,-9.4867,4.0113,0.0,1,0.1958183750477104,0.3526828197948635,-0.003455072765937075,-0.23634569979738443,0.34660939149092884,-0.33495332771679387,0.010963898431509734,5
0.85002,10.003,-9.4867,4.0113,0.0,1,0.1958183750477104,0.2838905005060951,-0.007884208780014888,-0.2197379743610509,0.37889487318811005,-0.36682568781543523,0.010856801136396825,3
0.85002,10.003,-9.4867,4.0113,0.0,1,0.1958183750477104,0.32751483196159825,-0.004990748048294335,-0.22349191626533865,0.34466836955863983,-0.36886421659961344,0.0032528725452721117,2
0.850016667,2.003,0.84005,4.0026,0.214285714,1,1.4662257803907763,0.3602147361403331,0.049673447154928,0.11784706952399575,0.39361742697190494,0.17986776910722255,0.01655171685386449,2
0.850016667,10.001,-8.7273,4.0231,0.0,1,0.1594173366700492,0.332995781902282,0.010463016833236907,-0.19454029430868103,0.3615754685655702,-0.3923741933354177,0.006480013761902228,1
0.850016667,10.001,-8.7273,4.0231,0.0,1,0.1594173366700492,0.28584906913310987,0.006324841877212748,-0.2181552713527344,0.39310263718129135,-0.3622577614756301,0.010856801136396825,3
0.850016667,10.001,-8.7273,4.0231,0.0,1,0.1594173366700492,0.3399956686212681,0.005168847544118762,-0.21597263929783367,0.3636657020635903,-0.37338087158743294,0.008599998564459383,4
0.850016667,10.001,-8.7273,4.0231,0.0,1,0.1594173366700492,0.32751483196159825,0.013951273986604064,-0.22349191626533865,0.3469622050295584,-0.36282799672335386,0.005071010831743479,2
0.850016667,2.003,0.84005,4.0026,0.214285714,1,1.4662257803907763,0.3501567135332152,0.04963965599774383,0.19768017495516688,0.39849449675530196,0.15130026284023187,0.024567769481800495,4
0.850016667,10.001,-8.7273,4.0231,0.0,1,0.1594173366700492,0.35534494172898123,-0.00290796946384944,-0.21452407833654433,0.3459706888673827,-0.33521958404919133,0.012540954609867185,5
0.850016667,2.003,0.84005,4.0026,0.214285714,1,1.4662257803907763,0.38909965962637216,0.05017643470113398,0.09649586411425844,0.40310663578333333,0.1472646263835486,0.018873990055872127,1
0.850016667,2.003,0.84005,4.0026,0.214285714,1,1.4662257803907763,0.34852939404518113,0.05315550850704312,0.11131820140057243,0.43765787879703566,0.16487744569545612,0.02570156944449991,3
0.850016667,2.003,0.84005,4.0026,0.214285714,1,1.4662257803907763,0.3697181375988293,0.04476597593864426,0.26304422396235166,0.43275415737647566,0.11916338653187268,0.03753943874733522,5
0.850013333,10.002,1.282,4.0401,0.214282143,1,1.4461270475442152,0.3356063942468609,0.006907623065635562,0.2813222115172539,0.47134215973783283,0.14234314528526737,0.040313906650990244,3
0.850013333,10.002,1.282,4.0401,0.214282143,1,1.4461270475442152,0.3539013488148339,-0.004694406790658832,0.22599161557736808,0.44595404554624113,0.163188895881176,0.023317143842577933,2
0.850013333,10.002,1.282,4.0401,0.214282143,1,1.4461270475442152,0.3720989355328493,0.001211927633266896,0.2604803089052439,0.451329705552198,0.11916338653187268,0.03753943874733522,5
0.850013333,10.002,1.282,4.0401,0.214282143,1,1.4461270475442152,0.3485571338725276,0.007671643428329844,0.2800898748054169,0.43989516235189513,0.12294969101436436,0.029603935302002355,1
0.850013333,10.002,1.282,4.0401,0.214282143,1,1.4461270475442152,0.36015354010742157,0.0013245143333915621,0.2873560402775183,0.4255200941346993,0.1427836695977021,0.033271844242699446,4
0.85001,2.003,11.15,4.0254,0.222225926,1,1.5982632892299922,0.3094922977752867,0.05415245743119158,0.5332145266095176,0.4368673526728526,0.10573975295294076,0.04018316608853638,3
0.85001,2.003,11.15,4.0254,0.222225926,1,1.5982632892299922,0.3515414739632979,0.04440810903091915,0.5056094064563513,0.4024102662317455,0.14072844181151595,0.032977798157371584,4
0.85001,2.003,11.15,4.0254,0.222225926,1,1.5982632892299922,0.33154584708157925,0.051344666897202844,0.5306050079758279,0.4159503261442296,0.11476465646061115,0.03360191464424133,1
0.85001,2.003,11.15,4.0254,0.222225926,1,1.5982632892299922,0.3438258882076479,0.05307994896080345,0.49555765291210263,0.3886857590125874,0.11474704899825156,0.031446083267219364,2
0.85001,2.003,11.15,4.0254,0.222225926,1,1.5982632892299922,0.3422811794525478,0.04129747788188979,0.49518096175510434,0.41796092423144726,0.12939184589195066,0.03977469056146219,5
0.85,10.002,-9.8015,4.0293,0.0,1,0.13862073115520454,0.3056767942616716,0.0044917432498186825,-0.4508175793883856,0.3188301505334675,-0.33778148956829684,0.008599998564459383,4
0.85,30.003,25.472,4.0681,0.214282143,1,1.6138956369995399,0.3089912936836481,-0.02680246113683097,0.6300582735205534,0.4057527581928298,0.11770638976246119,0.040022450471296905,5
0.85,30.004,-8.8553,4.0579,0.214278571,1,0.960296010792057,0.4048513998952694,-0.021029464285820722,-0.14083741431124508,0.455303120049648,0.19223469553980976,0.009022181825712324,2
0.85,10.002,-9.8015,4.0293,0.0,1,0.13862073115520454,0.30740312526613706,-0.0011695035322918557,-0.412169397037942,0.3274176720308606,-0.35358869984047486,0.006480013761902228,1
0.85,30.003,25.472,4.0681,0.214282143,1,1.6138956369995399,0.3011496907286346,-0.035220690416172144,0.6465638253232464,0.4317492437339388,0.14942985555157065,0.028840524507686496,2
0.85,10.002,-7.9638,4.039,0.214278571,1,1.2167223440261021,0.40770725831389426,-0.004694406790658832,-0.08230298487353138,0.42885307550430296,0.182261746567674,0.009326123846694827,2
0.85,30.004,-8.8553,4.0579,0.214278571,1,0.960296010792057,0.44756629396695646,-0.023014325636031573,-0.1036783042550087,0.4692706894944422,0.15256338604958727,0.013375982033321633,1
0.85,30.004,-8.8553,4.0579,0.214278571,1,0.960296010792057,0.44756629396695646,-0.023014325636031573,-0.1036783042550087,0.4692706894944422,0.15256338604958727,0.013375982033321633,1
0.85,30.004,-8.8553,4.0579,0.214278571,1,0.960296010792057,0.4250016926298849,-0.025406681429594756,-0.13616629233118147,0.45980280613992364,0.17046712873037906,0.013513288381509482,4
0.85,30.001,10.58,4.0644,0.214282143,1,1.4980487740644985,0.3725352511764504,-0.01863934566266835,0.44626198427286,0.42738905547186734,0.1420651748951059,0.033271844242699446,4
0.85,30.004,-8.8553,4.0579,0.214278571,1,0.960296010792057,0.42374779216013847,-0.01899420444155112,-0.12171614992897957,0.4527726057032123,0.14960700864321552,0.01588804985396564,5
0.85,30.001,10.58,4.0644,0.214282143,1,1.4980487740644985,0.34290466508129613,-0.008473927843151614,0.48906403430271894,0.446654989332892,0.12158719505066984,0.03948795303702354,5
0.85,10.002,-9.8015,4.0293,0.0,1,0.13862073115520454,0.28230774756055327,-0.0032255948206875475,-0.5421965178428217,0.3450720756361261,-0.29337491812882943,0.012540954609867185,5
0.85,30.004,-8.8553,4.0579,0.214278571,1,0.960296010792057,0.4048513998952694,-0.021029464285820722,-0.14083741431124508,0.455303120049648,0.19223469553980976,0.009022181825712324,2
0.85,30.004,-8.8553,4.0579,0.214278571,1,0.960296010792057,0.36949063380219743,-0.034196976289968005,-0.12861612887820228,0.4945264452765696,0.17155009164242074,0.016850673044100404,3
0.85,30.004,-8.8553,4.0579,0.214278571,1,0.960296010792057,0.4250016926298849,-0.025406681429594756,-0.13616629233118147,0.45980280613992364,0.17046712873037906,0.013513288381509482,4
0.85,30.004,-8.8553,4.0579,0.214278571,1,0.960296010792057,0.36949063380219743,-0.034196976289968005,-0.12861612887820228,0.4945264452765696,0.17155009164242074,0.016850673044100404,3
0.85,30.003,25.472,4.0681,0.214282143,1,1.6138956369995399,0.32051819091895595,-0.027622947112249677,0.6728062060754746,0.41046297636115925,0.1103261499106884,0.03303610295522958,1
0.85,10.002,-7.9638,4.039,0.214278571,1,1.2167223440261021,0.41780501971021294,0.0012271570938173681,-0.09855927724391222,0.4312113145040348,0.17080035575199873,0.013513288381509482,4
0.85,30.003,25.472,4.0681,0.214282143,1,1.6138956369995399,0.2595007078323397,-0.04185605525271967,0.6599232301383745,0.458910656531807,0.12540175208821894,0.03971790425945074,3
0.85,10.002,-7.9638,4.039,0.214278571,1,1.2167223440261021,0.4259246272523887,0.001211927633266896,-0.09152007271535695,0.43398543118033556,0.15083223712281324,0.01617478737840429,5
0.85,10.002,-9.8015,4.0293,0.0,1,0.13862073115520454,0.2724361840329948,0.0013831639976706355,-0.28164375259308144,0.39019163326942363,-0.3534532066481188,0.010856801136396825,3
0.85,10.002,-7.9638,4.039,0.214278571,1,1.2167223440261021,0.4290121979964897,0.00752844513655873,-0.09096805214881896,0.42967282081721353,0.155880691728089,0.013375982033321633,1
0.85,30.001,10.58,4.0644,0.214282143,1,1.4980487740644985,0.3500525300926529,-0.017359022220189216,0.5104183591902256,0.4521980776381679,0.11283544246573002,0.03360191464424133,1
0.85,30.001,10.58,4.0644,0.214282143,1,1.4980487740644985,0.3508745169453323,-0.017357552889734507,0.4843561678100377,0.4556906355870888,0.1554605160932988,0.030826997263357043,2
0.85,30.004,-8.8553,4.0579,0.214278571,1,0.960296010792057,0.42374779216013847,-0.01899420444155112,-0.12171614992897957,0.4527726057032123,0.14960700864321552,0.01588804985396564,5
0.85,30.003,25.472,4.0681,0.214282143,1,1.6138956369995399,0.32462254552170633,-0.023548820912837984,0.6555245606927201,0.4021502651274204,0.13508045227383264,0.03244762865826487,4
0.85,30.001,10.58,4.0644,0.214282143,1,1.4980487740644985,0.3096729159794631,-0.004812220013700425,0.5268116390437353,0.48446578707545995,0.1382619242882356,0.040311414613388476,3
0.85,10.002,-9.8015,4.0293,0.0,1,0.13862073115520454,0.2684589346521534,-0.0022135330823948606,-0.46274176037870346,0.3434866488911211,-0.31061674053315075,0.0032528725452721117,2
0.85,10.002,-7.9638,4.039,0.214278571,1,1.2167223440261021,0.36191716453962725,0.0083133118506521,-0.11347811242798343,0.4570399758662097,0.1792155909887515,0.01645077663939446,3
0.849996667,2.003,-7.8147,4.0121,0.0,1,0.49241425906814734,0.35555392799549734,0.040328453484689816,-0.1719444452645257,0.34387410562019793,-0.3296287002810277,0.012540954609867185,5
0.849996667,30.003,-17.589,3.9886,0.214278571,1,0.11408352813836094,0.2587457649712451,-0.01667686740111094,-0.7733189937705174,0.35630239313934,0.19958565730019473,0.009022181825712324,2
0.849996667,30.003,-17.589,3.9886,0.214278571,1,0.11408352813836094,0.24688144559710054,-0.02712164725351613,-0.7896906762639992,0.35699330242583527,0.18039496679324657,0.01645077663939446,3
0.849996667,30.003,-17.589,3.9886,0.214278571,1,0.11408352813836094,0.3175682589155622,-0.02127637915167725,-0.800348295904696,0.32987032560864465,0.13216101893922313,0.013817510918015615,1
0.849996667,30.003,-17.589,3.9886,0.214278571,1,0.11408352813836094,0.2801802444271743,-0.022081863498315216,-0.8157116680964828,0.3087039168085903,0.17275077968603,0.013513288381509482,4
0.849996667,30.003,-17.589,3.9886,0.214278571,1,0.11408352813836094,0.2749946274934337,-0.01725777457235381,-0.8122416276461445,0.333577079877723,0.16016339835128746,0.01588804985396564,5
0.849996667,30.003,-17.589,3.9886,0.214278571,1,0.11408352813836094,0.2587457649712451,-0.01667686740111094,-0.7733189937705174,0.35630239313934,0.19958565730019473,0.009022181825712324,2
0.849996667,30.003,-17.589,3.9886,0.214278571,1,0.11408352813836094,0.2801802444271743,-0.022081863498315216,-0.8157116680964828,0.3087039168085903,0.17275077968603,0.013513288381509482,4
0.849996667,2.003,-7.8147,4.0121,0.0,1,0.49241425906814734,0.31454181995941327,0.0608192570740357,-0.1291286047908943,0.34476761846104637,-0.3424396185087971,0.005071010831743479,2
0.849996667,2.003,-7.8147,4.0121,0.0,1,0.49241425906814734,0.2751719784058514,0.05422216320293956,-0.1903118658240419,0.37202231570961886,-0.36148464990779755,0.010856801136396825,3
0.849996667,30.003,-17.589,3.9886,0.214278571,1,0.11408352813836094,0.3175682589155622,-0.02127637915167725,-0.800348295904696,0.32987032560864465,0.13216101893922313,0.013817510918015615,1
0.849996667,30.003,-17.589,3.9886,0.214278571,1,0.11408352813836094,0.24688144559710054,-0.02712164725351613,-0.7896906762639992,0.35699330242583527,0.18039496679324657,0.01645077663939446,3
0.849996667,30.003,-17.589,3.9886,0.214278571,1,0.11408352813836094,0.2749946274934337,-0.01725777457235381,-0.8122416276461445,0.333577079877723,0.16016339835128746,0.01588804985396564,5
0.849996667,2.003,-7.8147,4.0121,0.0,1,0.49241425906814734,0.32219113099068636,0.05519494514359394,-0.1807155081187375,0.35301268290844745,-0.38938901565386913,0.009061259418958799,1
0.849996667,2.003,-7.8147,4.0121,0.0,1,0.49241425906814734,0.33110013603582045,0.057368426059838384,-0.1700014948460739,0.32056859403382987,-0.38116652189171873,0.008599998564459383,4
0.849993333,2.002,26.022,4.0515,0.214296429,1,1.7319756924730876,0.30128824662650006,0.045474375976482406,0.701297942311503,0.35204172286204993,0.14005348291888367,0.03244762865826487,4
0.849993333,2.002,26.022,4.0515,0.214296429,1,1.7319756924730876,0.3005445004149806,0.04522093675797805,0.6644960695097688,0.3692313183797523,0.12634594432078303,0.04030918799573555,5
0.849993333,2.002,26.022,4.0515,0.214296429,1,1.7319756924730876,0.27472326551214793,0.06203046477865428,0.6963192243641242,0.38545628905994817,0.15237373203097376,0.029324719845317305,2
0.849993333,2.002,26.022,4.0515,0.214296429,1,1.7319756924730876,0.25378740447777093,0.05869217997416854,0.6960349687805865,0.3813669412839226,0.09379263311624526,0.03971790425945074,3
0.849993333,2.002,26.022,4.0515,0.214296429,1,1.7319756924730876,0.29372308764141053,0.05654757496376987,0.6980870148539543,0.37784910038812086,0.11338676187559031,0.03303610295522958,1
0.84999,10.003,25.524,4.0434,0.214282143,1,1.66553821445251,0.25751449461298764,0.00753567605977878,0.6743117612286005,0.41353219592710955,0.13236093192361295,0.03931800785474479,3
0.84999,2.002,-18.1,3.9016,0.214285714,1,0.025872422867341528,0.2453522021183744,0.047762025055126285,-0.8191759111871942,0.22673949879594146,0.1798905916127842,0.009641267829574645,2
0.84999,2.002,-18.1,3.9016,0.214285714,1,0.025872422867341528,0.3039111791970208,0.04221490877476754,-0.8200359934614971,0.2638438946683891,0.12886739691370167,0.013817510918015615,1
0.84999,2.003,-18.103,3.9227,0.214282143,1,0.0976695629803358,0.3055248139472678,0.04221490877476754,-0.8157176865357906,0.2845622091391124,0.1307544877764303,0.013817510918015615,1
0.84999,2.003,-18.103,3.9227,0.214282143,1,0.0976695629803358,0.2743174928857479,0.03429621553281322,-0.812938321030233,0.27964336893637665,0.18336289477418177,0.01617478737840429,5
0.84999,10.003,25.524,4.0434,0.214282143,1,1.66553821445251,0.31468933149473743,0.0032921949785668404,0.6630148418294266,0.38507089381106197,0.1350272802973632,0.03244762865826487,4
0.84999,2.002,-18.1,3.9016,0.214285714,1,0.025872422867341528,0.2743174928857479,0.03429621553281322,-0.812938321030233,0.27162617218331436,0.18476121316547506,0.01617478737840429,5
0.84999,2.002,-18.1,3.9016,0.214285714,1,0.025872422867341528,0.2709602282545529,0.048321263290708884,-0.839250750746578,0.24636044915299862,0.15909906224696896,0.013513288381509482,4
0.84999,10.003,25.524,4.0434,0.214282143,1,1.66553821445251,0.3097975451173261,0.006489231123123318,0.6442152285354678,0.38616513717453926,0.12053956914693117,0.040022450471296905,5
0.84999,2.003,-18.103,3.9227,0.214282143,1,0.0976695629803358,0.2453522021183744,0.043135968759306705,-0.8197122273547575,0.2851478472817689,0.18420644378173165,0.009641267829574645,2
0.84999,2.003,-18.103,3.9227,0.214282143,1,0.0976695629803358,0.2484086578778806,0.0389880249532871,-0.8247627722029575,0.2953807871672325,0.19058761886786668,0.015969405467621982,3
0.84999,10.003,25.524,4.0434,0.214282143,1,1.66553821445251,0.31148093144176525,0.004886465228046291,0.6776893061213195,0.3672087802761234,0.11364345558919013,0.03303610295522958,1
0.84999,10.003,25.524,4.0434,0.214282143,1,1.66553821445251,0.29804007437778635,0.00562131148763001,0.6729379506316036,0.4055522173992358,0.14757507964561228,0.029144466528669,2
0.84999,2.002,-18.1,3.9016,0.214285714,1,0.025872422867341528,0.2484086578778806,0.0389880249532871,-0.8271238993410952,0.2717797236028127,0.19095405150670558,0.015969405467621982,3
0.84999,2.003,-18.103,3.9227,0.214282143,1,0.0976695629803358,0.27403716720175,0.03966254792525433,-0.8350364586198702,0.29317395782098177,0.17292727580177597,0.013513288381509482,4
0.849986667,2.003,-8.5796,3.9664,0.214289286,1,1.0378715365984374,0.4255102382716723,0.04963965599774383,-0.11533158817328512,0.38961477189324795,0.17560869483160788,0.013513288381509482,4
0.849986667,2.003,-8.5796,3.9664,0.214289286,1,1.0378715365984374,0.38724545753910206,0.05578576396452263,-0.109784327452071,0.39419717971701174,0.19162004103302024,0.009641267829574645,2
0.849986667,10.002,40.576,4.0688,0.214278571,1,1.744816549569502,0.2917817576834932,0.006038643668871373,0.7241882202180568,0.3831639547110535,0.11537178717553616,0.04030918799573555,5
0.849986667,10.002,40.576,4.0688,0.214278571,1,1.744816549569502,0.29709620457375424,0.012503266794956289,0.7208373766718432,0.3838049534265883,0.11480590645223857,0.03303610295522958,1
0.849986667,2.003,-8.5796,3.9664,0.214289286,1,1.0378715365984374,0.4316581921069883,0.049855645823117814,-0.09768173908814788,0.4165208344417624,0.1529602054611314,0.013817510918015615,1
0.849986667,10.002,40.576,4.0688,0.214278571,1,1.744816549569502,0.2884020041220356,0.0032921949785668404,0.7265351940738037,0.3576255536545068,0.13299920091289097,0.03210302298888564,4
0.849986667,10.002,40.576,4.0688,0.214278571,1,1.744816549569502,0.26287682572961785,0.00562131148763001,0.7631782146077604,0.40225680557312443,0.1471592242602492,0.029009575862437485,2
0.849986667,10.002,40.576,4.0688,0.214278571,1,1.744816549569502,0.24807884803245542,0.010425758815836161,0.7279133510740939,0.4077470807102509,0.1300588785018772,0.03957148949149996,3
0.849986667,2.003,-8.5796,3.9664,0.214289286,1,1.0378715365984374,0.42393055793247186,0.04476597593864426,-0.12161899667233228,0.3881133477576077,0.1593922904774081,0.01617478737840429,5
0.849986667,2.003,-8.5796,3.9664,0.214289286,1,1.0378715365984374,0.3725942551714252,0.05185192683711648,-0.1365570401516743,0.41361812766408546,0.14366757845273243,0.01645077663939446,3
0.849983333,10.003,-18.471,3.958,0.214292857,1,0.13649919824362305,0.27755819123238323,0.00339894495671615,-0.8172255722549744,0.3014577967324294,0.19263869440066628,0.01588804985396564,5
0.849983333,10.003,-18.471,3.958,0.214292857,1,0.13649919824362305,0.2480264983206871,0.003531429669819772,-0.8083879355923272,0.31751486217835917,0.14934650908689945,0.01645077663939446,3
0.849983333,10.003,-18.471,3.958,0.214292857,1,0.13649919824362305,0.24939186316449194,-0.0021354888536734506,-0.7959017752064392,0.29735569859854877,0.20765369475702755,0.009326123846694827,2
0.849983333,10.003,-18.471,3.958,0.214292857,1,0.13649919824362305,0.2655258609377779,0.003971414865227416,-0.8511115054832772,0.2929420214565471,0.18211510528810324,0.013513288381509482,4
0.849983333,10.003,-18.471,3.958,0.214292857,1,0.13649919824362305,0.3101321317185648,0.005974441236176063,-0.8193166113388725,0.3147239636513405,0.13597660689381882,0.013817510918015615,1
0.849973333,2.003,40.048,4.06,0.214282143,1,1.7894804003396383,0.2581490180885885,0.06203046477865428,0.7658105332637206,0.3943905231379904,0.14175329260120634,0.029324719845317305,2
0.849973333,2.003,40.048,4.06,0.214282143,1,1.7894804003396383,0.2913170715898741,0.045474375976482406,0.7250433218339458,0.35344096736051145,0.13263963771460113,0.03210302298888564,4
0.849973333,2.003,40.048,4.06,0.214282143,1,1.7894804003396383,0.24807884803245542,0.05869217997416854,0.7346575707022567,0.4028906579851173,0.12949821714311838,0.03957148949149996,3
0.849973333,10.002,10.904,4.0534,0.214275,1,1.5683943390274633,0.34290466508129613,0.0021151847927831113,0.4972792096203193,0.43073346904013304,0.11841768874670379,0.03977469056146219,5
0.849973333,2.003,40.048,4.06,0.214282143,1,1.7894804003396383,0.2880021129921079,0.05654757496376987,0.7241049702465534,0.3827376508782618,0.11284242616849952,0.03303610295522958,1
0.849973333,10.002,10.904,4.0534,0.214275,1,1.5683943390274633,0.33688628384144975,0.00804030655825045,0.5306428590067662,0.4396618680772372,0.11529557521920651,0.03360191464424133,1
0.849973333,10.002,10.904,4.0534,0.214275,1,1.5683943390274633,0.3533076143683866,0.0022259280330035837,0.505112954005599,0.40928773530758916,0.13570223918999547,0.032977798157371584,4
0.849973333,2.003,40.048,4.06,0.214282143,1,1.7894804003396383,0.2894009597494733,0.04522093675797805,0.7220899723528419,0.37917797213653104,0.11931669469922782,0.04030918799573555,5
0.849973333,10.002,10.904,4.0534,0.214275,1,1.5683943390274633,0.34751366373850034,-0.0033292043302208187,0.49817147326190026,0.4333385514235124,0.15302585831901525,0.03113093928433955,2
0.849973333,10.002,10.904,4.0534,0.214275,1,1.5683943390274633,0.3094922977752867,0.007904571989784018,0.5287892079353332,0.469072859659791,0.13886946100275963,0.040583062493242325,3
0.84997,10.002,25.24,4.0632,0.214278571,1,1.6820080094239978,0.29001367141696394,0.009531641032081097,0.6412919112248346,0.42790996842319146,0.12964163654483854,0.03971790425945074,3
0.84997,10.002,25.24,4.0632,0.214278571,1,1.6820080094239978,0.30548321462934835,0.012624941351241432,0.678748176037334,0.39423071457305925,0.11364345558919013,0.03271211371291429,1
0.84997,10.002,25.24,4.0632,0.214278571,1,1.6820080094239978,0.3113396372506395,0.006038643668871373,0.6418377507524565,0.3908225418021902,0.11688139908015728,0.04030918799573555,5
0.84997,10.002,25.24,4.0632,0.214278571,1,1.6820080094239978,0.29804007437778635,0.00562131148763001,0.6729379506316036,0.41501373298233374,0.14757507964561228,0.029144466528669,2
0.84997,10.002,25.24,4.0632,0.214278571,1,1.6820080094239978,0.31468933149473743,0.0032921949785668404,0.6589452629955486,0.38914047257974743,0.1350272802973632,0.03244762865826487,4
0.849966667,10.002,-8.0278,4.0192,0.214303571,1,1.0419191980744809,0.416377431396395,0.0012271570938173681,-0.09823559724725783,0.4253404822992161,0.17777509588049725,0.013513288381509482,4
0.849966667,10.002,-8.0278,4.0192,0.214303571,1,1.0419191980744809,0.4287744516087696,0.00752844513655873,-0.09121719323098659,0.42877836821367965,0.15682050286093727,0.013817510918015615,1
0.849966667,30.003,40.85,4.0713,0.222214815,1,1.6727960902026573,0.29690762976068075,-0.023548820912837984,0.7218491972843185,0.3779101766739041,0.13843813870917074,0.03210302298888564,4
0.849966667,30.003,40.85,4.0713,0.222214815,1,1.6727960902026573,0.24968290162010817,-0.04185605525271967,0.7164966972719412,0.43245082899229603,0.0905306519754231,0.03957148949149996,3
0.849966667,10.002,-8.0278,4.0192,0.214303571,1,1.0419191980744809,0.36191716453962725,0.0083133118506521,-0.11347811242798343,0.43027096944628285,0.14570366471773014,0.01645077663939446,3
0.849966667,10.002,-8.0278,4.0192,0.214303571,1,1.0419191980744809,0.4276819395576604,-2.113147871568799e-05,-0.09618223619647324,0.40643900182563814,0.1618063942680601,0.01617478737840429,5
0.849966667,30.003,40.85,4.0713,0.222214815,1,1.6727960902026573,0.29273281855508687,-0.02680246113683097,0.7092251538357232,0.402158475110773,0.12322602747939528,0.040022450471296905,5
0.849966667,30.003,40.85,4.0713,0.222214815,1,1.6727960902026573,0.2623567506892141,-0.035220690416172144,0.7387488967506215,0.402387123296503,0.11470663351065014,0.028705633841454983,2
0.849966667,10.002,-8.0278,4.0192,0.214303571,1,1.0419191980744809,0.3933406356908381,-0.004694406790658832,-0.08761329734581523,0.3809088535606861,0.1494366002397146,0.009326123846694827,2
0.849966667,30.003,40.85,4.0713,0.222214815,1,1.6727960902026573,0.3121311808633618,-0.02774462166853482,0.7121462586708367,0.4016777906683274,0.11292116229888052,0.03303610295522958,1
0.849963333,2.003,-18.899,3.9828,0.0,1,-0.4632804877858455,0.2368007052192115,0.04755420809524367,-0.8164313759771176,0.25747463617124594,-0.3043773974047508,0.009061259418958799,1
0.849963333,2.003,-18.899,3.9828,0.0,1,-0.4632804877858455,0.19371728937490842,0.051224517289665525,-0.8477425416349433,0.2665847331262194,-0.3013908050279133,0.005071010831743479,2
0.849963333,2.003,-18.899,3.9828,0.0,1,-0.4632804877858455,0.20631104996078647,0.029621918889461085,-0.885227172751911,0.25495308202924205,-0.25187090921681377,0.012540954609867185,5
0.849963333,2.003,-18.899,3.9828,0.0,1,-0.4632804877858455,0.22832145270891488,0.04148504146840423,-0.8524135433253832,0.2368227014504373,-0.2872657591837924,0.008599998564459383,4
0.849963333,2.003,-18.899,3.9828,0.0,1,-0.4632804877858455,0.19774359455070226,0.03943500124500133,-0.8369710940856021,0.2758499697141815,-0.28573745204834267,0.010856801136396825,3
0.849876667,10.002,-19.059,3.983,0.0,1,-0.617956985984174,0.19294252242631046,-0.0005086354271043092,-0.8248723056796007,0.27748444002703765,-0.29107848995598035,0.010856801136396825,3
0.849876667,10.002,-19.059,3.983,0.0,1,-0.617956985984174,0.1977569504384883,-0.0024318301113089545,-0.8322206501360051,0.26369815118145196,-0.30742702490417284,0.0032528725452721117,2
0.849876667,10.002,-18.767,3.9996,0.0,1,-0.6313282263084836,0.19834889229154215,-0.0019484581187134609,-0.8391890101577155,0.26959119754843414,-0.30742702490417284,0.0032528725452721117,2
0.849876667,10.002,-18.767,3.9996,0.0,1,-0.6313282263084836,0.19294252242631046,0.000651041156379506,-0.8248723056796007,0.29139055546023884,-0.29107848995598035,0.010856801136396825,3
0.849876667,10.002,-18.767,3.9996,0.0,1,-0.6313282263084836,0.22866000478854404,0.00012163953389972449,-0.8447168497904204,0.23594671649858356,-0.29131282122805713,0.008599998564459383,4
0.849876667,10.002,-19.059,3.983,0.0,1,-0.617956985984174,0.22866000478854404,0.00012163953389972449,-0.8447168497904204,0.23594671649858356,-0.29131282122805713,0.008599998564459383,4
0.849876667,10.002,-19.059,3.983,0.0,1,-0.617956985984174,0.2078658231301233,-0.0014891649514902382,-0.8741150641581044,0.2540515068010427,-0.25187090921681377,0.012540954609867185,5
0.849876667,10.002,-18.767,3.9996,0.0,1,-0.6313282263084836,0.2078658231301233,-0.0014891649514902382,-0.8761944351484999,0.2625418922654353,-0.25828192359069363,0.012540954609867185,5
0.849876667,10.002,-18.767,3.9996,0.0,1,-0.6313282263084836,0.23952197363047162,-0.0010203539844951593,-0.8133468852960505,0.25801813251920974,-0.31455434864154086,0.009061259418958799,1
0.849876667,10.002,-19.059,3.983,0.0,1,-0.617956985984174,0.23952197363047162,-0.0010203539844951593,-0.8133468852960505,0.25801813251920974,-0.31455434864154086,0.009061259418958799,1
0.8498,30.004,2.1682,4.0631,0.214282143,1,1.4128524787204637,0.3591726717189886,-0.025309324190020563,0.3005076607875526,0.4465067907329649,0.1452728345396463,0.033271844242699446,4
0.8498,30.004,2.1682,4.0631,0.214282143,1,1.4128524787204637,0.3582416764763184,-0.02287112734426046,0.3259600578690879,0.4757731940713711,0.11963238533586264,0.034132053068606186,1
0.8498,30.004,2.1682,4.0631,0.214282143,1,1.4128524787204637,0.33361521710408854,-0.01899420444155112,0.2786340850731358,0.4654275684664026,0.11528078436735086,0.037252701222896575,5
0.8498,30.004,2.1682,4.0631,0.214282143,1,1.4128524787204637,0.32659519558772443,-0.021029464285820722,0.3151397959550377,0.47730942638125273,0.16517420868913177,0.025991969583556054,2
0.8498,30.004,2.1682,4.0631,0.214282143,1,1.4128524787204637,0.3239763672227855,-0.035602665074984545,0.2866536330437521,0.49475982868578283,0.1346776459389366,0.04071380305569619,3
0.8495,30.003,-9.5121,4.0428,0.0,1,0.1852665403032657,0.31273354519857094,-0.03299367892555893,-0.25446509752306157,0.35721033103764055,-0.3850277312728576,0.008599998564459383,4
0.8495,30.003,-8.8468,4.0517,0.0,1,0.1570445695978859,0.3115917944768444,-0.02815639483043924,-0.21847689186688513,0.3509197975648567,-0.3688255449081771,0.0014545492455363275,2
0.8495,30.003,-9.5121,4.0428,0.0,1,0.1852665403032657,0.3115917944768444,-0.02815639483043924,-0.21847689186688513,0.3509197975648567,-0.3688255449081771,0.0014545492455363275,2
0.8495,30.003,-8.8468,4.0517,0.0,1,0.1570445695978859,0.28011330239009113,-0.013772958517074585,-0.2413003040570766,0.36465837790630756,-0.3042904535704292,0.010963898431509734,5
0.8495,30.003,-8.8468,4.0517,0.0,1,0.1570445695978859,0.31273354519857094,-0.03299367892555893,-0.23267857551458293,0.366109051220119,-0.3850277312728576,0.008599998564459383,4
0.8495,30.003,-9.5121,4.0428,0.0,1,0.1852665403032657,0.2892429455500678,-0.022705400103877765,-0.2360410513402894,0.3547486666601617,-0.3816791943111457,0.006480013761902228,1
0.8495,30.003,-9.5121,4.0428,0.0,1,0.1852665403032657,0.2724112802554737,-0.025029047775897196,-0.2172885740804486,0.4006254172802437,-0.35298940729349854,0.010856801136396825,3
0.8495,30.003,-8.8468,4.0517,0.0,1,0.1570445695978859,0.2724112802554737,-0.025029047775897196,-0.2172885740804486,0.41422189328935927,-0.3444316251762211,0.012696324498392642,3
0.8495,30.003,-9.5121,4.0428,0.0,1,0.1852665403032657,0.2762319798814133,-0.013772958517074585,-0.2631219255179167,0.36465837790630756,-0.3042904535704292,0.010963898431509734,5
0.8495,30.003,-8.8468,4.0517,0.0,1,0.1570445695978859,0.2965885450170026,-0.020195561461441684,-0.21333744621369988,0.3793201145681087,-0.39089106695959347,0.006480013761902228,1
0.849466667,30.001,-9.3445,4.0586,0.0,1,0.1458227770918891,0.2803363081626594,-0.008857174086151644,-0.22973214951809495,0.3831875942926854,-0.3086782031436451,0.010963898431509734,5
0.849466667,30.001,-9.3445,4.0586,0.0,1,0.1458227770918891,0.2805296633616672,-0.016216196038585623,-0.21450893980916588,0.3768784853408579,-0.38708524631569163,0.006480013761902228,1
0.849466667,30.001,-9.3445,4.0586,0.0,1,0.1458227770918891,0.31173998358426613,-0.03137559280730784,-0.2286089967645239,0.37868682499043643,-0.38602129282196984,0.008599998564459383,4
0.849466667,30.001,-9.3445,4.0586,0.0,1,0.1458227770918891,0.3115917944768444,-0.026184633162338287,-0.21847689186688513,0.35939543216954917,-0.36981142562581226,0.0014545492455363275,2
0.849466667,30.001,-9.3445,4.0586,0.0,1,0.1458227770918891,0.2730424374804716,-0.012909740144968963,-0.21916969517478718,0.42554758771904744,-0.3530929979728535,0.012696324498392642,3
0.846933333,30.003,-18.129,3.9999,0.0,1,-0.6231212437294711,0.2175248550987453,-0.01845761497708736,-0.8016046147467568,0.25937656427384354,-0.3001074912608601,0.009061259418958799,1
0.846933333,30.003,-18.129,3.9999,0.0,1,-0.6231212437294711,0.18902713646646588,-0.025114104900858365,-0.8348555815615691,0.2670042665861547,-0.3144303897744976,0.0014545492455363275,2
0.846933333,30.003,-18.129,3.9999,0.0,1,-0.6231212437294711,0.2313465493870899,-0.02161134743364528,-0.8092711544944905,0.23685932470485568,-0.28938211493077687,0.008599998564459383,4
0.846933333,30.003,-18.129,3.9999,0.0,1,-0.6231212437294711,0.1947158855665475,-0.012036528647877276,-0.8384756279736757,0.2757244438142516,-0.2491733492980711,0.010963898431509734,5
0.846933333,30.003,-18.129,3.9999,0.0,1,-0.6231212437294711,0.19228364380745916,-0.019383880595560187,-0.8175503056379967,0.2954940023610834,-0.2818101357738487,0.010856801136396825,3
0.801354051,10.002,3.6709,3.6914,9.000166667,3,0.670793764682618,0.3138511816784739,0.014601938328705728,0.25263861097977497,0.08214647299610078,0.09591537035652437,-0.1087407631718088,3
0.801354051,10.002,3.6709,3.6914,9.000166667,3,0.670793764682618,0.3044457809953019,0.0064290416473522785,0.2538339253375307,0.02486051691113971,0.12005896323826164,-0.08704469000454992,2
0.801354051,10.002,3.6709,3.6914,9.000166667,3,0.670793764682618,0.30161769040161746,0.015963030515995343,0.24516889549558982,0.10594614063855261,0.04065530506428331,-0.10660400579683482,1
0.801354051,10.002,3.6709,3.6914,9.000166667,3,0.670793764682618,0.32513711858773603,0.01205674014869146,0.2164028985053301,0.0595423318677058,0.06138456022948958,-0.09514819364529103,4
0.801354051,10.002,3.6709,3.6914,9.000166667,3,0.670793764682618,0.3288248131098226,0.010763037051074207,0.23853694524616004,0.023130492952186613,0.07358350742375479,-0.12640980591997505,5
0.801347085,10.002,3.9957,3.6255,12.00166667,3,0.6675907188560799,0.32233705333666873,0.016882123759714887,0.2760580743663013,-0.0012636334450508001,0.050108871437842026,-0.07525231243576855,4
0.801347085,10.002,3.9957,3.6255,12.00166667,3,0.6675907188560799,0.3098715993273072,0.017024426786229015,0.26984148416202514,-0.09719587846426293,0.05635096100624651,-0.09089580119005404,1
0.801347085,10.002,3.9957,3.6255,12.00166667,3,0.6675907188560799,0.33145403157453984,0.011013941797427833,0.2337416153308004,-0.1095201652101241,0.0717379224486649,-0.09515506380237639,5
0.801347085,10.002,3.9957,3.6255,12.00166667,3,0.6675907188560799,0.2966826640022919,0.010310627990402282,0.24210133915243204,-0.08605221661855467,0.11625247178599238,-0.06699913546908647,2
0.801347085,10.002,3.9957,3.6255,12.00166667,3,0.6675907188560799,0.3182705805636942,0.020777844028780235,0.25591969311470164,-0.08818451045081019,0.10862022318993696,-0.09872519824304618,3
0.800804084,10.003,2.5018,3.7633,5.999004762,3,0.6693701887597122,0.32302418892271817,0.004077506810426712,0.20853966018999925,0.15639219807460905,0.09339191682985984,-0.1289351871155668,3
0.800804084,10.003,2.5018,3.7633,5.999004762,3,0.6693701887597122,0.33855128683615476,0.01270875562215224,0.20726852860767395,0.1261538673588075,0.07118033617502079,-0.14670255348086358,5
0.800804084,10.003,2.5018,3.7633,5.999004762,3,0.6693701887597122,0.3021412857621908,3.617599839344621e-05,0.2312086306512356,0.12365258003934286,0.10591674935538321,-0.10757188892457634,2
0.800804084,10.003,2.5018,3.7633,5.999004762,3,0.6693701887597122,0.30182206344092266,0.014259877067815977,0.23917414041236043,0.15886828900082037,0.03202531431801617,-0.12444900791160762,1
0.800804084,10.003,2.5018,3.7633,5.999004762,3,0.6693701887597122,0.3234443670907058,0.01205674014869146,0.2107708430266939,0.11941570048671565,0.06138456022948958,-0.1217259233025834,4
0.800501242,10.002,1.904,3.8528,3.000014286,3,0.6702796955993462,0.3232677732408047,0.013344879588112235,0.22727168067707681,0.2219601421011612,0.09398150664172135,-0.16157567838323303,3
0.800501242,10.002,1.904,3.8528,3.000014286,3,0.6702796955993462,0.318883850837592,0.011820201751543209,0.23533309039659797,0.2516587073028495,0.040134891947964206,-0.13160095493309198,4
0.800501242,10.002,1.904,3.8528,3.000014286,3,0.6702796955993462,0.3333266611839645,0.010763037051074207,0.22908530704677105,0.23355571162188427,0.07831400986644439,-0.14764426675625145,5
0.800501242,10.002,1.904,3.8528,3.000014286,3,0.6702796955993462,0.30028494955739005,0.015986318320792635,0.2505042523215525,0.26278044160688296,0.03467418381944299,-0.14059474932961166,1
0.800501242,10.002,1.904,3.8528,3.000014286,3,0.6702796955993462,0.3021412857621908,-0.0001925910380668938,0.2645210945222061,0.2608614030049648,0.10599296758882701,-0.10757188892457634,2
0.800201356,10.002,41.193,3.9375,0.999855238,2,1.181684793260036,0.22188594646169804,0.0027308674179948866,0.6971739991568029,0.2840058370912448,0.07172191287449095,-0.11986004951875656,2
0.800201356,10.002,41.193,3.9375,0.999855238,2,1.181684793260036,0.25778911426779816,0.0038291192369069903,0.6600104471854865,0.2700200595054775,0.06592711169854738,-0.13014824143610895,4
0.800201356,10.002,41.193,3.9375,0.999855238,2,1.181684793260036,0.2442457635514438,0.00374825622420758,0.6806422638392542,0.27682609387207774,0.0974546239664778,-0.1653452459909022,5
0.800201356,10.002,41.193,3.9375,0.999855238,2,1.181684793260036,0.21977918164571747,0.009266082232352346,0.6706925624317955,0.2875710470112972,0.09250111668370664,-0.15641275856411085,3
0.800201356,10.002,41.193,3.9375,0.999855238,2,1.181684793260036,0.2485573201929219,0.014038336297380738,0.6783657121099531,0.2766963739064522,0.09448056407738477,-0.1380748724215664,1
0.800146176,2.003,26.082,3.9237,0.9998555,2,1.144333647059175,0.22548773809103295,0.06217120972461999,0.6355835668684449,0.28621194187784565,0.0915232133679092,-0.15641275856411085,3
0.800146176,2.003,26.082,3.9237,0.9998555,2,1.144333647059175,0.23955845210701227,0.05808264446619432,0.6448386351950467,0.27559534008381886,0.09039715945138596,-0.1380748724215664,1
0.800146176,2.003,26.082,3.9237,0.9998555,2,1.144333647059175,0.2505882262613159,0.0488668475067243,0.6265657990716863,0.27664311007363723,0.09675705199129879,-0.1653452459909022,5
0.800146176,2.003,26.082,3.9237,0.9998555,2,1.144333647059175,0.27330906557152046,0.05107187183457427,0.6313658511359245,0.27625926172826437,0.06759562788472977,-0.13040669568814336,4
0.800146176,2.003,26.082,3.9237,0.9998555,2,1.144333647059175,0.2352292800822761,0.06944050370482728,0.6346326572122052,0.295293047609739,0.07075598296767566,-0.12124183467589318,2
0.800111392,10.002,1.2699,3.9424,1.000116667,3,0.6759739992909694,0.3333266611839645,-0.0010784598113968969,0.2155661878408864,0.33011658660834653,0.08939860205980948,-0.14969958323985338,5
0.800111392,10.002,1.2699,3.9424,1.000116667,3,0.6759739992909694,0.3177440180117264,-0.007584850860293955,0.1990361151599791,0.3203964965976775,0.09707625187991653,-0.09358463179785759,2
0.800111392,10.002,1.2699,3.9424,1.000116667,3,0.6759739992909694,0.33789951500482857,0.0018614385917317122,0.21540535302367061,0.3453211098023166,0.08582207185332663,-0.13160095493309198,4
0.800111392,10.002,1.2699,3.9424,1.000116667,3,0.6759739992909694,0.32107879682444035,0.005747946482151747,0.21444334725267253,0.3620296793850139,0.08633808670798317,-0.16303932709852234,3
0.800111392,10.002,1.2699,3.9424,1.000116667,3,0.6759739992909694,0.3176104586874135,0.007671643428329844,0.22705188911641017,0.3398153413692489,0.041897246055305,-0.11990345067344606,1
0.80002,2.003,1.0198,3.9475,0.2069,1,1.437194277390188,0.3004739408264868,0.04944093426485779,0.29017445313045753,0.3898811345710419,0.11525960422004573,0.030045464186696336,1
0.80002,2.003,1.0198,3.9475,0.2069,1,1.437194277390188,0.3464637022698298,0.04910419118939899,0.310910384147428,0.3930566078236734,0.1317104801390087,0.033271844242699446,4
0.80002,2.003,1.0198,3.9475,0.2069,1,1.437194277390188,0.3216633272866602,0.056634538257494565,0.305241557211848,0.4249729842366651,0.13299945794278756,0.040313906650990244,3
0.80002,2.003,1.0198,3.9475,0.2069,1,1.437194277390188,0.33119208686752244,0.058843025353271516,0.23970355103607288,0.3880581828253344,0.13716248498356434,0.023632287825457753,2
0.80002,2.003,1.0198,3.9475,0.2069,1,1.437194277390188,0.3307816282764543,0.04500275012804195,0.30012151637114587,0.3797556720674038,0.0971130678744521,0.03753943874733522,5
0.800016667,2.004,11.371,3.9738,0.206896552,1,1.5669985936908966,0.3396177765307948,0.05000560488901101,0.5286672964971513,0.3768242496298626,0.12462904973130208,0.032977798157371584,4
0.800016667,2.004,11.371,3.9738,0.206896552,1,1.5669985936908966,0.2938304063223768,0.045669233098160476,0.6009940065210685,0.3823175493627787,0.10262268969207071,0.04089000018546358,5
0.800016667,2.004,11.371,3.9738,0.206896552,1,1.5669985936908966,0.32435149428201837,0.05919226577039808,0.5180336943827569,0.4073118901113048,0.12972233398875688,0.031446083267219364,2
0.800016667,2.004,11.371,3.9738,0.206896552,1,1.5669985936908966,0.29688043568021383,0.05763148718164302,0.550858982980717,0.42592149751260877,0.13085100021678955,0.04018316608853638,3
0.800016667,2.004,11.371,3.9738,0.206896552,1,1.5669985936908966,0.29582652284763755,0.03852916307921987,0.5484201283496805,0.40855643081711607,0.11002955017029308,0.03404344352893531,1
0.800000026,30.002,27.702,3.9913,0.0,2,1.0144281251936595,0.19911297371611,-0.03157076168106869,0.7178989367990289,0.32335391723318024,-0.20392252735444344,-0.13282776570646093,3
0.800000026,30.002,27.702,3.9913,0.0,2,1.0144281251936595,0.26284580724313855,-0.02802626697346568,0.7129931077326183,0.2504308640991803,-0.25208844443492123,-0.10701001774519682,4
0.800000026,30.002,27.702,3.9913,0.0,2,1.0144281251936595,0.21660529541200957,-0.03320629753638059,0.7069690217310562,0.33578684719046575,-0.22469542776583695,-0.0814671713206917,2
0.800000026,30.002,27.702,3.9913,0.0,2,1.0144281251936595,0.22680432484950871,-0.017523161977296694,0.6842250666639302,0.2888539459113963,-0.19382897992036305,-0.140152217335999,5
0.800000026,30.002,27.702,3.9913,0.0,2,1.0144281251936595,0.2422284900667728,-0.021598224290355576,0.7158905995450914,0.27580736051429994,-0.24208702079951763,-0.11502860648790375,1
0.8,10.003,10.722,4.003,0.206903448,1,1.536571345353741,0.33406481814337896,-0.0033292043302208187,0.5002336834417656,0.423403516090475,0.1457769067591289,0.03113093928433955,2
0.8,10.001,-8.1495,3.9528,0.214282143,1,0.8515953639802374,0.3493972914569895,0.016734019480645658,-0.13954790318151936,0.408299088308122,0.180654547305312,0.01645077663939446,3
0.8,10.002,1.6422,3.9847,0.214275,1,1.4191612476417454,0.3242693917659926,0.005747946482151747,0.28869595171534457,0.43779049006756393,0.1436427635070868,0.040313906650990244,3
0.8,30.003,11.145,4.0144,0.214267857,1,1.47236705987167,0.31186530260602013,-0.021355036216555164,0.5247023655520752,0.42556021666619925,0.11453508658218198,0.03948795303702354,5
0.8,10.002,26.076,4.0153,0.206889655,1,1.6443228853366954,0.2692816965747625,0.004805584556888789,0.7089303142169956,0.3604473841143772,0.10157516819424928,0.04030918799573555,5
0.8,10.001,-8.1495,3.9528,0.214282143,1,0.8515953639802374,0.31714940594159996,0.0015295529901050032,-0.15982704638503492,0.3887212128471583,0.14490102815092543,0.01617478737840429,5
0.8,10.003,-9.0271,3.9608,0.0,1,0.08711772823589109,0.27728828160470587,-0.0028726569804712197,-0.2179329056548886,0.33979044257779606,-0.39331851685186847,0.009061259418958799,1
0.8,30.004,-9.2068,3.9854,0.222237037,1,0.7521903811099528,0.3485765167695354,-0.03535665287345182,-0.1341304758586921,0.43829862400656566,0.13902593246428296,0.01645077663939446,3
0.8,2.002,25.413,4.0026,0.206889655,1,1.6945697174530987,0.24114299034670694,0.05869217997416854,0.6893401853053365,0.4019453370687552,0.12141872509382665,0.03931800785474479,3
0.8,2.002,25.413,4.0026,0.206889655,1,1.6945697174530987,0.2570124867526465,0.05670366616162937,0.7011681325454265,0.3636238901573233,0.10960573776508681,0.03347763183992356,1
0.8,30.004,-9.2068,3.9854,0.222237037,1,0.7521903811099528,0.3769524949067272,-0.022838211096823217,-0.1458859038259834,0.38253752718213946,0.1594095492863562,0.009022181825712324,2
0.8,30.001,25.405,4.0199,0.214278571,1,1.5851432830662646,0.27569049082667335,-0.007754029410425574,0.6396635581681039,0.42229282776126637,0.13305301343090833,0.03931800785474479,3
0.8,30.001,25.405,4.0199,0.214278571,1,1.5851432830662646,0.28255746184149755,-0.02285461824707454,0.6857347320578993,0.37183413832215595,0.10897034790366888,0.03303610295522958,1
0.8,10.003,-9.0271,3.9608,0.0,1,0.08711772823589109,0.2692500369620393,-0.009043885363498703,-0.22767571415519341,0.35306388049502857,-0.3622835628222674,0.010856801136396825,3
0.8,10.002,25.591,3.9875,0.206889655,1,1.6284113884998341,0.2813192758220248,0.00562131148763001,0.692360388757661,0.40362647546222435,0.1276900754083181,0.029144466528669,2
0.8,30.004,-9.2068,3.9854,0.222237037,1,0.7521903811099528,0.3485765167695354,-0.03535665287345182,-0.1341304758586921,0.43829862400656566,0.13902593246428296,0.01645077663939446,3
0.8,2.002,-9.5521,3.9569,0.0,1,0.3585064514779322,0.27017162382486276,0.040328453484689816,-0.3028598950384185,0.3306523215398192,-0.2933230500924401,0.012540954609867185,5
0.8,10.003,-9.0271,3.9608,0.0,1,0.08711772823589109,0.2803363081626594,-0.003455072765937075,-0.2450206199241802,0.3300579651258886,-0.2972207985096611,0.010963898431509734,5
0.8,10.002,25.591,3.9875,0.206889655,1,1.6284113884998341,0.27791125564835967,0.004805584556888789,0.6985604985768441,0.34686873509548605,0.1010864000255242,0.04030918799573555,5
0.8,30.003,11.145,4.0144,0.214267857,1,1.47236705987167,0.29310336523660224,-0.03757306918036193,0.52556339806295,0.4624347092211247,0.13864849023986608,0.04018316608853638,3
0.8,30.003,11.145,4.0144,0.214267857,1,1.47236705987167,0.3358516615489498,-0.02162815012037754,0.5016076072445139,0.43045915277209135,0.1541633898584405,0.030826997263357043,2
0.8,2.002,-9.5521,3.9569,0.0,1,0.3585064514779322,0.2712086055890541,0.05229890312883072,-0.2230824332940392,0.3565360303327907,-0.3569425248715561,0.010856801136396825,3
0.8,2.002,-8.7171,3.9694,0.0,1,0.31819732615788404,0.2712086055890541,0.05229890312883072,-0.2230824332940392,0.3565360303327907,-0.3569425248715561,0.010856801136396825,3
0.8,10.003,40.352,4.0227,0.206886207,1,1.7021067422705591,0.25989546821452675,0.005256172011140734,0.770380268614972,0.35787431176984685,0.10128843073733151,0.040022450471296905,5
0.8,2.002,-9.5521,3.9569,0.0,1,0.3585064514779322,0.3076368237077258,0.06998883527237922,-0.22324104176834225,0.31285589983453976,-0.3318819265556522,0.005071010831743479,2
0.8,2.002,-8.7171,3.9694,0.0,1,0.31819732615788404,0.3076368237077258,0.06693157388363033,-0.22037256689742207,0.3333272344409488,-0.3557859601615928,0.005071010831743479,2
0.8,30.001,25.405,4.0199,0.214278571,1,1.5851432830662646,0.2811065264698118,-0.01638747098739259,0.6625130156194792,0.37728699393104764,0.11534331253729761,0.040022450471296905,5
0.8,10.003,40.352,4.0227,0.206886207,1,1.7021067422705591,0.2479255844524596,0.00562131148763001,0.7775676770228892,0.3941329657961614,0.12727422002295496,0.029009575862437485,2
0.8,10.002,26.076,4.0153,0.206889655,1,1.6443228853366954,0.23703374063567026,0.010425758815836161,0.7033235261507798,0.3903298652241938,0.12197938655503095,0.03917159308679402,3
0.8,10.002,25.591,3.9875,0.206889655,1,1.6284113884998341,0.24114299034670694,0.009266082232352346,0.6825959654909093,0.3928956443606876,0.12197938655503095,0.03931800785474479,3
0.8,10.001,-8.1495,3.9528,0.214282143,1,0.8515953639802374,0.3778415042674169,0.0040539786452427505,-0.09884656770038419,0.36166055805981157,0.16735408766078763,0.009641267829574645,2
0.8,10.003,40.352,4.0227,0.206886207,1,1.7021067422705591,0.23094302455865545,0.00753567605977878,0.7484489839489106,0.40275400899583474,0.12062021271325647,0.03917159308679402,3
0.8,10.003,10.722,4.003,0.206903448,1,1.536571345353741,0.29235647445049834,0.005014489233726636,0.5397861092444509,0.4508651427179575,0.13093486399855464,0.039911518208682537,3
0.8,30.004,-9.2068,3.9854,0.222237037,1,0.7521903811099528,0.3769524949067272,-0.022838211096823217,-0.1458859038259834,0.38253752718213946,0.1594095492863562,0.009022181825712324,2
0.8,10.002,1.6422,3.9847,0.214275,1,1.4191612476417454,0.3245811529341154,-0.006503153601661324,0.3059764059667941,0.4338628650130704,0.1642550616763765,0.02629591160453856,2
0.8,2.002,-8.7171,3.9694,0.0,1,0.31819732615788404,0.2779555101960432,0.040328453484689816,-0.2424567048670724,0.3306523215398192,-0.29748705484205856,0.012540954609867185,5
0.8,10.002,26.076,4.0153,0.206889655,1,1.6443228853366954,0.267089491157094,0.00562131148763001,0.7084322044625878,0.40191933534806595,0.1276900754083181,0.029009575862437485,2
0.8,10.003,10.722,4.003,0.206903448,1,1.536571345353741,0.3110183745319955,0.0013327131350524724,0.5364425893919542,0.409828647156246,0.10697818017448299,0.03948795303702354,5
0.8,10.003,-9.0271,3.9608,0.0,1,0.08711772823589109,0.3093747976026498,-0.006799494859296829,-0.224925398058258,0.3285695351054892,-0.3618221800378524,0.0032528725452721117,2
0.8,30.004,-9.2068,3.9854,0.222237037,1,0.7521903811099528,0.31931966738775375,-0.020227263553533704,-0.18057067974936217,0.3882302812393755,0.1507050492928829,0.01588804985396564,5
0.8,2.002,25.413,4.0026,0.206889655,1,1.6945697174530987,0.27577136617852377,0.06203046477865428,0.6925493906484916,0.39902361024869604,0.12228414374927525,0.029459610511548818,2
0.8,30.001,25.405,4.0199,0.214278571,1,1.5851432830662646,0.2863780721882358,-0.03120133003219962,0.6538310289708897,0.4063192029646598,0.14977432882937136,0.028840524507686496,2
0.8,2.002,25.413,4.0026,0.206889655,1,1.6945697174530987,0.2770725498476531,0.04959269197424874,0.6905937142064795,0.36631158664356916,0.1030847800988704,0.04030918799573555,5
0.8,2.002,25.413,4.0026,0.206889655,1,1.6945697174530987,0.3009994936571456,0.05107187183457427,0.6865691840974614,0.35260740858037026,0.1239540908386698,0.03244762865826487,4
0.8,10.002,1.6422,3.9847,0.214275,1,1.4191612476417454,0.3468022543611005,0.0018614385917317122,0.30026934589724985,0.3894337940726837,0.14369616431067697,0.033271844242699446,4
0.8,30.004,-9.2068,3.9854,0.222237037,1,0.7521903811099528,0.3941016485239379,-0.029241115322802217,-0.13462758417706935,0.40492540795821697,0.16540727271698416,0.013513288381509482,4
0.8,10.003,40.352,4.0227,0.206886207,1,1.7021067422705591,0.2750507183757145,0.0032921949785668404,0.7485805270308629,0.35093052305281164,0.12047169800498522,0.03210302298888564,4
0.8,10.002,25.591,3.9875,0.206889655,1,1.6284113884998341,0.3013380457484163,0.0038291192369069903,0.6848074370482936,0.3517314236285165,0.12431365403695964,0.03244762865826487,4
0.8,30.001,25.405,4.0199,0.214278571,1,1.5851432830662646,0.30525311510078607,-0.01974489916115999,0.6637856433307752,0.3991026352066547,0.1349040231097024,0.03244762865826487,4
0.8,10.003,10.722,4.003,0.206903448,1,1.536571345353741,0.29711282750591633,0.007872222612495533,0.5454514443781227,0.41661774086067455,0.11199303045403212,0.03404344352893531,1
0.8,30.004,-9.2068,3.9854,0.222237037,1,0.7521903811099528,0.3797269169660285,-0.02552416427846765,-0.12408533944748341,0.42358209593454377,0.1512902222503908,0.013817510918015615,1
0.8,30.004,-9.2068,3.9854,0.222237037,1,0.7521903811099528,0.3941016485239379,-0.029241115322802217,-0.13462758417706935,0.40492540795821697,0.16540727271698416,0.013513288381509482,4
0.8,10.002,25.591,3.9875,0.206889655,1,1.6284113884998341,0.2631052725799964,0.014160010853665882,0.7023492329986766,0.3571523682703264,0.11156921804882586,0.03347763183992356,1
0.8,30.003,11.145,4.0144,0.214267857,1,1.47236705987167,0.30538440636126324,-0.02714702837023651,0.5381640481110662,0.4333068219642155,0.11020682346541434,0.03404344352893531,1
0.8,2.002,-9.5521,3.9569,0.0,1,0.3585064514779322,0.2678820606941008,0.05519494514359394,-0.23481842170702294,0.31465297781047413,-0.36604124906822105,0.009061259418958799,1
0.8,2.002,-8.7171,3.9694,0.0,1,0.31819732615788404,0.2701945825634175,0.05519494514359394,-0.21055823238799348,0.33924694631365127,-0.38314156561507845,0.009061259418958799,1
0.8,10.002,1.6422,3.9847,0.214275,1,1.4191612476417454,0.3344214685377665,-2.113147871568799e-05,0.2794580752030015,0.3999776945076883,0.11014700153260491,0.03753943874733522,5
0.8,10.001,-8.1495,3.9528,0.214282143,1,0.8515953639802374,0.3879940118384548,0.0024411856464575978,-0.10667210156098009,0.40015874434262516,0.17124552944442256,0.013513288381509482,4
0.8,30.004,-9.2068,3.9854,0.222237037,1,0.7521903811099528,0.31931966738775375,-0.020227263553533704,-0.18057067974936217,0.3882302812393755,0.1507050492928829,0.01588804985396564,5
0.8,10.003,-9.0271,3.9608,0.0,1,0.08711772823589109,0.3161260072281584,0.0038205830403603615,-0.22408546381047928,0.3261936880927533,-0.3747680038330145,0.008599998564459383,4
0.8,30.003,11.145,4.0144,0.214267857,1,1.47236705987167,0.34554590194718915,-0.0262777013075538,0.5160263438755647,0.38651982980780303,0.1319441858457867,0.032977798157371584,4
0.8,10.002,26.076,4.0153,0.206889655,1,1.6443228853366954,0.2897031012852676,0.004993050693301484,0.7225940850796178,0.33453693319577726,0.12431365403695964,0.03244762865826487,4
0.8,10.003,40.352,4.0227,0.206886207,1,1.7021067422705591,0.26910456352314216,0.004764790671761148,0.7381671471567824,0.3586690182168968,0.11352183857932686,0.03303610295522958,1
0.8,10.001,-8.1495,3.9528,0.214282143,1,0.8515953639802374,0.3662983341189101,0.009812367598351556,-0.11342530620284379,0.3738983420818113,0.14905286628054454,0.013817510918015615,1
0.8,2.002,-8.7171,3.9694,0.0,1,0.31819732615788404,0.31578745514852924,0.057368426059838384,-0.2195977153244894,0.32706967311911284,-0.37072094178874976,0.008599998564459383,4
0.8,30.004,-9.2068,3.9854,0.222237037,1,0.7521903811099528,0.3797269169660285,-0.02552416427846765,-0.12408533944748341,0.42358209593454377,0.1512902222503908,0.013817510918015615,1
0.8,2.002,-9.5521,3.9569,0.0,1,0.3585064514779322,0.3087771179596894,0.057368426059838384,-0.26773929316434075,0.31817095293663444,-0.3611184606573079,0.008599998564459383,4
0.8,10.002,26.076,4.0153,0.206889655,1,1.6443228853366954,0.26130359053990104,0.014038336297380738,0.7077515402017162,0.3579899754957296,0.11184344309382141,0.03347763183992356,1
0.8,10.003,10.722,4.003,0.206903448,1,1.536571345353741,0.3399563286220655,0.0027628522913437335,0.5217608966492117,0.37702698197681456,0.12905454958439805,0.032977798157371584,4
0.8,10.002,1.6422,3.9847,0.214275,1,1.4191612476417454,0.31642818795284255,0.007671643428329844,0.33118621077155697,0.4265983631857671,0.12117824493907392,0.03457358195330016,1
0.799996667,10.003,-8.7288,3.9717,0.0,1,0.07388606244523808,0.19366759195923805,-0.003455072765937075,-0.2928644212521613,0.3241675990913063,-0.28918226700508964,0.010963898431509734,5
0.799996667,10.003,-8.7288,3.9717,0.0,1,0.07388606244523808,0.27342767577065386,-0.0028726569804712197,-0.2140722997742705,0.33979044257779606,-0.39331851685186847,0.009061259418958799,1
0.799996667,10.003,-8.7288,3.9717,0.0,1,0.07388606244523808,0.3161260072281584,0.0038205830403603615,-0.22408546381047928,0.3261936880927533,-0.3747680038330145,0.008599998564459383,4
0.799996667,10.003,-8.7288,3.9717,0.0,1,0.07388606244523808,0.2580993831667001,-0.009043885363498703,-0.23302440190920606,0.3514320774481166,-0.3622835628222674,0.010856801136396825,3
0.799996667,10.003,-8.7288,3.9717,0.0,1,0.07388606244523808,0.29162023002980275,-0.007574831922538578,-0.2265370819857344,0.3285695351054892,-0.3618221800378524,0.0032528725452721117,2
0.799996242,10.002,27.493,3.9268,1.000104762,2,1.0640433879029925,0.213514880820876,0.0005737276771105826,0.6390666807023808,0.290314575759694,0.07213776825985406,-0.11986004951875656,2
0.799996242,10.002,27.493,3.9268,1.000104762,2,1.0640433879029925,0.22705783164128662,0.00374825622420758,0.6502549949346575,0.2783503347984515,0.09143325556069612,-0.1653452459909022,5
0.799996242,10.002,27.493,3.9268,1.000104762,2,1.0640433879029925,0.21734882968943567,0.009266082232352346,0.6465792375861201,0.2861879097414203,0.07036685972474516,-0.15641275856411085,3
0.799996242,10.002,27.493,3.9268,1.000104762,2,1.0640433879029925,0.27364761766279116,0.0038291192369069903,0.6296041040867567,0.2753832767764106,0.0679551910830196,-0.13040669568814336,4
0.799996242,10.002,27.493,3.9268,1.000104762,2,1.0640433879029925,0.25753460978390647,0.014038336297380738,0.6287019116291777,0.26232112967642024,0.03379951492417604,-0.1380748724215664,1
0.799996162,10.003,12.84,3.9106,0.0,2,0.8073204310625843,0.24844915132271125,0.0011425056855659931,0.5824193238187582,0.27858033911092206,-0.20070343350060285,-0.14153711849823594,5
0.799996162,10.003,12.84,3.9106,0.0,2,0.8073204310625843,0.26767145523568614,-0.009326231537852437,0.4834700842713937,0.2981907314853743,-0.2107692191551905,-0.10073233261704445,2
0.799996162,10.003,12.84,3.9106,0.0,2,0.8073204310625843,0.2556391150550917,-0.00177696134429425,0.5329723187512718,0.3044683794188313,-0.24387760242214426,-0.12602349476190283,3
0.799996162,10.003,12.84,3.9106,0.0,2,0.8073204310625843,0.2723318018010468,0.0010323803668143227,0.5895385052543134,0.2969932460831478,-0.23804047180572524,-0.11602635628310963,1
0.799996162,10.003,12.84,3.9106,0.0,2,0.8073204310625843,0.3166927334293723,0.003716725066769868,0.5187149335362483,0.269917135364376,-0.23882816672499757,-0.10862404928077013,4
0.799995953,10.003,2.87,3.9015,0.0,2,0.5674496055395728,0.2828573500108905,0.00023924852604977786,0.30820970027241856,0.30451908222399654,-0.18769411972956732,-0.12494461854919792,5
0.799995953,10.003,2.87,3.9015,0.0,2,0.5674496055395728,0.24682999140350148,-0.009309631320647896,0.2722649882675614,0.3315245441207662,-0.24611692806123756,-0.07725880105048417,2
0.799995953,10.003,2.87,3.9015,0.0,2,0.5674496055395728,0.2848746360713267,-0.0008713522655307316,0.33241399949416517,0.3091406339826062,-0.25579511241288855,-0.11821808854117989,1
0.799995953,10.003,2.87,3.9015,0.0,2,0.5674496055395728,0.31708175597945226,0.006303379016462714,0.27396868741721847,0.29043181735542023,-0.2562232434930047,-0.10957969906274229,4
0.799995953,10.003,2.87,3.9015,0.0,2,0.5674496055395728,0.2714877449651249,-0.007894141549477353,0.29450540098478084,0.2885419368115254,-0.2440883444319479,-0.1260434715473093,3
0.799995742,10.003,-7.1778,3.87,0.0,2,0.08047300806409093,0.32136184347211383,0.005086414108518511,-0.14465131385135466,0.272221821686253,-0.33094826055457816,-0.013595439735800028,4
0.799995742,10.003,-7.1778,3.87,0.0,2,0.08047300806409093,0.2836981722107157,-0.008436093325726687,-0.07792177811148576,0.2948578770831227,-0.28273601762251926,0.005032080877572298,2
0.799995742,10.003,-7.1778,3.87,0.0,2,0.08047300806409093,0.20114726716885342,0.00023924852604977786,-0.19184623612090945,0.2214641827129526,-0.2633277389104478,-0.008087232736870646,5
0.799995742,10.003,-7.1778,3.87,0.0,2,0.08047300806409093,0.253257422496099,-0.008584800815442576,-0.16480321010341867,0.2391304711054545,-0.31819136896636335,-0.010262918716762215,3
0.799995742,10.003,-7.1778,3.87,0.0,2,0.08047300806409093,0.2869903597040684,-0.0028726569804712197,-0.15911619665334,0.271466262973845,-0.3586786955944262,-0.01707613474223763,1
0.799995414,10.002,-17.113,3.8412,0.0,2,-0.7728683360445636,0.22886151294602314,0.0012250810352270492,-0.7348460910865106,0.1755769424745813,-0.2592402189038694,-0.009140073112212122,1
0.799995414,10.002,-17.113,3.8412,0.0,2,-0.7728683360445636,0.24279856935841962,0.0016609409963712096,-0.7495187609596178,0.11822585604619235,-0.2358648099959828,-0.021426851358264686,4
0.799995414,10.002,-17.113,3.8412,0.0,2,-0.7728683360445636,0.19477891805348918,0.0014741718850564212,-0.7474315138231031,0.15777189064072444,-0.22684022150817326,-0.010262918716762215,3
0.799995414,10.002,-17.113,3.8412,0.0,2,-0.7728683360445636,0.18595864363247527,-0.004068428577738814,-0.7651995179103688,0.1743985007237643,-0.23827603158541025,0.005032080877572298,2
0.799995414,10.002,-17.113,3.8412,0.0,2,-0.7728683360445636,0.18440772680100054,-0.0037291641312185674,-0.7395722848176957,0.1329636056837626,-0.23009810439543799,-0.015214706985279918,5
0.799993061,10.004,0.79966,4.0222,0.0,3,0.6894979705585736,0.26225275337928905,-0.011406838051625528,0.08140581675863359,0.38507398427580486,-0.29373921001330017,-0.06958572771167383,3
0.799993061,10.004,0.79966,4.0222,0.0,3,0.6894979705585736,0.2904212706745602,0.0003339582018088549,0.3021952094370499,0.34700873578432945,-0.1985788381146267,-0.1245065545849502,5
0.799993061,10.004,0.79966,4.0222,0.0,3,0.6894979705585736,0.29835761201684363,-0.018524762643501162,0.18159117378410883,0.35358093107119204,-0.301343752075918,-0.06605773736722767,4
0.799993061,10.004,0.79966,4.0222,0.0,3,0.6894979705585736,0.26485552673926577,-0.015933349004480988,0.1224273043719586,0.35889142838306726,-0.295106053276686,-0.020147167351096867,2
0.799993061,10.004,0.79966,4.0222,0.0,3,0.6894979705585736,0.2930576689090231,-0.006994073624664452,0.05365050073363818,0.32265722027630545,-0.33106063603889196,-0.030932470792904496,1
0.79999,2.003,-8.5766,3.9137,0.206896552,1,0.9049686656505506,0.2167269809159916,0.04500275012804195,-0.21565798881929368,0.33550102018634786,0.12431180104031228,0.01617478737840429,5
0.79999,2.003,-8.5766,3.9137,0.206896552,1,0.9049686656505506,0.3623442539246753,0.049855645823117814,-0.12483684307429939,0.34367196654668075,0.14390841467888094,0.013817510918015615,1
0.79999,2.003,-8.5766,3.9137,0.206896552,1,0.9049686656505506,0.3966744131734595,0.05829837136319838,-0.13232737632468342,0.3241192436870188,0.139959951111814,0.013513288381509482,4
0.79999,2.003,-8.5766,3.9137,0.206896552,1,0.9049686656505506,0.3575328847428318,0.06568698063958436,-0.10658991365227849,0.31757813316304234,0.13407918961602264,0.009641267829574645,2
0.79999,2.003,-8.5766,3.9137,0.206896552,1,0.9049686656505506,0.3377889189167763,0.05185192683711648,-0.15167042681248857,0.37805363048566504,0.17325973554281518,0.015969405467621982,3
0.799986667,2.002,-17.261,3.8788,0.214285714,1,0.019675313572985072,0.23111586129962233,0.04658495805924758,-0.8079918427742087,0.1927653973340057,0.16761406206991525,0.015969405467621982,3
0.799986667,2.002,-17.261,3.8788,0.214285714,1,0.019675313572985072,0.2030943435674999,0.03429621553281322,-0.7557926100911573,0.2534222229255829,0.1973593405436259,0.015536980014294386,5
0.799986667,2.002,-17.261,3.8788,0.214285714,1,0.019675313572985072,0.2266960603481857,0.04997992404561955,-0.7842150772362948,0.22925675682956353,0.18220021049375645,0.009641267829574645,2
0.799986667,2.002,-17.261,3.8788,0.214285714,1,0.019675313572985072,0.254974562569987,0.048321263290708884,-0.8101938021276146,0.24518532558344305,0.15773035929189064,0.013513288381509482,4
0.799986667,2.002,-17.261,3.8788,0.214285714,1,0.019675313572985072,0.25589326323010025,0.04221490877476754,-0.8035943267075345,0.268428799926769,0.1266544219816569,0.013817510918015615,1
0.799983333,2.002,-17.408,3.8605,0.214289286,1,-0.04963739984092021,0.23062874202354577,0.04658495805924758,-0.8092033958551474,0.19123787511140108,0.15585197078296914,0.015969405467621982,3
0.799983333,2.002,-17.408,3.8605,0.214289286,1,-0.04963739984092021,0.24517112099099905,0.04995986315771006,-0.8137255879351869,0.19623132846318186,0.1609962869004812,0.013513288381509482,4
0.799983333,2.002,-17.408,3.8605,0.214289286,1,-0.04963739984092021,0.2266960603481857,0.052746127572027034,-0.8089216970978305,0.17661936428863556,0.1724854377459269,0.009641267829574645,2
0.799983333,2.002,-17.408,3.8605,0.214289286,1,-0.04963739984092021,0.2361031827284023,0.05052958366723033,-0.8035943267075345,0.2063605102407746,0.11718032143660821,0.013817510918015615,1
0.799983333,2.002,-17.408,3.8605,0.214289286,1,-0.04963739984092021,0.20485165587277152,0.046137712395284323,-0.7763465708354488,0.16772702267044223,0.1841996191290673,0.015536980014294386,5
0.79997,2.003,-18.88,3.9246,0.0,1,-0.5282105608429313,0.18672445146105018,0.03943500124500133,-0.8297605269984342,0.21712559386272914,-0.29235741571174,0.00864249366801232,3
0.79997,10.004,-17.442,3.9006,0.214285714,1,-0.02476521794330057,0.20531208447180688,0.003304235280957073,-0.77394400696503,0.262528212988982,0.1832827236398589,0.01588804985396564,5
0.79997,10.004,-17.442,3.9006,0.214285714,1,-0.02476521794330057,0.22743805357255042,-0.007762494366033934,-0.7785181093448773,0.22618691126815973,0.18749577258597128,0.009022181825712324,2
0.79997,10.004,-17.442,3.9006,0.214285714,1,-0.02476521794330057,0.2576957265427336,0.010996329891495406,-0.8094273031037301,0.2512786312960088,0.16029835012741386,0.013513288381509482,4
0.79997,2.003,-18.88,3.9246,0.0,1,-0.5282105608429313,0.174219271853799,0.02985869307885878,-0.8514927109284326,0.23014543273253366,-0.24224552544299513,0.012540954609867185,5
0.79997,2.003,-18.88,3.9246,0.0,1,-0.5282105608429313,0.17811407569854054,0.05649967766890768,-0.8454236061661504,0.2461133985198103,-0.27748677142197264,0.005071010831743479,2
0.79997,2.003,-18.88,3.9246,0.0,1,-0.5282105608429313,0.22023440928198398,0.04148504146840423,-0.8452344547701068,0.23236541043035686,-0.2819005135085899,0.008599998564459383,4
0.79997,10.004,-17.442,3.9006,0.214285714,1,-0.02476521794330057,0.25969030264532195,-0.002798566287092399,-0.7957292682072148,0.2695979994325899,0.12930757001275198,0.013817510918015615,1
0.79997,2.003,-18.88,3.9246,0.0,1,-0.5282105608429313,0.2132710473347106,0.04755420809524367,-0.8043700064276345,0.23074020199128426,-0.2949230701604392,0.009061259418958799,1
0.79997,10.004,-17.442,3.9006,0.214285714,1,-0.02476521794330057,0.231109441218141,-0.0010984025982907041,-0.790062042886857,0.2672523149312474,0.190651072752662,0.015969405467621982,3
0.799966667,10.002,-7.8602,3.9703,0.214278571,1,1.0269568080664853,0.32985239371162606,0.005629912503063678,-0.12775027849012985,0.41829442492453384,0.17926047848304733,0.01645077663939446,3
0.799966667,30.002,-17.698,3.9159,0.214275,1,-0.06267366128445372,0.255656832086388,-0.034215732989832756,-0.8044174014404416,0.24201790519990027,0.15066033331211656,0.013513288381509482,4
0.799966667,30.002,40.524,4.0253,0.206896552,1,1.6420896927981883,0.2303418431931641,-0.033358469773083925,0.7561567776603624,0.41222362286644054,0.13146088077279272,0.028705633841454983,2
0.799966667,30.002,40.524,4.0253,0.206896552,1,1.6420896927981883,0.23901354607660324,-0.023422778033418582,0.7817558219993953,0.38740504179382695,0.09915274592116476,0.040022450471296905,5
0.799966667,30.002,-17.698,3.9159,0.214275,1,-0.06267366128445372,0.20450583303812891,-0.013972801144700498,-0.7861702335788868,0.272400981785031,0.15701042122091166,0.01588804985396564,5
0.799966667,30.002,-17.698,3.9159,0.214275,1,-0.06267366128445372,0.26999281549593435,-0.013998211644066031,-0.7918877273006365,0.2758947936189361,0.1275563042634167,0.013817510918015615,1
0.799966667,30.002,40.524,4.0253,0.206896552,1,1.6420896927981883,0.27938941224478187,-0.022976292803359683,0.7344254460232332,0.36442320003872736,0.10983339860104024,0.03303610295522958,1
0.799966667,30.002,-17.698,3.9159,0.214275,1,-0.06267366128445372,0.2273661723267287,-0.010309246875694953,-0.7768910394795239,0.24086486902087928,0.17380937741021626,0.009022181825712324,2
0.799966667,30.002,40.524,4.0253,0.206896552,1,1.6420896927981883,0.27896578765357843,-0.01974489916115999,0.7451598247280344,0.3649622644484043,0.12171714377240278,0.03210302298888564,4
0.799966667,30.002,-17.698,3.9159,0.214275,1,-0.06267366128445372,0.26999281549593435,-0.013998211644066031,-0.7918877273006365,0.2758947936189361,0.1275563042634167,0.013817510918015615,1
0.799966667,30.002,40.524,4.0253,0.206896552,1,1.6420896927981883,0.23074533434089972,-0.03511237762635574,0.7367819448641967,0.4240029211086221,0.1173755465587601,0.03917159308679402,3
0.799966667,30.002,-17.698,3.9159,0.214275,1,-0.06267366128445372,0.255656832086388,-0.034215732989832756,-0.8044174014404416,0.24201790519990027,0.15066033331211656,0.013513288381509482,4
0.799966667,10.002,-7.8602,3.9703,0.214278571,1,1.0269568080664853,0.36234529231209306,0.00752844513655873,-0.10866587229073048,0.4088048162567429,0.15410924565279857,0.013817510918015615,1
0.799966667,30.002,-17.698,3.9159,0.214275,1,-0.06267366128445372,0.20450583303812891,-0.013972801144700498,-0.7861702335788868,0.272400981785031,0.15701042122091166,0.01588804985396564,5
0.799966667,10.002,-7.8602,3.9703,0.214278571,1,1.0269568080664853,0.3883325639180839,0.0017640813521575182,-0.10667210156098009,0.4004972964152694,0.17124552944442256,0.013513288381509482,4
0.799966667,30.002,-17.698,3.9159,0.214275,1,-0.06267366128445372,0.2301848543874803,-0.020377969627152197,-0.7902227897872217,0.2968875438929535,0.18791985768824815,0.015969405467621982,3
0.799966667,30.002,-17.698,3.9159,0.214275,1,-0.06267366128445372,0.2273661723267287,-0.010309246875694953,-0.7768910394795239,0.24086486902087928,0.17380937741021626,0.009022181825712324,2
0.799966667,10.002,-7.8602,3.9703,0.214278571,1,1.0269568080664853,0.3544438481144607,-0.007278490664903075,-0.08188953714328819,0.40038098249584436,0.179544911471894,0.009326123846694827,2
0.799966667,10.002,-7.8602,3.9703,0.214278571,1,1.0269568080664853,0.22206015527481213,-2.113147871568799e-05,-0.20163934539887124,0.3663063689880073,0.13798433379852212,0.01617478737840429,5
0.799966667,30.002,-17.698,3.9159,0.214275,1,-0.06267366128445372,0.2301848543874803,-0.020377969627152197,-0.7902227897872217,0.2968875438929535,0.18791985768824815,0.015969405467621982,3
0.799963333,2.002,40.692,4.0103,0.206896552,1,1.7476080402426355,0.23743899957626127,0.04959269197424874,0.7946206405165139,0.35748128067934887,0.10114610144868492,0.04030918799573555,5
0.799963333,2.002,40.692,4.0103,0.206896552,1,1.7476080402426355,0.249153391153086,0.05808264446619432,0.7530237457668408,0.35644022702937944,0.11026700690272265,0.03347763183992356,1
0.799963333,2.002,40.692,4.0103,0.206896552,1,1.7476080402426355,0.22854507538460894,0.05869217997416854,0.7549428184807766,0.3866454294486903,0.12156362003646791,0.03917159308679402,3
0.799963333,2.002,40.692,4.0103,0.206896552,1,1.7476080402426355,0.27471216628444384,0.05107187183457427,0.7541591151757165,0.32109248999040574,0.12192601145419758,0.03210302298888564,4
0.799963333,2.002,40.692,4.0103,0.206896552,1,1.7476080402426355,0.23281860886723735,0.06914748232346028,0.7876360780978575,0.38328556495020166,0.1238556999299908,0.029324719845317305,2
0.79988,10.004,-18.03,3.9314,0.0,1,-0.6486633833886428,0.17905902316095307,-0.022873386877472514,-0.8262242509494535,0.23512240834534168,-0.2915122368861921,0.0014545492455363275,2
0.79988,10.004,-18.03,3.9314,0.0,1,-0.6486633833886428,0.176437012758106,-0.0005802934605162591,-0.823012703503482,0.23562293415190652,-0.2486245592031628,0.010963898431509734,5
0.79988,10.004,-18.03,3.9314,0.0,1,-0.6486633833886428,0.2136497373637394,-0.00683328017446911,-0.7978017227211968,0.23145413729944267,-0.3005987493530847,0.009061259418958799,1
0.79988,10.004,-18.03,3.9314,0.0,1,-0.6486633833886428,0.18641731830051866,-0.006814032528200187,-0.8053672946500592,0.2162200801318977,-0.29709147246321665,0.00864249366801232,3
0.79988,10.004,-18.03,3.9314,0.0,1,-0.6486633833886428,0.2261896673240699,-0.005950242634862661,-0.807079179554712,0.2314894254785031,-0.2894428732118104,0.008599998564459383,4
0.7998,30.005,2.0683,4.0093,0.214278571,1,1.3864728918593516,0.30884062801487744,-0.021804801349062472,0.3135281120275613,0.4578872016584501,0.16517420868913177,0.025991969583556054,2
0.7998,30.005,2.0683,4.0093,0.214278571,1,1.3864728918593516,0.34262357799569143,-0.02914375808322802,0.3095877911057323,0.3974456250759249,0.1447467129153665,0.033271844242699446,4
0.7998,30.005,2.0683,4.0093,0.214278571,1,1.3864728918593516,0.31353954613907264,-0.020227263553533704,0.30882875724229963,0.44020541871432217,0.11090681009809486,0.037252701222896575,5
0.7998,30.005,2.0683,4.0093,0.214278571,1,1.3864728918593516,0.3183856616282719,-0.035602665074984545,0.2926625191565836,0.46768262583296744,0.1386965596326627,0.040313906650990244,3
0.7998,30.005,2.0683,4.0093,0.214278571,1,1.3864728918593516,0.3197878304752521,-0.02538096598669654,0.33855137274367736,0.4461743144947104,0.11735636623576283,0.03457358195330016,1
0.7995,30.002,-8.887,3.9878,0.0,1,0.09404062510526215,0.28501657843356953,-0.033238941533491016,-0.24081484925816768,0.32109628156758846,-0.37167622774839404,0.008599998564459383,4
0.7995,30.002,-8.887,3.9878,0.0,1,0.09404062510526215,0.26852520388463746,-0.0187260346810217,-0.22379581322427838,0.33720813868683763,-0.37664033624576404,0.009061259418958799,1
0.7995,30.002,-8.887,3.9878,0.0,1,0.09404062510526215,0.23635941050451947,-0.022620218137162737,-0.23234442478744313,0.36555279523250644,-0.34226682557258753,0.010856801136396825,3
0.7995,30.002,-9.4982,3.9975,0.0,1,0.06258052521904749,0.26235207618126877,-0.0187260346810217,-0.24403934438247232,0.33720813868683763,-0.3674284635973163,0.009061259418958799,1
0.7995,30.002,-9.4982,3.9975,0.0,1,0.06258052521904749,0.23635941050451947,-0.021460541553678922,-0.23234442478744313,0.37945891066570764,-0.34226682557258753,0.010856801136396825,3
0.7995,30.002,-8.887,3.9878,0.0,1,0.09404062510526215,0.19344458618666976,-0.013503936249762774,-0.28914410538505764,0.3342082041548565,-0.2926713194721378,0.010963898431509734,5
0.7995,30.002,-9.4982,3.9975,0.0,1,0.06258052521904749,0.18956326367799192,-0.013503936249762774,-0.31096572684589774,0.3385398477315903,-0.29700296294176953,0.010963898431509734,5
0.7995,30.002,-8.887,3.9878,0.0,1,0.09404062510526215,0.27068604141008107,-0.026959970225580037,-0.23340748073067516,0.3346038062637672,-0.36981142562581226,0.0014545492455363275,2
0.7995,30.002,-9.4982,3.9975,0.0,1,0.06258052521904749,0.28501657843356953,-0.033238941533491016,-0.2626013712666463,0.31219756138511,-0.37167622774839404,0.008599998564459383,4
0.7995,30.002,-9.4982,3.9975,0.0,1,0.06258052521904749,0.27068604141008107,-0.026959970225580037,-0.23340748073067516,0.3346038062637672,-0.36981142562581226,0.0014545492455363275,2
0.799466667,30.003,-8.9291,4.0046,0.0,1,0.0470319221696937,0.19344458618666976,-0.01500601762905717,-0.28914410538505764,0.33929088853299616,-0.2962519220658578,0.010963898431509734,5
0.799466667,30.003,-8.9291,4.0046,0.0,1,0.0470319221696937,0.23611270471912577,-0.025029047775897196,-0.23234442478744313,0.381366517014103,-0.340359219587408,0.010856801136396825,3
0.799466667,30.003,-8.9291,4.0046,0.0,1,0.0470319221696937,0.2676213101754547,-0.022705400103877765,-0.2227600149763748,0.3511724317644257,-0.3741987068508752,0.009061259418958799,1
0.799466667,30.003,-8.9291,4.0046,0.0,1,0.0470319221696937,0.2860101400478743,-0.034857027651742103,-0.24081484925816768,0.3207272443268448,-0.3706826661992818,0.008599998564459383,4
0.799466667,30.003,-8.9291,4.0046,0.0,1,0.0470319221696937,0.27068604141008107,-0.02893173189368099,-0.23340748073067516,0.33558968724217264,-0.3688255449081771,0.0014545492455363275,2
0.796916667,30.002,-18.848,3.9406,0.0,1,-0.6781136099902014,0.21342230028938503,-0.01999326131539419,-0.8230951197980904,0.2359794363938272,-0.28488020599470476,0.008599998564459383,4
0.796916667,30.002,-18.848,3.9406,0.0,1,-0.6781136099902014,0.17872200933023122,-0.016975050956825725,-0.8062782925064675,0.2176100757776294,-0.28826412532711404,0.00864249366801232,3
0.796916667,30.002,-18.848,3.9406,0.0,1,-0.6781136099902014,0.1762140069855377,-0.010629156944341958,-0.8364311039820314,0.2366656982782297,-0.24310300456359982,0.010963898431509734,5
0.796916667,30.002,-18.848,3.9406,0.0,1,-0.6781136099902014,0.2157893172596232,-0.014478249554231297,-0.794209322896786,0.231065433655167,-0.2982970564090647,0.009061259418958799,1
0.796916667,30.002,-18.848,3.9406,0.0,1,-0.6781136099902014,0.17438479781383648,-0.02542013938713353,-0.8188309283484705,0.2349500638153404,-0.2915122368861921,0.0014545492455363275,2
0.750033333,30.002,10.646,3.9549,0.206893103,1,1.4383108736594412,0.3075463171629235,-0.020960723862517624,0.5070043613296003,0.385411606853595,0.12807337533740792,0.030826997263357043,2
0.750033333,10.002,1.593,3.926,0.206896552,1,1.3811969744871295,0.310967852207832,0.007671643428329844,0.3421394863142632,0.3870798344281502,0.11671851147897541,0.03457358195330016,1
0.750033333,30.003,25.25,3.9593,0.206889655,1,1.5527619912579158,0.2585714256437495,-0.028035520248813554,0.7067524628108367,0.3631929695326835,0.09753741643857211,0.040022450471296905,5
0.750033333,30.002,10.646,3.9549,0.206893103,1,1.4383108736594412,0.3517946531553753,-0.022473779555875806,0.48145702633541076,0.38384159439243376,0.1303802533179987,0.033271844242699446,4
0.750033333,30.003,25.25,3.9593,0.206889655,1,1.5527619912579158,0.3038819475006312,-0.02738325480604544,0.6907196025317535,0.3586028044950217,0.12339553069672547,0.03244762865826487,4
0.750033333,30.002,10.646,3.9549,0.206893103,1,1.4383108736594412,0.3043376121064648,-0.019868860862625296,0.5338957763090729,0.3794104474852793,0.10660426293034106,0.03404344352893531,1
0.750033333,30.003,25.25,3.9593,0.206889655,1,1.5527619912579158,0.2585123925236985,-0.039186576968058946,0.6760658481670544,0.38857147106900813,0.12618583572620992,0.028840524507686496,2
0.750033333,30.003,25.25,3.9593,0.206889655,1,1.5527619912579158,0.2735749657070846,-0.030132785754685757,0.694004123872146,0.37634009500732646,0.10774733934551478,0.033153642597608265,1
0.750033333,30.003,25.25,3.9593,0.206889655,1,1.5527619912579158,0.2572344863365288,-0.04167455516057089,0.6608282244263682,0.4179589015827514,0.11702447458170355,0.03931800785474479,3
0.750033333,10.002,1.593,3.926,0.206896552,1,1.3811969744871295,0.2984149269084446,-0.00829757776344195,0.32446617971523667,0.3959281653212383,0.13957257685309743,0.02629591160453856,2
0.750033333,10.002,1.593,3.926,0.206896552,1,1.3811969744871295,0.30836983945424434,0.005747946482151747,0.3236057330679614,0.40678287324029955,0.13896307926857843,0.039832535479217765,3
0.750033333,30.002,10.646,3.9549,0.206893103,1,1.4383108736594412,0.29013645213330164,-0.017975353113142772,0.5689418126968667,0.40245370430871846,0.10020026741898619,0.03948795303702354,5
0.750033333,30.002,10.646,3.9549,0.206893103,1,1.4383108736594412,0.27780001829349205,-0.031989068137481806,0.5493629765685182,0.4264087927248329,0.1286415860708803,0.039911518208682537,3
0.750033333,10.002,1.593,3.926,0.206896552,1,1.3811969744871295,0.31374972296180204,-0.00011584115447476506,0.3192340584844351,0.37735089426860213,0.09668400112888775,0.03753943874733522,5
0.750033333,10.002,1.593,3.926,0.206896552,1,1.3811969744871295,0.3394129420863464,0.0018614385917317122,0.3304892280837521,0.37852640930083,0.1317729789519217,0.033271844242699446,4
0.750026667,2.003,10.564,3.9258,0.206893103,1,1.5371296434883681,0.3518846724135801,0.05000560488901101,0.4915704177506268,0.36854231684003025,0.12898215426306706,0.033271844242699446,4
0.750026667,2.003,10.564,3.9258,0.206893103,1,1.5371296434883681,0.29022518811980264,0.051344666897202844,0.5407911508413963,0.36923653731821104,0.10710091540007852,0.03404344352893531,1
0.750026667,2.003,10.564,3.9258,0.206893103,1,1.5371296434883681,0.288956043185899,0.04590600728755817,0.5740863329591229,0.3714122383482754,0.10219362294650637,0.03977469056146219,5
0.750026667,2.003,10.564,3.9258,0.206893103,1,1.5371296434883681,0.2795796472902293,0.05763148718164302,0.566279920283705,0.40459889377467334,0.1376480289036408,0.03943014703691006,3
0.750026667,2.003,10.564,3.9258,0.206893103,1,1.5371296434883681,0.3093216542690061,0.0626773636508733,0.5089905383344739,0.3776976166421082,0.120468194494606,0.031446083267219364,2
0.750006667,2.003,1.1941,3.9004,0.206893103,1,1.4089164768713454,0.311828411098104,0.06568698063958436,0.2530101610429119,0.3424321409733966,0.11371851715317462,0.023632287825457753,2
0.750006667,10.003,-9.7042,3.9139,0.0,1,-0.021080450254764183,0.19422599460929632,-0.003549782441696152,-0.41351615578401835,0.2881270499667153,-0.28108783876290544,0.010963898431509734,5
0.750006667,10.003,-9.7042,3.9139,0.0,1,-0.021080450254764183,0.23960425615077838,-0.007911386103369295,-0.3726000371063128,0.27438672801479697,-0.3007374229445122,0.0032528725452721117,2
0.750006667,2.003,1.1941,3.9004,0.206893103,1,1.4089164768713454,0.33792576192645357,0.05776290655485354,0.3307827620580792,0.34561220690127814,0.11854856336431112,0.033271844242699446,4
0.750006667,2.003,1.1941,3.9004,0.206893103,1,1.4089164768713454,0.3107059573114384,0.04500275012804195,0.3266075481288135,0.366454753712751,0.09738474754500202,0.03753943874733522,5
0.750006667,2.003,1.1941,3.9004,0.206893103,1,1.4089164768713454,0.30569374376180347,0.056634538257494565,0.3257920554664452,0.3895082897180691,0.13876885044621304,0.039832535479217765,3
0.750006667,10.003,-9.7042,3.9139,0.0,1,-0.021080450254764183,0.2755402521020733,0.005086414108518511,-0.3366970611026045,0.2826392660709098,-0.3274999426421709,0.008599998564459383,4
0.750006667,2.003,1.1941,3.9004,0.206893103,1,1.4089164768713454,0.29596903805388136,0.04944093426485779,0.30368296154541896,0.3745586656895466,0.1140885299385991,0.030045464186696336,1
0.750006667,10.003,-9.7042,3.9139,0.0,1,-0.021080450254764183,0.23874589906219626,-0.0028726569804712197,-0.4151812586816959,0.2686055778665468,-0.3229216861934401,0.009061259418958799,1
0.750006667,10.003,-9.7042,3.9139,0.0,1,-0.021080450254764183,0.23414705054106888,-0.009043885363498703,-0.2819900030014105,0.27170718599692917,-0.36078966246917843,0.00864249366801232,3
0.750003333,2.003,-9.7818,3.9114,0.0,1,0.21848527931355455,0.19118222890770994,0.04056522767408751,-0.41095224072691056,0.2890528902364895,-0.2813540950953029,0.012540954609867185,5
0.750003333,2.003,-9.7818,3.9114,0.0,1,0.21848527931355455,0.23133653637225507,0.05229890312883072,-0.3100636448361911,0.2751793358346913,-0.3466440696909558,0.00864249366801232,3
0.750003333,2.003,-9.7818,3.9114,0.0,1,0.21848527931355455,0.24085951816057785,0.07288926718058064,-0.3695546270813793,0.2832207754231058,-0.29470120325451715,0.005071010831743479,2
0.750003333,2.003,-9.7818,3.9114,0.0,1,0.21848527931355455,0.235512805901526,0.05519494514359394,-0.41166719133267177,0.268062081602402,-0.31274473537487213,0.009061259418958799,1
0.750003333,2.003,-9.7818,3.9114,0.0,1,0.21848527931355455,0.2580980445817113,0.05863425712799653,-0.44942201988655145,0.2559742846665904,-0.297455979710212,0.008599998564459383,4
0.75,30.004,40.055,3.9639,0.206893103,1,1.6080335065859592,0.23901354607660324,-0.028035520248813554,0.789102932276437,0.35553438247879965,0.09602780453395099,0.040022450471296905,5
0.75,10.003,40.243,3.9638,0.206893103,1,1.6647007672505698,0.26766140610096045,0.0038291192369069903,0.7617302359128371,0.31844945225398985,0.1221090718510095,0.03210302298888564,4
0.75,10.002,10.88,3.9495,0.206889655,1,1.506423246083899,0.2909427035669796,0.0008821256808005274,0.5686387735372409,0.38306354235857726,0.10219362294650637,0.03977469056146219,5
0.75,30.004,40.055,3.9639,0.206893103,1,1.6080335065859592,0.27874733674223534,-0.030582356725353747,0.755055914320983,0.3327698733843863,0.12098546898574568,0.03210302298888564,4
0.75,10.002,-7.8645,3.9096,0.206889655,1,0.8312453969730941,0.22114133027615027,-0.00011584115447476506,-0.19558138432446867,0.3158709471614566,0.12381543106981553,0.01617478737840429,5
0.75,10.003,40.243,3.9638,0.206893103,1,1.6647007672505698,0.22645887819700874,0.0016554249357432127,0.7771720943320543,0.378528889187146,0.12727422002295496,0.029009575862437485,2
0.75,10.003,40.243,3.9638,0.206893103,1,1.6647007672505698,0.21778403821372194,0.006375999476294965,0.7659105751302558,0.37424990776227784,0.12140925388783216,0.03917159308679402,3
0.75,10.002,10.88,3.9495,0.206889655,1,1.506423246083899,0.2911835036231787,0.0095753760606749,0.5512633119081147,0.37365626566344873,0.1102927029086277,0.03404344352893531,1
0.75,30.004,40.055,3.9639,0.206893103,1,1.6080335065859592,0.27290636747144165,-0.0302544603109709,0.742583428719081,0.36591433386085553,0.10891318150795996,0.03347763183992356,1
0.75,30.004,40.055,3.9639,0.206893103,1,1.6080335065859592,0.21977025143307402,-0.045605570275802164,0.751221678609727,0.4073718273662962,0.11646305001340806,0.03917159308679402,3
0.75,10.002,-7.8645,3.9096,0.206889655,1,0.8312453969730941,0.28831270893540933,0.005629912503063678,-0.1400751949590631,0.3781552699930035,0.17113499753875658,0.015969405467621982,3
0.75,10.003,25.428,3.9582,0.206910345,1,1.6105458481917796,0.26284178169211375,0.0016554249357432127,0.6852224183641374,0.36302628234028816,0.14291928752849345,0.029144466528669,2
0.75,10.002,10.88,3.9495,0.206889655,1,1.506423246083899,0.33256701634731145,0.0027628522913437335,0.5362384172342718,0.3741812115209177,0.124812110128114,0.032977798157371584,4
0.75,10.002,-7.8645,3.9096,0.206889655,1,0.8312453969730941,0.3332028967529186,0.00752844513655873,-0.13503827166277915,0.3384644722822122,0.14517668029526248,0.013817510918015615,1
0.75,10.003,25.428,3.9582,0.206910345,1,1.6105458481917796,0.25877644917927684,0.005256172011140734,0.7129648581764195,0.3463486731145531,0.1061730609415099,0.040022450471296905,5
0.75,10.002,10.88,3.9495,0.206889655,1,1.506423246083899,0.2795796472902293,0.006744895406300202,0.5575068806670607,0.41074351816438137,0.13188625222537667,0.04018316608853638,3
0.75,10.002,-7.8645,3.9096,0.206889655,1,0.8312453969730941,0.34736507749417794,0.010422796717612072,-0.13679720321204514,0.30746470774989576,0.14028150599217043,0.013513288381509482,4
0.75,10.003,25.428,3.9582,0.206910345,1,1.6105458481917796,0.26907398234819996,0.004886465228046291,0.6976344158872962,0.3573796434258111,0.11136743648909032,0.03347763183992356,1
0.75,10.002,10.88,3.9495,0.206889655,1,1.506423246083899,0.3085060567012988,-0.008314177980646492,0.5166202655201778,0.3636028890067246,0.1263559619296575,0.03113093928433955,2
0.75,10.003,25.428,3.9582,0.206910345,1,1.6105458481917796,0.22962360555276973,0.006375999476294965,0.7033297993906308,0.3839205564907752,0.12463010819628835,0.03931800785474479,3
0.75,10.003,40.243,3.9638,0.206893103,1,1.6647007672505698,0.2659059327514842,0.004764790671761148,0.7463251298526302,0.34996870514238254,0.11223048718646168,0.03347763183992356,1
0.75,10.003,25.428,3.9582,0.206910345,1,1.6105458481917796,0.2939487334736623,0.0038291192369069903,0.6845099811116233,0.3518975015776232,0.13183434469043276,0.03244762865826487,4
0.75,10.003,40.243,3.9638,0.206893103,1,1.6647007672505698,0.2398197975102812,0.005256172011140734,0.7994038357364479,0.3398028129688464,0.09886098391842096,0.040022450471296905,5
0.75,30.004,40.055,3.9639,0.206893103,1,1.6080335065859592,0.225938803156605,-0.04049688392318785,0.7556882717600092,0.3962497247313149,0.12819336703571024,0.028705633841454983,2
0.75,10.002,-7.8645,3.9096,0.206889655,1,0.8312453969730941,0.3274833486415446,-0.0036715214676223697,-0.07912455161917023,0.3120878026727587,0.13707884299452416,0.009326123846694827,2
0.749996667,2.003,-7.6572,3.8655,0.206896552,1,0.75297199849843,0.21809756457456386,0.056844246990513055,-0.21271113343071194,0.20157599870464765,0.11359833350987174,0.015536980014294386,5
0.749996667,2.003,-7.6572,3.8655,0.206896552,1,0.75297199849843,0.28831270893540933,0.06485114976763726,-0.1467657593288459,0.26508912147721275,0.14758453576592728,0.015969405467621982,3
0.749996667,2.003,-7.6572,3.8655,0.206896552,1,0.75297199849843,0.3287386106688064,0.06845318416599185,-0.06941045592888258,0.27825039852876216,0.12737944942782634,0.009641267829574645,2
0.749996667,2.003,-7.6572,3.8655,0.206896552,1,0.75297199849843,0.33033571124542505,0.049855645823117814,-0.1334877855749801,0.33023966500302776,0.14008807575912216,0.013817510918015615,1
0.749996667,2.003,-7.6572,3.8655,0.206896552,1,0.75297199849843,0.33330624263267966,0.059683057175716384,-0.13413015282247215,0.2691764055052772,0.13494748671888374,0.013513288381509482,4
0.749976667,2.004,26.046,3.9486,0.206893103,1,1.6563262952311693,0.24721936548943632,0.04982946616364643,0.7434014407603535,0.32268263229168953,0.09914772137533873,0.04030918799573555,5
0.749976667,2.002,-17.431,3.8192,0.206893103,1,-0.1425661243495352,0.23032044454710557,0.05052958366723033,-0.8092298386758193,0.19581267036497593,0.10515563591965474,0.0134951084444765,1
0.749976667,2.002,-17.431,3.8192,0.206893103,1,-0.1425661243495352,0.24059856006875635,0.04995986315771006,-0.8439717629714869,0.09465241452911868,0.09349977750680409,0.013948366804979741,4
0.749976667,2.004,26.046,3.9486,0.206893103,1,1.6563262952311693,0.28197523691924287,0.05107187183457427,0.7336886999150738,0.32468865425791593,0.1237775880371919,0.03244762865826487,4
0.749976667,2.002,-17.431,3.8192,0.206893103,1,-0.1425661243495352,0.194082687451737,0.046137712395284323,-0.8387334027769975,0.14576264110975898,0.07586875644046813,0.015536980014294386,5
0.749976667,2.004,26.046,3.9486,0.206893103,1,1.6563262952311693,0.2575682265451178,0.04299212331592571,0.7159667073981837,0.3145060142618604,0.10572302081505768,0.03347763183992356,1
0.749976667,2.004,26.046,3.9486,0.206893103,1,1.6563262952311693,0.24648671017610468,0.0783170605218038,0.7335495690116659,0.35412904490716757,0.11733830655517523,0.029324719845317305,2
0.749976667,2.002,-17.431,3.8192,0.206893103,1,-0.1425661243495352,0.21050095445214537,0.04658495805924758,-0.8358533439249731,0.14075859698466955,0.1038080503855599,0.015969405467621982,3
0.749976667,2.004,26.046,3.9486,0.206893103,1,1.6563262952311693,0.22387475429073675,0.06217120972461999,0.7351081154413986,0.346759510494303,0.1218254192918539,0.03917159308679402,3
0.749976667,2.002,-17.431,3.8192,0.206893103,1,-0.1425661243495352,0.20781507688283454,0.052746127572027034,-0.8400179973663762,0.13382122757378967,0.08836500853765755,0.009641267829574645,2
0.749973333,2.002,-19.003,3.8835,0.0,1,-0.5626854706561303,0.174219271853799,0.02985869307885878,-0.8475174944614992,0.16814775422913952,-0.26583073422312736,0.009607040770351887,5
0.749973333,2.002,-17.235,3.8382,0.206889655,1,-0.07269511280100312,0.194082687451737,0.046137712395284323,-0.818179442032706,0.15408082390786149,0.07919602937065065,0.015536980014294386,5
0.749973333,2.002,-19.003,3.8835,0.0,1,-0.5626854706561303,0.21026328617386753,0.04755420809524367,-0.8037220977176912,0.2184787204908207,-0.28779167389759097,0.009061259418958799,1
0.749973333,2.002,-19.003,3.8835,0.0,1,-0.5626854706561303,0.17069491417816607,0.03943500124500133,-0.8193537591700442,0.1926010288123507,-0.2853324360505212,0.00864249366801232,3
0.749973333,2.002,-17.235,3.8382,0.206889655,1,-0.07269511280100312,0.20781507688283454,0.052746127572027034,-0.8386595902871341,0.1507260026386939,0.09142138514202088,0.009641267829574645,2
0.749973333,2.002,-19.003,3.8835,0.0,1,-0.5626854706561303,0.17351173159724567,0.057182210586615836,-0.8401936696073972,0.23205284358700737,-0.2647363413334824,0.005071010831743479,2
0.749973333,2.002,-17.235,3.8382,0.206889655,1,-0.07269511280100312,0.20206168646662262,0.04658495805924758,-0.8358533439249731,0.14048624997958542,0.1040803973999573,0.015969405467621982,3
0.749973333,2.002,-17.235,3.8382,0.206889655,1,-0.07269511280100312,0.22909213732142233,0.05052958366723033,-0.8092298386758193,0.19581267036497593,0.10638394314446487,0.0134951084444765,1
0.749973333,2.002,-19.003,3.8835,0.0,1,-0.5626854706561303,0.2112543025915511,0.04275087253656238,-0.8423998764087446,0.20331618167459964,-0.26346793926437384,0.008599998564459383,4
0.749973333,2.002,-17.235,3.8382,0.206889655,1,-0.07269511280100312,0.24107074938714504,0.04995986315771006,-0.8497615738003514,0.11291373173007742,0.08055608285940252,0.013948366804979741,4
0.74997,10.003,-18.104,3.8602,0.214282143,1,-0.12146245486064575,0.23619890650967135,0.014289116128638852,-0.8053969599562697,0.19660986403934658,0.12518732027383522,0.0134951084444765,1
0.74997,10.003,-18.104,3.8602,0.214282143,1,-0.12146245486064575,0.19929185812099603,0.01112836277578026,-0.799828752472531,0.18048977008555084,0.1646625725296326,0.015969405467621982,3
0.74997,10.003,-18.104,3.8602,0.214282143,1,-0.12146245486064575,0.20531208447180688,0.015145732143428176,-0.7652344622416422,0.17540341345244087,0.17688363205059432,0.01525024252012372,5
0.74997,10.003,-18.104,3.8602,0.214282143,1,-0.12146245486064575,0.23272447715047748,0.013930178025038913,-0.8048480875464157,0.19657746671233325,0.15474203949794174,0.013513288381509482,4
0.74997,10.003,-18.104,3.8602,0.214282143,1,-0.12146245486064575,0.21400186827173456,0.0034623468067729846,-0.8112905705207959,0.1879544701287523,0.16420497435959988,0.009326123846694827,2
0.749966667,30.003,-9.2276,3.9104,0.214278571,1,0.5115638850858432,0.30758223894517867,-0.02552416427846765,-0.18057681570295245,0.3542343455017544,0.13745540200965478,0.013817510918015615,1
0.749966667,30.003,-9.2276,3.9104,0.214278571,1,0.5115638850858432,0.22061767504550517,-0.02032197322929278,-0.24099334422848187,0.33518689128919504,0.13562413624837064,0.01588804985396564,5
0.749966667,30.004,-17.766,3.8682,0.214282143,1,-0.20917109181050111,0.2136255557090044,-0.05192941541259643,-0.806957141943276,0.16066050254739822,0.15405843905056826,0.009022181825712324,2
0.749966667,2.003,40.311,3.9536,0.206889655,1,1.7048982329436926,0.25982227916945705,0.05107187183457427,0.77172077070456,0.3193254372058436,0.12102129742677789,0.03210302298888564,4
0.749966667,2.003,40.311,3.9536,0.206889655,1,1.7048982329436926,0.22732280368567445,0.0783170605218038,0.8026850415719673,0.34634267535526303,0.11692245116981212,0.029324719845317305,2
0.749966667,2.003,40.311,3.9536,0.206889655,1,1.7048982329436926,0.23743899957626127,0.04959269197424874,0.8019677507935558,0.34058150071417914,0.09914772137533873,0.04030918799573555,5
0.749966667,30.004,-17.766,3.8682,0.214282143,1,-0.20917109181050111,0.22682632714044304,-0.05086380980908871,-0.8071836482034996,0.1821284498181194,0.14042778625618665,0.013513288381509482,4
0.749966667,30.003,-9.2276,3.9104,0.214278571,1,0.5115638850858432,0.30758223894517867,-0.02552416427846765,-0.18057681570295245,0.3542343455017544,0.13745540200965478,0.013817510918015615,1
0.749966667,10.003,-8.1209,3.8997,0.206910345,1,0.6701205553198274,0.319549930926878,0.010422796717612072,-0.16278874359559267,0.2943275003368035,0.14346378951100633,0.013513288381509482,4
0.749966667,30.004,-17.766,3.8682,0.214282143,1,-0.20917109181050111,0.20450583303812891,-0.0436347213271074,-0.7629003933817148,0.14894918781355954,0.16335000674589537,0.01525024252012372,5
0.749966667,30.004,-17.766,3.8682,0.214282143,1,-0.20917109181050111,0.24639291499508545,-0.02127637915167725,-0.8000456215301529,0.2723663974669762,0.12554534951457755,0.013817510918015615,1
0.749966667,10.003,-8.1209,3.8997,0.206910345,1,0.6701205553198274,0.22208219503285365,0.00033474629977717994,-0.20285348345991225,0.31652260418399236,0.12933115873136558,0.01588804985396564,5
0.749966667,30.003,-9.2276,3.9104,0.214278571,1,0.5115638850858432,0.3248460640572011,-0.04197980464668945,-0.2039822512306273,0.29182306117378176,0.13673757606884465,0.013513288381509482,4
0.749966667,30.003,-9.2276,3.9104,0.214278571,1,0.5115638850858432,0.22061767504550517,-0.02032197322929278,-0.24099334422848187,0.33518689128919504,0.13562413624837064,0.01588804985396564,5
0.749966667,2.003,40.311,3.9536,0.206889655,1,1.7048982329436926,0.2084618792726542,0.06217120972461999,0.7710824638057966,0.3552073304564692,0.12208014709874987,0.03917159308679402,3
0.749966667,30.004,-17.766,3.8682,0.214282143,1,-0.20917109181050111,0.20450583303812891,-0.0436347213271074,-0.7629003933817148,0.14894918781355954,0.16335000674589537,0.01525024252012372,5
0.749966667,10.003,-8.1209,3.8997,0.206910345,1,0.6701205553198274,0.2966749283159152,0.005825291688379366,-0.15825267159147188,0.33171798730967567,0.14077270768815653,0.013817510918015615,1
0.749966667,30.003,-9.2276,3.9104,0.214278571,1,0.5115638850858432,0.33604674183996397,-0.037807193098124116,-0.1707672759378329,0.28988739332649854,0.15561789632658474,0.009022181825712324,2
0.749966667,2.003,40.311,3.9536,0.206889655,1,1.7048982329436926,0.2389100828501978,0.05808264446619432,0.7644812100706622,0.31399492859607564,0.10842204358312302,0.03347763183992356,1
0.749966667,30.003,-9.2276,3.9104,0.214278571,1,0.5115638850858432,0.28892242501460713,-0.03276681443385314,-0.1747589359828271,0.3826884247525595,0.1781414156011306,0.015969405467621982,3
0.749966667,30.004,-17.766,3.8682,0.214282143,1,-0.20917109181050111,0.2136255557090044,-0.05192941541259643,-0.806957141943276,0.16066050254739822,0.15405843905056826,0.009022181825712324,2
0.749966667,30.004,-17.766,3.8682,0.214282143,1,-0.20917109181050111,0.24639291499508545,-0.02127637915167725,-0.8000456215301529,0.2723663974669762,0.12554534951457755,0.013817510918015615,1
0.749966667,30.004,-17.766,3.8682,0.214282143,1,-0.20917109181050111,0.19863392467348603,-0.060643391564372,-0.7851531596132554,0.1687529685930349,0.15031273169908674,0.015969405467621982,3
0.749966667,30.004,-17.766,3.8682,0.214282143,1,-0.20917109181050111,0.22682632714044304,-0.05086380980908871,-0.8071836482034996,0.1821284498181194,0.14042778625618665,0.013513288381509482,4
0.749966667,30.003,-9.2276,3.9104,0.214278571,1,0.5115638850858432,0.3248460640572011,-0.04197980464668945,-0.2039822512306273,0.29182306117378176,0.13673757606884465,0.013513288381509482,4
0.749966667,10.003,-8.1209,3.8997,0.206910345,1,0.6701205553198274,0.3375318548036739,-0.0036715214676223697,-0.10463599305017851,0.3110046966187656,0.15362488530459814,0.009326123846694827,2
0.749966667,30.004,-17.766,3.8682,0.214282143,1,-0.20917109181050111,0.19863392467348603,-0.060643391564372,-0.7851531596132554,0.1687529685930349,0.15031273169908674,0.015969405467621982,3
0.749966667,30.003,-9.2276,3.9104,0.214278571,1,0.5115638850858432,0.33604674183996397,-0.037807193098124116,-0.1707672759378329,0.28988739332649854,0.15561789632658474,0.009022181825712324,2
0.749966667,10.003,-8.1209,3.8997,0.206910345,1,0.6701205553198274,0.2786715828065644,-0.0021137375105172397,-0.16767131539294497,0.32176594947231935,0.17443231826415284,0.015969405467621982,3
0.749966667,30.003,-9.2276,3.9104,0.214278571,1,0.5115638850858432,0.28892242501460713,-0.03276681443385314,-0.1747589359828271,0.3826884247525595,0.1781414156011306,0.015969405467621982,3
0.749893333,10.004,-18.048,3.887,0.0,1,-0.6885258702009895,0.16219796256395058,-0.022190853959764355,-0.8283151270705276,0.2210618538223207,-0.2717063090787269,0.0014545492455363275,2
0.749893333,10.004,-18.048,3.887,0.0,1,-0.6885258702009895,0.1878688988406793,-0.00683328017446911,-0.7942897380469367,0.21909662481863051,-0.2901415228075348,0.009061259418958799,1
0.749893333,10.004,-18.048,3.887,0.0,1,-0.6885258702009895,0.21269465057644993,-0.004684411566704512,-0.8019871459971182,0.2024401967227459,-0.26875284408801237,0.008599998564459383,4
0.749893333,10.004,-18.048,3.887,0.0,1,-0.6885258702009895,0.15144647579843876,-0.006814032528200187,-0.8075789643614553,0.18829230788745918,-0.27425264556193724,0.00864249366801232,3
0.749893333,10.004,-18.048,3.887,0.0,1,-0.6885258702009895,0.16554995896294714,-0.0005802934605162591,-0.8271851484430954,0.16859539522556588,-0.2655644781142473,0.008029984636232257,5
0.7498,30.004,1.1344,3.9487,0.206896552,1,1.3288286094591446,0.30970895549980926,-0.020227263553533704,0.32086189368274065,0.4020276544243097,0.09356408428750002,0.037252701222896575,5
0.7498,30.004,1.1344,3.9487,0.206896552,1,1.3288286094591446,0.28244096429552884,-0.02538096598669654,0.3194942259951495,0.3983168311486952,0.1112855662824586,0.030045464186696336,1
0.7498,30.004,1.1344,3.9487,0.206896552,1,1.3288286094591446,0.3351230018143542,-0.02914375808322802,0.3266958700492978,0.4001924538750609,0.1323923807160463,0.033271844242699446,4
0.7498,30.004,1.1344,3.9487,0.206896552,1,1.3288286094591446,0.2887850115794572,-0.03676234165846836,0.3260589500662172,0.4367111169686541,0.12636846076929942,0.040313906650990244,3
0.7498,30.004,1.1344,3.9487,0.206896552,1,1.3288286094591446,0.3063512026052922,-0.02463263525860384,0.25828581321868116,0.3939181509474292,0.1382350791344652,0.02301320182159543,2
0.749466667,30.003,-9.5523,3.9335,0.0,1,-0.026244708000061262,0.26552558488678185,-0.03175956580322236,-0.23622323044110088,0.2960655198432505,-0.3443192127184011,0.0014545492455363275,2
0.749466667,30.003,-9.5523,3.9335,0.0,1,-0.026244708000061262,0.17550800088327378,-0.015100727304816246,-0.3613368355249986,0.2996538678975776,-0.2787456667399965,0.010963898431509734,5
0.749466667,30.003,-9.5523,3.9335,0.0,1,-0.026244708000061262,0.20116056744853267,-0.022705400103877765,-0.2834122551931068,0.29498420722899027,-0.31566680886549875,0.009061259418958799,1
0.749466667,30.004,-8.5953,3.9428,0.0,1,-0.04430565265523511,0.26603828168474136,-0.032487514163367454,-0.19071581401396542,0.3006574173178524,-0.341966031671036,0.0014545492455363275,2
0.749466667,30.003,-9.5523,3.9335,0.0,1,-0.026244708000061262,0.22790577068924903,-0.034857027651742103,-0.32333512549172155,0.2869776769494638,-0.30812173932325093,0.008599998564459383,4
0.749466667,30.004,-8.5953,3.9428,0.0,1,-0.04430565265523511,0.22428928822715533,-0.027444403638946825,-0.24905905049527063,0.28228617265936917,-0.3499654037784785,0.00864249366801232,3
0.749466667,30.004,-8.5953,3.9428,0.0,1,-0.04430565265523511,0.19200153029058128,-0.015100727304816246,-0.28233437621500346,0.3030389077635482,-0.282909671489615,0.010963898431509734,5
0.749466667,30.003,-9.5523,3.9335,0.0,1,-0.026244708000061262,0.22428928822715533,-0.02618872435938101,-0.24905905049527063,0.2816583331685979,-0.3505932433437556,0.00864249366801232,3
0.749466667,30.004,-8.5953,3.9428,0.0,1,-0.04430565265523511,0.23949422146193683,-0.03643270474858582,-0.24889396965387278,0.30438733228016646,-0.3289752830332145,0.008599998564459383,4
0.749466667,30.004,-8.5953,3.9428,0.0,1,-0.04430565265523511,0.20448013756336877,-0.022705400103877765,-0.25385820951778443,0.28852725075674246,-0.3248786815139465,0.009061259418958799,1
0.746953333,30.003,-18.1,3.8924,0.0,1,-0.7354787433230953,0.20369924617232754,-0.025192973252851514,-0.7929481530352496,0.19720901427790521,-0.25032222794252446,0.008599998564459383,4
0.746953333,30.003,-18.1,3.8924,0.0,1,-0.7354787433230953,0.16532695319037885,-0.012131238323636353,-0.8248510795831681,0.1717626814567484,-0.25929188259877267,0.008029984636232257,5
0.746953333,30.003,-18.1,3.8924,0.0,1,-0.7354787433230953,0.175669403517677,-0.01845761497708736,-0.7987208943394944,0.22114955040160567,-0.27769978291122244,0.009061259418958799,1
0.746953333,30.003,-18.1,3.8924,0.0,1,-0.7354787433230953,0.151094730340119,-0.020543557179044002,-0.8140066514513455,0.1915899098815862,-0.26559127257904036,0.00864249366801232,3
0.746953333,30.003,-18.1,3.8924,0.0,1,-0.7354787433230953,0.16212608131812886,-0.0306528915342642,-0.8261517410282977,0.21855945921503006,-0.2628333818004467,0.0014545492455363275,2
0.701367979,10.002,3.6772,3.6267,8.998380952,3,0.593327508211165,0.3089601154299453,0.011013941797427833,0.25807715193368497,-0.11093271846650168,0.07130885570310057,-0.09515506380237639,5
0.701367979,10.002,3.6772,3.6267,8.998380952,3,0.593327508211165,0.2884958861698397,0.020777844028780235,0.28051806000061336,-0.08920199722051621,0.1063747685321141,-0.09872519824304618,3
0.701367979,10.002,3.6772,3.6267,8.998380952,3,0.593327508211165,0.2704801184637472,0.00953529092716053,0.2500384604552528,-0.08667980902944691,0.11577923721633851,-0.06699913546908647,2
0.701367979,10.002,3.6772,3.6267,8.998380952,3,0.593327508211165,0.29615599001059306,0.016882123759714887,0.3058550449833274,-0.003075780300569022,0.04830511042498983,-0.07525231243576855,4
0.701367979,10.002,3.6772,3.6267,8.998380952,3,0.593327508211165,0.27847676855279135,0.012150283679366112,0.2555747255636379,-0.09723411450861022,0.053647687025368214,-0.08874014360364527,1
0.701343607,10.004,4.4233,3.5658,11.99985714,3,0.5930902455573474,0.30629413824062796,0.00483679166296497,0.35098796218633654,-0.2788339774869382,0.060198891024338085,-0.07135723397601396,4
0.701343607,10.004,4.4233,3.5658,11.99985714,3,0.5930902455573474,0.28315669142175465,-0.024098189619835467,0.30011762989859564,-0.30137917761690913,0.15116825230885297,-0.07533369275275618,2
0.701343607,10.004,4.4233,3.5658,11.99985714,3,0.5930902455573474,0.2999854778894223,-0.007585645457729697,0.3409857835253933,-0.27272826419211926,0.10700540822581388,-0.10374977013794705,3
0.701343607,10.004,4.4233,3.5658,11.99985714,3,0.5930902455573474,0.291055619250983,0.012544372354168444,0.32962314517702906,-0.23836667339201084,0.09850217068102211,-0.10072067034430802,5
0.701343607,10.004,4.4233,3.5658,11.99985714,3,0.5930902455573474,0.28418997023487463,0.00062341189943254,0.37836044722236695,-0.27444934126921,0.049194412799552084,-0.07961234758957289,1
0.700758836,10.002,3.2448,3.6921,6.000766667,3,0.589412674423174,0.28494273967342454,0.014601938328705728,0.2708268895011861,0.08667282274924219,0.09366991569870152,-0.1087407631718088,3
0.700758836,10.002,3.2448,3.6921,6.000766667,3,0.589412674423174,0.2782432354567572,0.005653704584110528,0.2617710466403514,0.024232924500247464,0.11958572866860777,-0.08704469000454992,2
0.700758836,10.002,3.2448,3.6921,6.000766667,3,0.589412674423174,0.29117282589199023,0.01205674014869146,0.23575838353484868,0.0546429435488244,0.059547356403199955,-0.09514819364529103,4
0.700758836,10.002,3.2448,3.6921,6.000766667,3,0.589412674423174,0.30597767896484585,0.010763037051074207,0.2280924925301224,0.02057021386222914,0.07449933822033927,-0.12640980591997505,5
0.700758836,10.002,3.2448,3.6921,6.000766667,3,0.589412674423174,0.2678467289195396,0.015963030515995343,0.27110308738192546,0.11303725135978311,0.03664674130268395,-0.10660400579683482,1
0.700494281,10.003,1.5094,3.7722,3.000052381,3,0.5894917619744464,0.3162982050376013,0.01270875562215224,0.2311223965836689,0.12498214854160324,0.07075126942945645,-0.14670255348086358,5
0.700494281,10.003,1.5094,3.7722,3.000052381,3,0.5894917619744464,0.28765683464705943,-0.0007391610648483038,0.1847201035823673,0.11117281297687441,0.10366010462399572,-0.09358463179785759,2
0.700494281,10.003,1.5094,3.7722,3.000052381,3,0.5894917619744464,0.288858414508868,0.004077506810426712,0.22196771889110095,0.18590213457588106,0.0917360519838985,-0.1289351871155668,3
0.700494281,10.003,1.5094,3.7722,3.000052381,3,0.5894917619744464,0.29528025117935613,0.01205674014869146,0.24456736227264628,0.1156205013532599,0.059547356403199955,-0.1217259233025834,4
0.700494281,10.003,1.5094,3.7722,3.000052381,3,0.5894917619744464,0.2676232317578979,0.014259877067815977,0.2873184238746762,0.19627678495598957,0.029446290475316345,-0.12444900791160762,1
0.700184704,10.003,26.68,3.8541,1.000142857,2,1.0070167166561659,0.22646783703006804,0.013787882396718487,0.6713206384191289,0.18981283730827272,0.02055136893526651,-0.13040669568814336,4
0.700184704,10.003,26.68,3.8541,1.000142857,2,1.0070167166561659,0.1926577798742801,0.013972932582255453,0.6998387448268477,0.19059816769324242,0.07918960363778751,-0.15572764619952068,3
0.700184704,10.003,26.68,3.8541,1.000142857,2,1.0070167166561659,0.22488042088225485,0.017535471657756718,0.6659515246853698,0.18238341579446568,0.0766005945764482,-0.1620815359149128,5
0.700184704,10.003,26.68,3.8541,1.000142857,2,1.0070167166561659,0.21305616916855796,0.013079465564223937,0.6635633285203949,0.18408515966497363,0.023439882891252636,-0.1374052672763355,1
0.700184704,10.003,26.68,3.8541,1.000142857,2,1.0070167166561659,0.20192529323860073,0.007965987499337643,0.6678767092945054,0.22650160715449602,0.07879783923737704,-0.11986004951875656,2
0.700150022,2.003,26.705,3.8542,0.999873333,2,1.0934537392422534,0.23557915029581636,0.06136918706703,0.6759859223058448,0.19102737440727652,0.04965208038396668,-0.13040669568814336,4
0.700150022,2.003,26.705,3.8542,0.999873333,2,1.0934537392422534,0.20537887779413722,0.08394978107186034,0.6792443401739001,0.23000244834460318,0.07741605400107801,-0.12124183467589318,2
0.700150022,2.003,26.705,3.8542,0.999873333,2,1.0934537392422534,0.18987958586774767,0.06976814283058047,0.7124028463114519,0.19369070131797345,0.09435101412411313,-0.15641275856411085,3
0.700150022,2.003,26.705,3.8542,0.999873333,2,1.0934537392422534,0.21894891572999767,0.0607083443691954,0.6685154397424776,0.18302251857006924,0.08594096502754837,-0.16328992950730026,5
0.700150022,2.003,26.705,3.8542,0.999873333,2,1.0934537392422534,0.18543141666334123,0.06639731935865711,0.6880355288507417,0.19739310127217322,0.0800375274696853,-0.1374052672763355,1
0.700133001,10.002,41.636,3.8621,1.000111,2,1.1193348484208032,0.19101273211999797,0.007965987499337643,0.7145705444924534,0.23728732720017434,0.08055542700050865,-0.11986004951875656,2
0.700133001,10.002,41.636,3.8621,1.000111,2,1.1193348484208032,0.22488042088225485,0.015589753086678683,0.7180152506299783,0.17909349977038802,0.08034866336733103,-0.16328992950730026,5
0.700133001,10.002,41.636,3.8621,1.000111,2,1.1193348484208032,0.1931648418586701,0.016863015338312835,0.6997116696008016,0.2174867866351269,0.07549811917357147,-0.15641275856411085,3
0.700133001,10.002,41.636,3.8621,1.000111,2,1.1193348484208032,0.20736704047536478,0.02235301118984353,0.6985209059948102,0.18759790355106815,0.016382523933425545,-0.1380748724215664,1
0.700133001,10.002,41.636,3.8621,1.000111,2,1.1193348484208032,0.2196655832871329,0.013872520414879545,0.7026411675009876,0.1979325710842386,0.04798356419778429,-0.13014824143610895,4
0.700121835,10.002,0.66091,3.8446,1.000099524,3,0.5968864480184294,0.2752966298465617,0.011722844511969015,0.1259076830907725,0.15631488688988612,0.07432999221608043,-0.06456620844081044,4
0.700121835,10.002,0.66091,3.8446,1.000099524,3,0.5968864480184294,0.2806586827454157,0.013344879588112235,0.051186539066256954,0.19991379206068813,0.10394480637623929,-0.059320437686983495,3
0.700121835,10.002,0.66091,3.8446,1.000099524,3,0.5968864480184294,0.28729890449671075,0.010763037051074207,0.20962452562060208,0.2026319847558625,0.07998376969015225,-0.14764426675625145,5
0.700121835,10.002,0.66091,3.8446,1.000099524,3,0.5968864480184294,0.2843506100890227,-0.0009679281013086438,0.1309538233175408,0.22725658223498613,0.11370593533385545,-0.05854004554916173,2
0.700121835,10.002,0.66091,3.8446,1.000099524,3,0.5968864480184294,0.2745142953027971,0.015831476126622876,0.08064883721759543,0.22499796317191795,0.05337171599734575,-0.05406336447689682,1
0.70004,2.003,0.81049,3.8621,0.206893103,1,1.3803874421919204,0.2514312237943523,0.058491109593596775,0.1004079741681926,0.2634365653456189,0.1219197175174486,0.018873990055872127,1
0.70004,2.003,0.81049,3.8621,0.206893103,1,1.3803874421919204,0.30852854655240664,0.056844246990513055,0.33749450352974236,0.27932995395269244,0.09098565595573746,0.036901631383225324,5
0.70004,2.003,0.81049,3.8621,0.206893103,1,1.3803874421919204,0.2680208461891743,0.06423147136345506,0.10616548220743426,0.2784064150718041,0.13370716213947162,0.02522019827272743,3
0.70004,2.003,0.81049,3.8621,0.206893103,1,1.3803874421919204,0.2787289087451063,0.059683057175716384,0.23540195620618762,0.30723220948595553,0.11645463090273551,0.024567769481800495,4
0.70004,2.003,0.81049,3.8621,0.206893103,1,1.3803874421919204,0.2948271015845239,0.06845318416599185,0.13689365152153188,0.28300734808668493,0.11675069812743459,0.01655171685386449,2
0.700023333,2.005,10.952,3.8831,0.206896552,1,1.5094938858243458,0.28677863242686724,0.036223372442182156,0.5897828627424314,0.3407486944226548,0.11335697587928735,0.03913688319735229,5
0.700023333,2.005,10.952,3.8831,0.206896552,1,1.5094938858243458,0.26117700109258296,0.024113663869793526,0.5894811356323771,0.35816508024698124,0.10503039714414626,0.03404344352893531,1
0.700023333,2.005,10.952,3.8831,0.206896552,1,1.5094938858243458,0.3027645342401229,0.052056995807215574,0.5363349684281274,0.31977295493124985,0.10446195992233698,0.031446083267219364,2
0.700023333,2.005,10.952,3.8831,0.206896552,1,1.5094938858243458,0.3099434529687278,0.058664320254465566,0.578400778840296,0.32231583007611336,0.10980643193179276,0.032977798157371584,4
0.700023333,2.005,10.952,3.8831,0.206896552,1,1.5094938858243458,0.26577453643985793,0.024552628878736868,0.580961139453575,0.3757130486611277,0.14027614204678684,0.0397017949167639,3
0.70001,2.002,25.465,3.9087,0.206896552,1,1.6281322394325206,0.25327884804224593,0.08294311681762338,0.7239132277248427,0.3111385400686413,0.10085023620689754,0.029459610511548818,2
0.70001,2.002,25.465,3.9087,0.206896552,1,1.6281322394325206,0.21417889320728137,0.06217120972461999,0.7215757655736524,0.35634225389687346,0.1273665749747306,0.03883663668297231,3
0.70001,2.002,25.465,3.9087,0.206896552,1,1.6281322394325206,0.2716867512790486,0.05973058720002882,0.7309052134072408,0.303134859893471,0.10913147303916049,0.03244762865826487,4
0.70001,2.002,25.465,3.9087,0.206896552,1,1.6281322394325206,0.2259683835017495,0.05670366616162937,0.7475542920967564,0.31266116654733195,0.10215029774117283,0.03347763183992356,1
0.70001,2.002,25.465,3.9087,0.206896552,1,1.6281322394325206,0.2536715138040017,0.04982946616364643,0.7326714999752585,0.3138745635701343,0.10135807969607413,0.04030918799573555,5
0.700006667,2.003,-9.7885,3.8701,0.0,1,0.11905238153653853,0.23538686810294165,0.05863425712799653,-0.47165579653228634,0.2310301976231858,-0.2767162665270735,0.008599998564459383,4
0.700006667,2.003,-9.7885,3.8701,0.0,1,0.11905238153653853,0.16592467855080031,0.04056522767408751,-0.5794376897392794,0.2016740238899365,-0.2794106476265006,0.009607040770351887,5
0.700006667,10.002,-8.3898,3.8719,0.0,1,-0.08676422579359601,0.22652457572025014,0.002206294726347551,-0.2604149844753556,0.21134194182348437,-0.3305059272423387,0.00864249366801232,3
0.700006667,2.003,-9.7885,3.8701,0.0,1,0.11905238153653853,0.16965368228266015,0.07288926718058064,-0.4025773314991966,0.2782719977502711,-0.2682377304439433,0.005071010831743479,2
0.700006667,10.002,-8.3898,3.8719,0.0,1,-0.08676422579359601,0.1999439824456931,-0.0011695035322918557,-0.2538106358633377,0.27465643250383437,-0.3263346972153522,0.009061259418958799,1
0.700006667,10.002,-8.3898,3.8719,0.0,1,-0.08676422579359601,0.19756714005721732,-0.007911386103369295,-0.23044851596467197,0.2822589606465772,-0.2907112989923917,0.0032528725452721117,2
0.700006667,2.003,-9.7885,3.8701,0.0,1,0.11905238153653853,0.21951311988028466,0.05428171044099145,-0.31753614767687394,0.2084837545233313,-0.31636033446411604,0.00864249366801232,3
0.700006667,10.002,-8.3898,3.8719,0.0,1,-0.08676422579359601,0.19222453606314957,-0.004553363608429208,-0.2919859099853784,0.21595174726564437,-0.2949344241456129,0.009607040770351887,5
0.700006667,2.003,-9.7885,3.8701,0.0,1,0.11905238153653853,0.18610271630255737,0.05519494514359394,-0.44254618120612577,0.2627713411906734,-0.29019448804931014,0.009061259418958799,1
0.700006667,10.002,-8.3898,3.8719,0.0,1,-0.08676422579359601,0.24275802887626924,0.005086414108518511,-0.24914458883344195,0.2572397169750184,-0.29817913623759523,0.008599998564459383,4
0.7,10.001,25.37,3.9172,0.206889655,1,1.5817934942585044,0.24629591052856994,0.026858684492763133,0.6921675644209608,0.3544029943435453,0.12819958345033228,0.03883663668297231,3
0.7,30.003,-8.4918,3.8638,0.206893103,1,0.35713862104809674,0.2420476192049682,-0.04059511883417145,-0.2187701886612922,0.2218845249991864,0.11485527503537014,0.013513288381509482,4
0.7,30.004,25.169,3.9176,0.206893103,1,1.5192641031803136,0.2763422149582766,-0.02144974589231424,0.6500386358099058,0.371060397317633,0.0972017221560236,0.04060326266102493,5
0.7,30.003,-8.4918,3.8638,0.206893103,1,0.35713862104809674,0.2170011673378758,-0.035040989571716634,-0.17384882769081741,0.25381709161214533,0.11591969054075889,0.009022181825712324,2
0.7,10.002,40.561,3.9208,0.206889655,1,1.6359484133172946,0.19714367814012804,0.0006363378372043372,0.8221689176093787,0.3402353897597641,0.1201785731833661,0.029009575862437485,2
0.7,10.002,40.561,3.9208,0.206889655,1,1.6359484133172946,0.22925166780507425,0.014038336297380738,0.7859862289857119,0.31102491199271753,0.10840273589361459,0.03347763183992356,1
0.7,10.002,1.4944,3.8815,0.206893103,1,1.3483132143576164,0.31157231220277026,-0.00011584115447476506,0.33493058847263457,0.3466873501939699,0.10784735406166873,0.036901631383225324,5
0.7,10.003,11.265,3.9045,0.206886207,1,1.4776708921506239,0.26539237686403794,0.0038548126502428205,0.5755531124724075,0.3962755882181227,0.13742740790825336,0.0397017949167639,3
0.7,30.003,-8.4918,3.8638,0.206893103,1,0.35713862104809674,0.19811321997316556,-0.04829846111912048,-0.20270353643689304,0.23460961299249902,0.1099309548200108,0.013817510918015615,1
0.7,30.003,-8.4918,3.8638,0.206893103,1,0.35713862104809674,0.2420476192049682,-0.04059511883417145,-0.2187701886612922,0.2218845249991864,0.11485527503537014,0.013513288381509482,4
0.7,10.003,11.265,3.9045,0.206886207,1,1.4776708921506239,0.31064358657924457,0.011421567656798288,0.5712415785016492,0.3264757165126502,0.11016599513008259,0.032977798157371584,4
0.7,10.002,1.4944,3.8815,0.206893103,1,1.3483132143576164,0.2572641583788209,-0.0036715214676223697,0.2542328077403363,0.3293792280834168,0.11254550632147584,0.023317143842577933,2
0.7,10.003,11.265,3.9045,0.206886207,1,1.4776708921506239,0.28857930675847454,0.0012380034592933953,0.6018153649894521,0.34522624055389317,0.10260763190570288,0.04060326266102493,5
0.7,10.002,1.4944,3.8815,0.206893103,1,1.3483132143576164,0.2918886329114321,0.005747946482151747,0.3282615816697944,0.38526040211785584,0.13827588243642822,0.039832535479217765,3
0.7,30.003,11.011,3.9144,0.206896552,1,1.4036963893125856,0.26946374054532496,-0.02714702837023651,0.5857187916943803,0.38160064632305873,0.1024485919252038,0.03404344352893531,1
0.7,10.002,40.561,3.9208,0.206889655,1,1.6359484133172946,0.2043610870509292,0.009266082232352346,0.7774123214988503,0.3409571167943068,0.12861682540737093,0.03869022191502154,3
0.7,10.003,11.265,3.9045,0.206886207,1,1.4776708921506239,0.26123499859968435,0.007872222612495533,0.5894604928279296,0.36565501760458574,0.10699420482851565,0.03404344352893531,1
0.7,10.001,25.37,3.9172,0.206889655,1,1.5817934942585044,0.23230692635988817,0.012212557182647289,0.731928653633222,0.3546595821110532,0.11518849690968637,0.029459610511548818,2
0.7,30.003,11.011,3.9144,0.206896552,1,1.4036963893125856,0.2890161466435529,-0.02144974589231424,0.5788124421937391,0.3819216333981603,0.0983761341299396,0.03948795303702354,5
0.7,30.004,25.169,3.9176,0.206893103,1,1.5192641031803136,0.27069696561899037,-0.02714702837023651,0.6682337632309645,0.36222020111745223,0.10311509323306382,0.033767656553536654,1
0.7,30.003,-8.4918,3.8638,0.206893103,1,0.35713862104809674,0.2170011673378758,-0.035040989571716634,-0.17384882769081741,0.25381709161214533,0.11591969054075889,0.009022181825712324,2
0.7,30.004,25.169,3.9176,0.206893103,1,1.5192641031803136,0.2498758780537173,-0.027923430725932123,0.6132205517450348,0.3710127735126298,0.12301277700404172,0.031077380804345012,2
0.7,30.003,-8.4918,3.8638,0.206893103,1,0.35713862104809674,0.2820810673662345,-0.04400025216571521,-0.17154818774433805,0.2510963381803595,0.1407534609711729,0.015969405467621982,3
0.7,30.003,-8.4918,3.8638,0.206893103,1,0.35713862104809674,0.21678708442486821,-0.04660421030828729,-0.22995015610940756,0.18093748657382094,0.10167265911004505,0.01525024252012372,5
0.7,10.001,25.37,3.9172,0.206889655,1,1.5817934942585044,0.2563752033293713,0.006593043215107172,0.72692399576772,0.3223001977056265,0.09995976130478085,0.04030918799573555,5
0.7,30.003,11.011,3.9144,0.206896552,1,1.4036963893125856,0.3122278060531244,-0.04221549255074933,0.5665559492306784,0.3130835396330804,0.10049577135476284,0.032977798157371584,4
0.7,10.002,1.4944,3.8815,0.206893103,1,1.3483132143576164,0.280507522248663,0.007671643428329844,0.37579291318776087,0.37494107480859384,0.11342001339886337,0.03457358195330016,1
0.7,30.003,-8.4918,3.8638,0.206893103,1,0.35713862104809674,0.21678708442486821,-0.04660421030828729,-0.22995015610940756,0.18093748657382094,0.10167265911004505,0.01525024252012372,5
0.7,10.003,11.265,3.9045,0.206886207,1,1.4776708921506239,0.2817805150686763,-0.0036881216848269104,0.5474717724369839,0.3174410935852211,0.10620390506985132,0.03113093928433955,2
0.7,10.002,40.561,3.9208,0.206889655,1,1.6359484133172946,0.23869949202053248,0.004710874881129712,0.8092744652333204,0.3146416106517427,0.09845014940015971,0.04030918799573555,5
0.7,30.004,25.169,3.9176,0.206893103,1,1.5192641031803136,0.2430141672954778,-0.04294327661860734,0.6733751874801237,0.38982808076078074,0.1229810325615108,0.03883663668297231,3
0.7,30.003,11.011,3.9144,0.206896552,1,1.4036963893125856,0.26339870207448257,-0.03873274576384574,0.5676683886151295,0.4167452394589782,0.13291517653036863,0.0397017949167639,3
0.7,30.003,11.011,3.9144,0.206896552,1,1.4036963893125856,0.28126044002827255,-0.041097988565452395,0.549524711240083,0.31227525269496254,0.10204849706555251,0.030826997263357043,2
0.7,10.001,25.37,3.9172,0.206889655,1,1.5817934942585044,0.2720444220630452,0.013164938896661624,0.7257067186804488,0.3044862202601507,0.11000421573058702,0.03244762865826487,4
0.7,30.003,-8.4918,3.8638,0.206893103,1,0.35713862104809674,0.2820810673662345,-0.04400025216571521,-0.17154818774433805,0.2510963381803595,0.1407534609711729,0.015969405467621982,3
0.7,10.002,1.4944,3.8815,0.206893103,1,1.3483132143576164,0.317127929457929,0.010520153957186267,0.3637870798818767,0.3322999226859247,0.11771474655834027,0.033271844242699446,4
0.7,30.004,25.169,3.9176,0.206893103,1,1.5192641031803136,0.2810062428563833,-0.030582356725353747,0.7222860163776204,0.35574176502414045,0.1207649647409562,0.03244762865826487,4
0.7,30.003,-8.4918,3.8638,0.206893103,1,0.35713862104809674,0.19811321997316556,-0.04829846111912048,-0.20270353643689304,0.23460961299249902,0.1099309548200108,0.013817510918015615,1
0.7,10.002,40.561,3.9208,0.206889655,1,1.6359484133172946,0.2468866044015158,0.0038291192369069903,0.793296649758704,0.30990642567630855,0.1198604882217478,0.03210302298888564,4
0.7,10.001,25.37,3.9172,0.206889655,1,1.5817934942585044,0.2312259944100515,0.01555359068501275,0.7401057097921148,0.31769239792833104,0.10527308599557728,0.03347763183992356,1
0.699996667,2.003,-8.2402,3.8355,0.206896552,1,0.6867578397317029,0.1992878478486091,0.0581703207155806,-0.19309023849200457,0.25188949760980905,0.12051695432164707,0.0134951084444765,1
0.699996667,2.003,-8.2402,3.8355,0.206896552,1,0.6867578397317029,0.21660413330770098,0.056844246990513055,-0.22443607495166362,0.18577491825795733,0.11528836613986641,0.015536980014294386,5
0.699996667,2.002,39.649,3.9132,0.2069,1,1.6747501336738506,0.23565572637016885,0.04982946616364643,0.8118383802904282,0.31587466968921946,0.09845014940015971,0.04030918799573555,5
0.699996667,2.002,39.649,3.9132,0.2069,1,1.6747501336738506,0.24901071424945256,0.05973058720002882,0.7859668009961024,0.27954905619379133,0.10809133200382348,0.03210302298888564,4
0.699996667,2.002,39.649,3.9132,0.2069,1,1.6747501336738506,0.2210701722302474,0.05808264446619432,0.7941999637894332,0.30599368061171844,0.10454444712842814,0.03347763183992356,1
0.699996667,2.003,-8.2402,3.8355,0.206896552,1,0.6867578397317029,0.24155944290338083,0.05993697123019956,-0.21354886141838506,0.1410164360771887,0.11943199416273273,0.013948366804979741,4
0.699996667,2.003,-8.2402,3.8355,0.206896552,1,0.6867578397317029,0.22010967381182125,0.06845318416599185,-0.17300428001675755,0.2008468110114336,0.11252557687927038,0.009641267829574645,2
0.699996667,2.002,39.649,3.9132,0.2069,1,1.6747501336738506,0.2043610870509292,0.06217120972461999,0.7841565413132776,0.3410117472917773,0.12778381693176924,0.03869022191502154,3
0.699996667,2.003,-8.2402,3.8355,0.206896552,1,0.6867578397317029,0.28241472277761204,0.05944885994307697,-0.18975248155882582,0.1951446676068008,0.13802558605908416,0.015969405467621982,3
0.699996667,2.002,39.649,3.9132,0.2069,1,1.6747501336738506,0.20318692154833115,0.08294311681762338,0.8180295361997559,0.29719976252876223,0.09875780574569944,0.029324719845317305,2
0.69999618,30.003,27.618,3.9069,0.0,2,0.9518134871923729,0.243110757607501,-0.03322597891092301,0.7324742952140514,0.2240030274062883,-0.220207030926249,-0.10701001774519682,4
0.69999618,30.003,27.618,3.9069,0.0,2,0.9518134871923729,0.2064477860648185,-0.019119953032350166,0.6999633239174727,0.24413799043511972,-0.18871408562525174,-0.140152217335999,5
0.69999618,30.003,27.618,3.9069,0.0,2,0.9518134871923729,0.1721188598626759,-0.04342402333393693,0.7297410880634562,0.28346923403907565,-0.1864091835299041,-0.0814671713206917,2
0.69999618,30.003,27.618,3.9069,0.0,2,0.9518134871923729,0.1766724732797593,-0.03513926790328696,0.7403008115745615,0.2817818035534583,-0.20526537925121374,-0.12305593048920854,3
0.69999618,30.003,27.618,3.9069,0.0,2,0.9518134871923729,0.21615627895487705,-0.025577589713211637,0.739823007620871,0.24752142397686838,-0.22454349333187565,-0.11502860648790375,1
0.699996162,10.003,12.722,3.8326,0.0,2,0.7429705823322814,0.24411597298691048,-0.008452693542931228,0.5197559439064935,0.2417022056039423,-0.18836902072886005,-0.10073233261704445,2
0.699996162,10.003,12.722,3.8326,0.0,2,0.7429705823322814,0.24395054845837877,0.003912715798942372,0.5651870915479958,0.18383946329122408,-0.19798953703837469,-0.12902176171541213,5
0.699996162,10.003,12.722,3.8326,0.0,2,0.7429705823322814,0.23611301576253027,0.00020584596786648034,0.5509187708911486,0.23422963962657378,-0.19716437960392796,-0.12602349476190283,3
0.699996162,10.003,12.722,3.8326,0.0,2,0.7429705823322814,0.23939141581213336,0.003277815386536531,0.5719841688685119,0.24488465276081114,-0.21285866098478437,-0.10829713488696142,1
0.699996162,10.003,12.722,3.8326,0.0,2,0.7429705823322814,0.29954703389434145,0.003990195461083204,0.5452729523403105,0.1806959443492815,-0.2163740124105243,-0.11645546090323478,4
0.699995953,10.002,2.8241,3.8139,0.0,2,0.5079230544289087,0.2551089213346131,0.002098979799775407,0.29862123445258476,0.25308867836603893,-0.20047349809552542,-0.1260434715473093,3
0.699995953,10.002,2.8241,3.8139,0.0,2,0.5079230544289087,0.2850278194365092,-0.006698653112398461,0.3091011818451807,0.19712834207806737,-0.17883648825343698,-0.11955673601478338,5
0.699995953,10.002,2.8241,3.8139,0.0,2,0.5079230544289087,0.25143475091696016,0.0030539483975735495,0.3321604784717783,0.24991826434154063,-0.23529347289353608,-0.1102820269111544,1
0.699995953,10.002,2.8241,3.8139,0.0,2,0.5079230544289087,0.22327450913609936,-0.008436093325726687,0.3085508478188422,0.2750360184255987,-0.2237167296349071,-0.07725880105048417,2
0.699995953,10.002,2.8241,3.8139,0.0,2,0.5079230544289087,0.29984556782525035,0.006576849410776049,0.2799101522460114,0.14453898442428909,-0.2323151994397631,-0.11741111068520695,4
0.699995414,10.002,-17.098,3.7543,0.0,2,-0.8795985010547412,0.17540784241777146,0.0012134371328284032,-0.7463682827842422,0.08905222156550735,-0.2326558134285733,-0.003961936770938337,1
0.699995414,10.002,-17.098,3.7543,0.0,2,-0.8795985010547412,0.1606193442386575,0.0014741718850564212,-0.7569855640106834,0.10583454622654244,-0.20043054029229096,-0.005957633417565376,3
0.699995414,10.002,-17.098,3.7543,0.0,2,-0.8795985010547412,0.2222436632588506,0.0018974793935194613,-0.7335210333066061,0.052116787317208944,-0.2347797256987542,-0.019395939349196853,4
0.699995414,10.002,-17.098,3.7543,0.0,2,-0.8795985010547412,0.15171390865463763,-0.005086097439634614,-0.7326940478570759,0.05439307696768083,-0.23491874419152736,-0.004810195518657565,2
0.699995414,10.002,-17.098,3.7543,0.0,2,-0.8795985010547412,0.17747163847554476,-0.0037291641312185674,-0.7292301269574091,0.042758924730587754,-0.21708235219819472,-0.011782266013324261,5
0.699993072,10.002,0.94299,3.9166,0.0,3,0.6121898891896659,0.2893009651848115,-0.009468863225774839,0.30700816086959093,0.3081225462188013,-0.18811276889638975,-0.13163402914302424,5
0.699993072,10.002,0.94299,3.9166,0.0,3,0.6121898891896659,0.29554831217508765,0.006303379016462714,0.2558835984731559,0.2931792750673776,-0.2484508566436125,-0.0828232225123793,4
0.699993072,10.002,0.94299,3.9166,0.0,3,0.6121898891896659,0.25126045996556057,0.00011617248761467635,0.18676675438997337,0.31488435393432157,-0.2737091082916595,-0.10209901965456084,3
0.699993072,10.002,0.94299,3.9166,0.0,3,0.6121898891896659,0.21981409010244535,-0.009309631320647896,0.20420457974425518,0.3129050720576197,-0.2364184489834588,-0.06327154392376542,2
0.699993072,10.002,0.94299,3.9166,0.0,3,0.6121898891896659,0.267755714628438,0.0008318011826486327,0.19938942105975002,0.2782976947259158,-0.28881991216680036,-0.07349392744712531,1
0.699991373,10.003,-7.1122,3.7802,0.0,2,-0.08448965259782341,0.20310884897131473,0.003009458639426157,-0.1864400491863489,0.12568061435304118,-0.22625568903284146,-0.016012811893597247,5
0.699991373,10.003,-7.1122,3.7802,0.0,2,-0.08448965259782341,0.1886944586550817,-0.008207326289266348,-0.142918068789877,0.15066425975877792,-0.23678462529089303,0.005032080877572298,2
0.699991373,10.003,-7.1122,3.7802,0.0,2,-0.08448965259782341,0.24862699036602862,0.005596422899980098,-0.2000726061372552,0.08799642309080809,-0.2649525577831082,-0.019395939349196853,4
0.699991373,10.003,-7.1122,3.7802,0.0,2,-0.08448965259782341,0.21961163426050917,-0.008584800815442576,-0.16396091599948703,0.20621822864864953,-0.28107859810930674,-0.005957633417565376,3
0.699991373,10.003,-7.1122,3.7802,0.0,2,-0.08448965259782341,0.21061386741377647,-0.0006388658631476574,-0.2102470369474031,0.1454669980891049,-0.2692575171915814,-0.006643309346400201,1
0.69998,2.002,-7.9803,3.8224,0.2069,1,0.5954481798135054,0.22207652286975643,0.06845318416599185,-0.15734763001441024,0.19239413577131928,0.11252557687927038,0.009641267829574645,2
0.69998,2.002,-7.9803,3.8224,0.2069,1,0.5954481798135054,0.1932295608986169,0.0581703207155806,-0.18703195126261563,0.25188949760980905,0.12051695432164707,0.0134951084444765,1
0.69998,2.002,-7.9803,3.8224,0.2069,1,0.5954481798135054,0.21797471696627327,0.056844246990513055,-0.21498363110236823,0.1749518905056175,0.11528836613986641,0.015536980014294386,5
0.69998,2.002,-7.9803,3.8224,0.2069,1,0.5954481798135054,0.2740204788275878,0.05944885994307697,-0.1553431396256201,0.20974776308052243,0.13802558605908416,0.015969405467621982,3
0.69998,2.002,-7.9803,3.8224,0.2069,1,0.5954481798135054,0.23884195799706504,0.05993697123019956,-0.21083137625129894,0.1410164360771887,0.11943199416273273,0.013948366804979741,4
0.699973333,2.002,-17.624,3.7728,0.206896552,1,-0.2594458388336357,0.1837885210348759,0.046137712395284323,-0.8370908404840156,0.090465972997481,0.0733148779021576,0.015910332454368473,5
0.699973333,2.002,-17.624,3.7728,0.206896552,1,-0.2594458388336357,0.21982375700958073,0.050196401554858314,-0.8212236549216323,0.06757748211966827,0.09319033721345477,0.013219321486540139,4
0.699973333,2.002,-17.624,3.7728,0.206896552,1,-0.2594458388336357,0.1630615362082608,0.050622734905045944,-0.7967205991595984,0.13404300920665263,0.09848011311260052,0.012413177337730303,1
0.699973333,2.002,-17.624,3.7728,0.206896552,1,-0.2594458388336357,0.16128012119530466,0.04658495805924758,-0.8460575058707036,0.1109263654705137,0.09778163788549137,0.01406288201455027,3
0.699973333,2.002,-17.624,3.7728,0.206896552,1,-0.2594458388336357,0.1629966555041028,0.05297489460848737,-0.8047825215023476,0.08284903680207208,0.08567363496404141,0.009641267829574645,2
0.699966667,10.002,-8.537,3.8604,0.206896552,1,0.579508768069913,0.19616735967807472,0.01584312002902152,-0.19753666893113406,0.2563465273450129,0.11851963556138799,0.013817510918015615,1
0.699966667,30.002,40.721,3.9203,0.206896552,1,1.5753730657102971,0.23789324058685452,-0.024750546821160242,0.7989735617733095,0.32598982359049844,0.09645679387263954,0.040022450471296905,5
0.699966667,30.004,-18.92,3.8319,0.214267857,1,-0.32847940318022767,0.1956733423937112,-0.0436347213271074,-0.7975504879793153,0.1222887152119074,0.14031965013127773,0.01525024252012372,5
0.699966667,10.004,-17.967,3.8201,0.206893103,1,-0.21581483961255887,0.16127370111382333,0.0064985305076697844,-0.8461440587672405,0.13592528771143406,0.09921018748253119,0.015969405467621982,3
0.699966667,30.004,-18.92,3.8319,0.214267857,1,-0.32847940318022767,0.20874163891188802,-0.05094844782724976,-0.8147120628901757,0.08966295709135011,0.11403782254550605,0.013948366804979741,4
0.699966667,30.002,40.721,3.9203,0.206896552,1,1.5753730657102971,0.24239932858617977,-0.022976292803359683,0.782151753618382,0.3159965018904768,0.10400623667053878,0.03347763183992356,1
0.699966667,30.002,40.721,3.9203,0.206896552,1,1.5753730657102971,0.20656134600721998,-0.036272054209839553,0.7659956676966977,0.3624477780726738,0.12537215925287457,0.03869022191502154,3
0.699966667,30.004,-18.92,3.8319,0.214267857,1,-0.32847940318022767,0.16950181900261668,-0.060643391564372,-0.8170246243081055,0.11204580009914934,0.14097687934234274,0.015969405467621982,3
0.699966667,30.004,-18.92,3.8319,0.214267857,1,-0.32847940318022767,0.14527524826815352,-0.04405067599233007,-0.8193975716643035,0.1680568885849789,0.1068122145603411,0.0134951084444765,1
0.699966667,30.004,-18.92,3.8319,0.214267857,1,-0.32847940318022767,0.14527524826815352,-0.04405067599233007,-0.8193975716643035,0.1680568885849789,0.1068122145603411,0.0134951084444765,1
0.699966667,30.004,-18.92,3.8319,0.214267857,1,-0.32847940318022767,0.1956733423937112,-0.0436347213271074,-0.7975504879793153,0.1222887152119074,0.14031965013127773,0.01525024252012372,5
0.699966667,10.002,-8.537,3.8604,0.206896552,1,0.579508768069913,0.24184956080513076,0.011722844511969015,-0.22261123170144856,0.2230563689256087,0.12268802403239533,0.013513288381509482,4
0.699966667,10.002,-8.537,3.8604,0.206896552,1,0.579508768069913,0.2846975694593857,0.014750568373128771,-0.17370445081731303,0.24556652983650565,0.14670594702940434,0.015969405467621982,3
0.699966667,10.004,-17.967,3.8201,0.206893103,1,-0.21581483961255887,0.14615631056018175,0.0055161086053703914,-0.8340845660818741,0.18462064447812737,0.09873041864251718,0.0134951084444765,1
0.699966667,10.002,-8.537,3.8604,0.206896552,1,0.579508768069913,0.2175933358585462,0.011725655707996338,-0.23228422492276876,0.20726882457151077,0.11549302187166177,0.015536980014294386,5
0.699966667,30.002,40.721,3.9203,0.206896552,1,1.5753730657102971,0.2508016736793797,-0.023579333054367452,0.7898759474558755,0.3195668085478246,0.12031114147393965,0.03210302298888564,4
0.699966667,30.004,-18.92,3.8319,0.214267857,1,-0.32847940318022767,0.20874163891188802,-0.05094844782724976,-0.8147120628901757,0.08966295709135011,0.11403782254550605,0.013948366804979741,4
0.699966667,30.002,40.721,3.9203,0.206896552,1,1.5753730657102971,0.19662360309972426,-0.03618630368262529,0.8016788009600714,0.3483653379511088,0.12436523393320385,0.028705633841454983,2
0.699966667,10.004,-17.967,3.8201,0.206893103,1,-0.21581483961255887,0.2210598346590996,0.01229637768585235,-0.826925802945625,0.101338132226374,0.08146337267011404,0.013948366804979741,4
0.699966667,30.004,-18.92,3.8319,0.214267857,1,-0.32847940318022767,0.16950181900261668,-0.060643391564372,-0.8170246243081055,0.11204580009914934,0.14097687934234274,0.015969405467621982,3
0.699966667,10.004,-17.967,3.8201,0.206893103,1,-0.21581483961255887,0.1546003759885207,-0.004996290839626454,-0.8321518217166886,0.13428277754690499,0.09166931373532862,0.009022181825712324,2
0.699966667,10.004,-17.967,3.8201,0.206893103,1,-0.21581483961255887,0.18541337456088514,0.015145732143428176,-0.8341535260970704,0.1446524697134737,0.07558201898355037,0.01525024252012372,5
0.699966667,30.004,-18.92,3.8319,0.214267857,1,-0.32847940318022767,0.1692586722970009,-0.05192941541259643,-0.7906184938549995,0.10225373045075685,0.15059103982988745,0.009022181825712324,2
0.699966667,10.002,-8.537,3.8604,0.206896552,1,0.579508768069913,0.21737747990060596,-0.0009053179412148893,-0.1785134914610535,0.26236273196991533,0.12272498044068925,0.009326123846694827,2
0.699966667,30.004,-18.92,3.8319,0.214267857,1,-0.32847940318022767,0.1692586722970009,-0.05192941541259643,-0.7906184938549995,0.10225373045075685,0.15059103982988745,0.009022181825712324,2
0.699963333,2.001,-18.341,3.8458,0.0,1,-0.6235399673304411,0.14404458453005645,0.058055748581537045,-0.8482985385903157,0.16132387237856163,-0.2370594856562093,0.005071010831743479,2
0.699963333,2.001,-18.341,3.8458,0.0,1,-0.6235399673304411,0.15164119679684518,0.04141780855716206,-0.8378529322636313,0.13348458484979348,-0.22951036845101044,0.00864249366801232,3
0.699963333,2.001,-18.341,3.8458,0.0,1,-0.6235399673304411,0.16430114811868407,0.03262890319223516,-0.8487775407964364,0.11980100046610459,-0.24233242615358905,0.009607040770351887,5
0.699963333,2.001,-18.341,3.8458,0.0,1,-0.6235399673304411,0.19660657717613503,0.043362895003519954,-0.8314952296763658,0.12504291266668588,-0.23986849366105162,0.010601359312422573,4
0.699963333,2.001,-18.341,3.8458,0.0,1,-0.6235399673304411,0.144107096036023,0.049799643114965875,-0.8177582611632533,0.16700302334968,-0.25236617939342976,0.0071764448436442765,1
0.699956667,2.003,-17.525,3.7925,0.206896552,1,-0.19973585333530977,0.16128012119530466,0.04658495805924758,-0.8460575058707036,0.11772835020907223,0.09778163788549137,0.01406288201455027,3
0.699956667,2.003,-17.525,3.7925,0.206896552,1,-0.19973585333530977,0.1837885210348759,0.046137712395284323,-0.8430940127698705,0.09646914420300164,0.0733148779021576,0.015910332454368473,5
0.699956667,2.003,-17.525,3.7925,0.206896552,1,-0.19973585333530977,0.21982375700958073,0.050196401554858314,-0.8212236549216323,0.06757748211966827,0.09319033721345477,0.013219321486540139,4
0.699956667,2.003,-17.525,3.7925,0.206896552,1,-0.19973585333530977,0.14249055304797367,0.050622734905045944,-0.8256750192865729,0.14213090237230064,0.09519809480872937,0.012413177337730303,1
0.699956667,2.003,-17.525,3.7925,0.206896552,1,-0.19973585333530977,0.1629966555041028,0.05297489460848737,-0.8142549195257015,0.09232143489876762,0.08567363496404141,0.009641267829574645,2
0.699883333,10.004,-18.745,3.8493,0.0,1,-0.7323243588624544,0.14498953199246897,-0.021317315964843146,-0.8290991833736189,0.16549996719229967,-0.24637134364806115,0.0014545492455363275,2
0.699883333,10.004,-18.745,3.8493,0.0,1,-0.7323243588624544,0.15133406363631366,-0.004831225216039456,-0.8228739820304327,0.13344336998416112,-0.23424442520248703,0.00864249366801232,3
0.699883333,10.004,-18.745,3.8493,0.0,1,-0.7323243588624544,0.19395531707210467,-0.004410941172391176,-0.808755645819474,0.18058545568026602,-0.2548304221907165,0.008599998564459383,4
0.699883333,10.004,-18.745,3.8493,0.0,1,-0.7323243588624544,0.16651888902299106,0.0021899166528601198,-0.8376654322026298,0.1188751601590775,-0.2420661699329503,0.008029984636232257,5
0.699883333,10.004,-18.745,3.8493,0.0,1,-0.7323243588624544,0.1471252173060202,-0.004587845154746901,-0.8130481123784556,0.16798084920737893,-0.25908704520901665,0.0071764448436442765,1
0.6998,30.004,0.84759,3.9054,0.206893103,1,1.155756187724866,0.30038505379809066,-0.02032197322929278,0.3391104687796906,0.377734567145817,0.09337000518920831,0.037252701222896575,5
0.6998,30.004,0.84759,3.9054,0.206893103,1,1.155756187724866,0.24220463449368254,-0.039117500053253026,0.12247323031420819,0.2944705546554178,0.11458271193376277,0.01593263085000217,2
0.6998,30.004,0.84759,3.9054,0.206893103,1,1.155756187724866,0.28672585923690347,-0.045178906565997747,0.23762997872661798,0.33070288677699866,0.11357391885248944,0.024567769481800495,4
0.6998,30.004,0.84759,3.9054,0.206893103,1,1.155756187724866,0.21705679290666013,-0.03676234165846836,0.101729040328064,0.39925186353968456,0.1444231754145585,0.02522019827272743,3
0.6998,30.004,0.84759,3.9054,0.206893103,1,1.155756187724866,0.2784024253417738,-0.025535808180866298,0.10593076702440157,0.34184896763646977,0.1312287504505366,0.018873990055872127,1
0.699466667,30.003,-8.775,3.8882,0.0,1,-0.15272715039974114,0.2309365252358839,-0.03843865347094834,-0.28765530888806096,0.2531941700493917,-0.2905843087937683,0.008599998564459383,4
0.699466667,30.003,-8.775,3.8882,0.0,1,-0.15272715039974114,0.18567105728172464,-0.02618872435938101,-0.27904857783811166,0.2364163407695014,-0.31541271166410295,0.00864249366801232,3
0.699466667,30.003,-8.775,3.8882,0.0,1,-0.15272715039974114,0.16342285523656755,-0.015100727304816246,-0.3190266989544034,0.2266998984478414,-0.26971608876483516,0.008029984636232257,5
0.699466667,30.003,-8.775,3.8882,0.0,1,-0.15272715039974114,0.19688108491711317,-0.03502055628225207,-0.27162250386551023,0.2715005830908194,-0.2918168241507374,0.0014545492455363275,2
0.699466667,30.003,-8.775,3.8882,0.0,1,-0.15272715039974114,0.19669083549786592,-0.022705400103877765,-0.2551342655019835,0.2826512201223522,-0.31742723065661266,0.009061259418958799,1
0.696933333,30.003,-18.72,3.8551,0.0,1,-0.7607975637284163,0.18863836637930945,-0.02491950285853818,-0.8019940972165205,0.1766506068315357,-0.2390971495199483,0.008599998564459383,4
0.696933333,30.003,-18.72,3.8551,0.0,1,-0.7607975637284163,0.13195183878036915,-0.02364632438577246,-0.8083582936762832,0.13520247912732886,-0.21232189786154776,0.00864249366801232,3
0.696933333,30.003,-18.72,3.8551,0.0,1,-0.7607975637284163,0.15774227663408966,-0.018502123863436283,-0.8356408521533012,0.13471909576328472,-0.21462891499511896,0.008029984636232257,5
0.696933333,30.003,-18.72,3.8551,0.0,1,-0.7607975637284163,0.14491765074664728,-0.029779353539342992,-0.826935797331389,0.16299757258500905,-0.2374984163697809,0.0014545492455363275,2
0.696933333,30.003,-18.72,3.8551,0.0,1,-0.7607975637284163,0.1462202963946038,-0.023868489648157264,-0.809455712554045,0.1623774654092267,-0.2368904967652634,0.0071764448436442765,1
0.650036667,2.002,1.7935,3.816,0.206896552,1,1.3439026590940657,0.23320180606562643,0.05775560915732058,0.4048947988054715,0.30447485197801144,0.10449773493572138,0.03425117947976105,1
0.650036667,2.002,1.7935,3.816,0.206896552,1,1.3439026590940657,0.3073283647163771,0.05940150642185472,0.35620273877168074,0.18710767169468454,0.12321979632310104,0.0337069226661697,4
0.650036667,2.002,1.7935,3.816,0.206896552,1,1.3439026590940657,0.26667892420402495,0.06423147136345506,0.3741090681275818,0.26214208848774434,0.10726959591615014,0.039832535479217765,3
0.650036667,2.002,1.7935,3.816,0.206896552,1,1.3439026590940657,0.27442158019402996,0.06845318416599185,0.3781254157971125,0.2722938058094587,0.10777259593363851,0.026611055587418376,2
0.650036667,2.002,1.7935,3.816,0.206896552,1,1.3439026590940657,0.30020210273214615,0.056844246990513055,0.34659934441093354,0.23590455336961896,0.08983372504124418,0.036901631383225324,5
0.650026667,10.002,-7.4915,3.8279,0.0,1,-0.16707541245964752,0.1492237192459288,0.000682571962242946,-0.2652631399198435,0.18724036856205203,-0.25810490151983684,0.00864249366801232,3
0.650026667,10.002,-7.4915,3.8279,0.0,1,-0.16707541245964752,0.19340098406886683,-0.007037848108448088,-0.18830915579921567,0.20039471437223255,-0.2628105477569625,0.0032528725452721117,2
0.650026667,10.002,-7.4915,3.8279,0.0,1,-0.16707541245964752,0.2111724368680734,0.005359884502831846,-0.2611597998358775,0.15646130623761564,-0.27408838730072604,0.010601359312422573,4
0.650026667,10.002,-7.4915,3.8279,0.0,1,-0.16707541245964752,0.14698015550296986,0.0010759314874303526,-0.25561369098024445,0.21876841216813772,-0.2803697407315485,0.0071764448436442765,1
0.650026667,10.002,-7.4915,3.8279,0.0,1,-0.16707541245964752,0.16598537472775207,-0.0017831534950528295,-0.28892976765986533,0.1586920930305496,-0.25182481835130605,0.009607040770351887,5
0.650013333,2.003,11.101,3.8382,0.206886207,1,1.4771125940159973,0.3009546296368353,0.06030292012146674,0.5895822028699331,0.2208262331597507,0.10272735024744178,0.03341287658084184,4
0.650013333,2.003,11.101,3.8382,0.206886207,1,1.4771125940159973,0.2784521887556184,0.05774750415002927,0.5958883104659617,0.24625460630748422,0.09729048488894478,0.03913688319735229,5
0.650013333,2.003,11.101,3.8382,0.206886207,1,1.4771125940159973,0.23788873204000993,0.0652284202876035,0.6226442671334371,0.25946581340860575,0.10954220254090614,0.0397017949167639,3
0.650013333,2.003,11.101,3.8382,0.206886207,1,1.4771125940159973,0.28671103150816635,0.07675880452618003,0.5637428581994027,0.2540806356386747,0.09530273873358965,0.031446083267219364,2
0.650013333,2.003,11.101,3.8382,0.206886207,1,1.4771125940159973,0.21341745757410535,0.05965934178966563,0.6173710502800531,0.28769885763991626,0.09807192636537365,0.0337210410553962,1
0.65,10.003,1.7265,3.8487,0.206889655,1,1.3413065727680515,0.3032458683825098,0.012176243162248284,0.3410360361961648,0.2523161497199908,0.09149412561440841,0.03661489388905466,5
0.65,30.004,10.455,3.8722,0.206903448,1,1.3621310931896273,0.24917199852643535,-0.02714702837023651,0.529822236574255,0.3684607899771072,0.09981433735694736,0.03404344352893531,1
0.65,10.004,11.279,3.8548,0.206889655,1,1.4416606624672015,0.2964708606037311,0.01037130867363885,0.5848205991275609,0.28386294507421556,0.10904793162713759,0.032977798157371584,4
0.65,2.001,-8.6522,3.8263,0.0,1,0.008286031626600463,0.14527563158801057,0.05744038016331615,-0.26385001837508754,0.21822491590399296,-0.2701927899129805,0.0071764448436442765,1
0.65,10.003,1.5143,3.8434,0.2069,1,1.2617211736770146,0.2731663181283511,-0.0009053179412148893,0.36022114173858427,0.2822747831279412,0.11392528544645757,0.02629591160453856,2
0.65,2.001,-8.6522,3.8263,0.0,1,0.008286031626600463,0.16157102536759338,0.04333543778746389,-0.30363504065666347,0.17949673862662166,-0.25275663231965156,0.009607040770351887,5
0.65,30.004,10.455,3.8722,0.206903448,1,1.3621310931896273,0.2861704172217287,-0.02144974589231424,0.5323407807620242,0.34878200851846486,0.10513156210421584,0.03885014570318163,5
0.65,30.002,40.245,3.8868,0.206893103,1,1.5371296434883681,0.17916266095795436,-0.036272054209839553,0.8081814024678897,0.33835645192535596,0.12594587130937726,0.03869022191502154,3
0.65,10.002,40.356,3.8874,0.214285714,1,1.6035671215089458,0.1797029676704551,0.009266082232352346,0.8097286459861789,0.31231347089866174,0.14087170105427504,0.03869022191502154,3
0.65,2.001,-8.6522,3.8263,0.0,1,0.008286031626600463,0.15990080997318729,0.05428171044099145,-0.3019908184860833,0.17610942298779264,-0.25276386356912556,0.00864249366801232,3
0.65,10.003,1.5143,3.8434,0.2069,1,1.2617211736770146,0.26472035555838375,0.004077506810426712,0.3662783361657057,0.2586699386499822,0.10783025737735442,0.039832535479217765,3
0.65,10.003,1.5143,3.8434,0.2069,1,1.2617211736770146,0.3032458683825098,0.012176243162248284,0.3410360361961648,0.2523161497199908,0.09149412561440841,0.03661489388905466,5
0.65,10.002,40.356,3.8874,0.214285714,1,1.6035671215089458,0.2009529922681395,0.0052623941330239175,0.8072108608204871,0.27710890674032274,0.1322659142507473,0.029009575862437485,2
0.65,10.003,1.7265,3.8487,0.206889655,1,1.3413065727680515,0.3037835048674606,0.011820201751543209,0.37174236986320464,0.2947230226358806,0.11400593403843232,0.033271844242699446,4
0.65,10.003,1.5143,3.8434,0.2069,1,1.2617211736770146,0.308816210438963,0.011820201751543209,0.3749685039115138,0.230471773622412,0.11063566487398929,0.0337069226661697,4
0.65,10.002,40.356,3.8874,0.214285714,1,1.6035671215089458,0.2299716641847044,0.004710874881129712,0.8086613228882197,0.29005657056579365,0.12639508997555823,0.039671380631625654,5
0.65,30.004,10.455,3.8722,0.206903448,1,1.3621310931896273,0.24390421372576385,-0.07519234277307987,0.5045098066271748,0.2750133966095746,0.09323776943143457,0.03943014703691006,3
0.65,30.002,40.245,3.8868,0.206893103,1,1.5371296434883681,0.22423007952282206,-0.022976292803359683,0.8089209152013064,0.30249934884021057,0.1014135400392115,0.03347763183992356,1
0.65,10.003,1.7265,3.8487,0.206889655,1,1.3413065727680515,0.26472035555838375,0.004077506810426712,0.3662783361657057,0.25839759164489806,0.10810260439175182,0.039832535479217765,3
0.65,10.004,11.279,3.8548,0.206889655,1,1.4416606624672015,0.21766306092642482,0.005628312809276395,0.6162185548385605,0.29277164411731066,0.0988282573176548,0.0337210410553962,1
0.65,10.003,1.7265,3.8487,0.206889655,1,1.3413065727680515,0.2731663181283511,-0.0009053179412148893,0.36326726073748433,0.2887734097929206,0.11169161214493215,0.02629591160453856,2
0.65,10.004,11.279,3.8548,0.206889655,1,1.4416606624672015,0.2829530156357214,-0.010785839101299644,0.5531399865495041,0.2663400666590314,0.10133671714458614,0.030826997263357043,2
0.65,10.004,11.279,3.8548,0.206889655,1,1.4416606624672015,0.23778993844025537,0.004978646780364216,0.6253904743993189,0.28718470374587923,0.11302934519248083,0.0397017949167639,3
0.65,30.002,40.245,3.8868,0.206893103,1,1.5371296434883681,0.23896250070189126,-0.03951712429756299,0.8046760875498876,0.25077195968944577,0.09847182737546972,0.03210302298888564,4
0.65,2.001,-8.6522,3.8263,0.0,1,0.008286031626600463,0.22453763499390333,0.059246279594954106,-0.2732607854495291,0.15877978304866702,-0.26893738602870143,0.010601359312422573,4
0.65,2.001,-8.6522,3.8263,0.0,1,0.008286031626600463,0.20029933395097033,0.07376280517550185,-0.240097829233855,0.21070314212003724,-0.261915950155817,0.005071010831743479,2
0.65,10.002,40.356,3.8874,0.214285714,1,1.6035671215089458,0.2087862316239625,0.014038336297380738,0.81618112268392,0.2953709198324941,0.10683733300771564,0.03347763183992356,1
0.65,30.002,25.233,3.8836,0.206910345,1,1.4762751468140571,0.2186486569137196,-0.034930877534206956,0.717787948284531,0.346852172894869,0.12916672561783343,0.03883663668297231,3
0.65,30.002,25.233,3.8836,0.206910345,1,1.4762751468140571,0.26524982798146085,-0.03951712429756299,0.7274558327486739,0.2842200091620907,0.108197100214893,0.03244762865826487,4
0.65,10.002,40.356,3.8874,0.214285714,1,1.6035671215089458,0.2394104557239916,0.012487834602361546,0.794312539533712,0.26833353701978924,0.11862175680580549,0.03210302298888564,4
0.65,10.004,11.279,3.8548,0.206889655,1,1.4416606624672015,0.27819830023450776,0.0130795003217645,0.6210802656365558,0.25882191652897746,0.09531371480203234,0.03996545532718301,5
0.65,30.004,10.455,3.8722,0.206903448,1,1.3621310931896273,0.3230979184759781,-0.045414594470057634,0.5226789272204041,0.31224247518461196,0.10878403612761758,0.033271844242699446,4
0.65,30.002,40.245,3.8868,0.206893103,1,1.5371296434883681,0.1992132619523909,-0.03156024738680571,0.7980954362312331,0.3071608173754066,0.10437557515280788,0.028705633841454983,2
0.65,30.002,25.233,3.8836,0.206910345,1,1.4762751468140571,0.23559616544749587,-0.03156024738680571,0.6981175789656118,0.31056470015551896,0.12266241387987975,0.028840524507686496,2
0.65,30.002,25.233,3.8836,0.206910345,1,1.4762751468140571,0.23402505687903613,-0.02285461824707454,0.7501689871237613,0.3136685623344965,0.10055048934184015,0.033153642597608265,1
0.65,30.002,25.233,3.8836,0.206910345,1,1.4762751468140571,0.24826612918870525,-0.024750546821160242,0.7139487946871668,0.3225447197398171,0.11473497036378831,0.03959798744879663,5
0.65,10.003,1.5143,3.8434,0.2069,1,1.2617211736770146,0.238257688221056,0.014283164872613269,0.4050935509800911,0.305542154526338,0.10646121516823769,0.03425117947976105,1
0.65,10.003,1.7265,3.8487,0.206889655,1,1.3413065727680515,0.23702938099537277,0.014283164872613269,0.4050935509800911,0.305542154526338,0.10768952239304781,0.03425117947976105,1
0.65,30.002,40.245,3.8868,0.206893103,1,1.5371296434883681,0.22751223406288773,-0.024750546821160242,0.8182384624204133,0.3001587579236366,0.10742289334069938,0.03938464313745499,5
0.65,30.004,10.455,3.8722,0.206903448,1,1.3621310931896273,0.27936289259698244,-0.040775255996268245,0.43344934937544166,0.317534826452611,0.11199691787420306,0.029263095827773214,2
0.649996667,2.003,-19.187,3.8031,0.0,1,-0.681742547865275,0.13261071739922045,0.04141780855716206,-0.812522650223691,0.12248941133962944,-0.22368953159777447,0.007517026555724442,3
0.649996667,2.002,39.62,3.8771,0.206896552,1,1.645160332538635,0.17696240200166358,0.06976814283058047,0.8263422760844696,0.2445206101727672,0.106749067902565,0.03869022191502154,3
0.649996667,2.003,-19.187,3.8031,0.0,1,-0.681742547865275,0.13237744868645676,0.049892794352781496,-0.797974030028563,0.13340607686433942,-0.24497152567637387,0.006094513736898079,1
0.649996667,2.002,39.62,3.8771,0.206896552,1,1.645160332538635,0.19842099627945572,0.05808264446619432,0.8223092734161764,0.29567786447005345,0.10191019256017171,0.03347763183992356,1
0.649996667,2.002,39.62,3.8771,0.206896552,1,1.645160332538635,0.20318692154833115,0.08294311681762338,0.8180295361997559,0.29719976252876223,0.09875780574569944,0.029324719845317305,2
0.649996667,2.002,39.62,3.8771,0.206896552,1,1.645160332538635,0.2384631644876208,0.05973058720002882,0.8046292997943237,0.2719472873397171,0.10757815251068678,0.03210302298888564,4
0.649996667,2.002,39.62,3.8771,0.206896552,1,1.645160332538635,0.22527471984620207,0.04982946616364643,0.8311032809375319,0.2900436040223576,0.10941624879371376,0.039671380631625654,5
0.649996667,2.003,-19.187,3.8031,0.0,1,-0.681742547865275,0.1806192006613128,0.04359943340066821,-0.8109416282735765,0.06906587273348123,-0.2453381390159484,0.009872313993982971,4
0.649996667,2.003,-19.187,3.8031,0.0,1,-0.681742547865275,0.15730935894069262,0.03262890319223516,-0.8481625800067559,0.08325300368247554,-0.2309597756410949,0.009980393210425972,5
0.649996667,2.003,-19.187,3.8031,0.0,1,-0.681742547865275,0.14404458453005645,0.058284515617997384,-0.8421725138835608,0.11772988087730482,-0.23590565918013454,0.005071010831743479,2
0.64999,2.002,25.709,3.8664,0.206896552,1,1.5977049910953656,0.18267095844697906,0.06976814283058047,0.782012730987044,0.24570913677802309,0.10633182594552636,0.03883663668297231,3
0.64999,2.002,25.709,3.8664,0.206896552,1,1.5977049910953656,0.2530476668616757,0.06111527301254682,0.7461309645278379,0.27400503971613943,0.10542266051925253,0.03244762865826487,4
0.64999,2.002,25.709,3.8664,0.206896552,1,1.5977049910953656,0.2033192075509578,0.05670366616162937,0.7756636017234996,0.30234535040566696,0.0995160431729164,0.03347763183992356,1
0.64999,2.002,25.709,3.8664,0.206896552,1,1.5977049910953656,0.2234740997175686,0.08570932034403085,0.7641860328195617,0.2726951704826206,0.09336713118071202,0.029324719845317305,2
0.64999,2.002,25.709,3.8664,0.206896552,1,1.5977049910953656,0.23352247041533702,0.061670963026117534,0.7535223714413587,0.2274702393775806,0.09239684815052897,0.039671380631625654,5
0.64998,2.003,-8.0376,3.7792,0.206882759,1,0.4384826592632076,0.18255020578275435,0.06868195120245218,-0.18532727038254962,0.12705384157598018,0.10639476422220469,0.009641267829574645,2
0.64998,2.003,-8.0376,3.7792,0.206882759,1,0.4384826592632076,0.10641788506094599,0.05826347195339622,-0.2555413023428991,0.12585260560270398,0.10299871504423208,0.012413177337730303,1
0.64998,2.003,-8.0376,3.7792,0.206882759,1,0.4384826592632076,0.20391520670382307,0.06017350962734781,-0.21651309944922104,0.10024708177661523,0.1337269495415967,0.013219321486540139,4
0.64998,2.003,-8.0376,3.7792,0.206882759,1,0.4384826592632076,0.15624436246114784,0.056844246990513055,-0.24904397406149656,0.12785449108458125,0.10357168084941805,0.015910332454368473,5
0.64998,2.003,-8.0376,3.7792,0.206882759,1,0.4384826592632076,0.14145225343265339,0.05944885994307697,-0.21051320772850887,0.17658047295175494,0.12111336820176803,0.01406288201455027,3
0.649966667,30.004,-19.008,3.8136,0.214282143,1,-0.30212773122584735,0.1276577873341739,-0.04406231989472872,-0.7925104616582394,0.15748107116203755,0.10719103533541784,0.0134951084444765,1
0.649966667,10.002,-17.144,3.7745,0.206893103,1,-0.3103905436183226,0.15495367052964867,0.014695144689176232,-0.818945057685487,0.08351350592100061,0.0694142628600821,0.015910332454368473,5
0.649966667,30.002,-18.901,3.7889,0.2069,1,-0.43173664317943683,0.13884136234177277,-0.005695180654001888,-0.7851755189849063,0.133412780710496,0.09385479234857484,0.012413177337730303,1
0.649966667,30.002,-18.901,3.7889,0.2069,1,-0.43173664317943683,0.13884136234177277,-0.005695180654001888,-0.7851755189849063,0.133412780710496,0.09385479234857484,0.012413177337730303,1
0.649966667,30.003,-9.0687,3.8261,0.214278571,1,0.24201754568807024,0.1517662884198944,-0.04400025216571521,-0.2726838324568234,0.16416397864930332,0.12701708646840415,0.015969405467621982,3
0.649966667,10.003,-8.7339,3.8189,0.206889655,1,0.4086416239674102,0.15613421967253088,0.012176243162248284,-0.2746561901038513,0.19468606087728405,0.10718849392142146,0.01525024252012372,5
0.649966667,30.004,-18.122,3.8086,0.214282143,1,-0.335402300049599,0.1276577873341739,-0.04406231989472872,-0.7925104616582394,0.15748107116203755,0.10719103533541784,0.0134951084444765,1
0.649966667,30.003,-9.0687,3.8261,0.214278571,1,0.24201754568807024,0.1569811484729871,-0.04660421030828729,-0.2875380044861231,0.16876060458249412,0.10668880227487534,0.01525024252012372,5
0.649966667,30.004,-18.627,3.8015,0.214278571,1,-0.376632617291781,0.1276577873341739,-0.04406231989472872,-0.7856845084298402,0.12907762099523098,0.10400684343418107,0.012413177337730303,1
0.649966667,30.003,-9.0687,3.8261,0.214278571,1,0.24201754568807024,0.18259375107707457,-0.035040989571716634,-0.27113640151452273,0.1566303027793765,0.13124041282571852,0.009022181825712324,2
0.649966667,30.004,-18.122,3.8086,0.214282143,1,-0.335402300049599,0.1276577873341739,-0.04406231989472872,-0.7925104616582394,0.15748107116203755,0.10719103533541784,0.0134951084444765,1
0.649966667,30.004,-18.627,3.8015,0.214278571,1,-0.376632617291781,0.1276577873341739,-0.04406231989472872,-0.7856845084298402,0.12907762099523098,0.10400684343418107,0.012413177337730303,1
0.649966667,30.003,-9.0687,3.8261,0.214278571,1,0.24201754568807024,0.18259375107707457,-0.035040989571716634,-0.27113640151452273,0.1566303027793765,0.13124041282571852,0.009022181825712324,2
0.649966667,30.002,-18.901,3.7889,0.2069,1,-0.43173664317943683,0.18605512405512856,-0.033909146524965766,-0.8264218418183736,0.05020784177584574,0.0841764506441541,0.013219321486540139,4
0.649966667,30.002,-18.901,3.7889,0.2069,1,-0.43173664317943683,0.14454661613795905,-0.00819666348339524,-0.8043237968557514,0.09433200269239023,0.09236528035718948,0.009022181825712324,2
0.649966667,30.004,-18.627,3.8015,0.214278571,1,-0.376632617291781,0.1854840741213411,-0.05194190915673971,-0.780148333737161,0.06501046730903909,0.15171785404672847,0.013219321486540139,4
0.649966667,30.004,-18.122,3.8086,0.214282143,1,-0.335402300049599,0.17965229040943087,-0.05194190915673971,-0.7743165500252508,0.06501046730903909,0.15171785404672847,0.013219321486540139,4
0.649966667,30.004,-19.008,3.8136,0.214282143,1,-0.30212773122584735,0.1854840741213411,-0.05194190915673971,-0.780148333737161,0.06501046730903909,0.15171785404672847,0.013219321486540139,4
0.649966667,10.002,25.685,3.8762,0.206906897,1,1.548295606180902,0.2375071003008634,0.004710874881129712,0.7436863591393922,0.29535640513058753,0.11506101137492805,0.039671380631625654,5
0.649966667,2.002,-8.6104,3.7931,0.206896552,1,0.5267775092544209,0.15212934406445128,0.05944885994307697,-0.24720539652509615,0.16224972455762326,0.12084102118737064,0.01406288201455027,3
0.649966667,10.002,25.685,3.8762,0.206906897,1,1.548295606180902,0.2542547006113455,0.012487834602361546,0.7347388937557117,0.2991561346594244,0.11718822969240136,0.03244762865826487,4
0.649966667,30.004,-19.008,3.8136,0.214282143,1,-0.30212773122584735,0.1854840741213411,-0.05194190915673971,-0.780148333737161,0.06501046730903909,0.15171785404672847,0.013219321486540139,4
0.649966667,30.004,-18.122,3.8086,0.214282143,1,-0.335402300049599,0.17965229040943087,-0.05194190915673971,-0.7743165500252508,0.06501046730903909,0.15171785404672847,0.013219321486540139,4
0.649966667,30.003,-9.0687,3.8261,0.214278571,1,0.24201754568807024,0.1569811484729871,-0.04660421030828729,-0.2875380044861231,0.16876060458249412,0.10668880227487534,0.01525024252012372,5
0.649966667,30.004,-18.627,3.8015,0.214278571,1,-0.376632617291781,0.1854840741213411,-0.05194190915673971,-0.780148333737161,0.06501046730903909,0.15171785404672847,0.013219321486540139,4
0.649966667,30.002,-18.901,3.7889,0.2069,1,-0.43173664317943683,0.18605512405512856,-0.033909146524965766,-0.8264218418183736,0.05020784177584574,0.0841764506441541,0.013219321486540139,4
0.649966667,2.002,-8.6104,3.7931,0.206896552,1,0.5267775092544209,0.15368334134924225,0.056844246990513055,-0.2756267312867567,0.1342920703755226,0.10391334592364729,0.015910332454368473,5
0.649966667,30.004,-19.008,3.8136,0.214282143,1,-0.30212773122584735,0.15927679369226097,-0.052583035546704196,-0.7727787557034753,0.07967429318698123,0.15062453591730446,0.009022181825712324,2
0.649966667,30.004,-18.627,3.8015,0.214278571,1,-0.376632617291781,0.15927679369226097,-0.052583035546704196,-0.7706646981672384,0.06822102136211469,0.15062453591730446,0.009022181825712324,2
0.649966667,30.004,-18.122,3.8086,0.214282143,1,-0.335402300049599,0.15927679369226097,-0.052583035546704196,-0.7706646981672384,0.06822102136211469,0.15062453591730446,0.009022181825712324,2
0.649966667,2.002,-8.6104,3.7931,0.206896552,1,0.5267775092544209,0.18195410217973404,0.06868195120245218,-0.21445864406879991,0.13224285549018533,0.10880104263313115,0.009641267829574645,2
0.649966667,2.002,-8.6104,3.7931,0.206896552,1,0.5267775092544209,0.10866293624276295,0.05826347195339622,-0.23794527511112393,0.1853086203103885,0.10683749232557602,0.012413177337730303,1
0.649966667,10.003,-8.7339,3.8189,0.206889655,1,0.4086416239674102,0.20486301372526214,0.011722844511969015,-0.26695646895328534,0.12471179539104923,0.13355931980069727,0.013948366804979741,4
0.649966667,30.002,-18.901,3.7889,0.2069,1,-0.43173664317943683,0.1329504291593912,-0.012781036521191709,-0.8025722718774341,0.119168387548998,0.09429803596052806,0.01406288201455027,3
0.649966667,30.004,-18.627,3.8015,0.214278571,1,-0.376632617291781,0.14210313402785688,-0.060643391564372,-0.7670251508778893,0.09389890453778207,0.13842951024591457,0.01406288201455027,3
0.649966667,30.004,-18.122,3.8086,0.214282143,1,-0.335402300049599,0.14210313402785688,-0.060643391564372,-0.7739711471810006,0.10006384450010955,0.13842951024591457,0.014843938355334103,3
0.649966667,30.004,-19.008,3.8136,0.214282143,1,-0.30212773122584735,0.14210313402785688,-0.060643391564372,-0.7739711471810006,0.10006384450010955,0.13842951024591457,0.014843938355334103,3
0.649966667,30.004,-19.008,3.8136,0.214282143,1,-0.30212773122584735,0.16521363828796892,-0.0436347213271074,-0.7795807914645411,0.07902338740997948,0.1563885341444984,0.015623594960197806,5
0.649966667,30.004,-18.122,3.8086,0.214282143,1,-0.335402300049599,0.16521363828796892,-0.0436347213271074,-0.7638283221260644,0.08039686871343292,0.1563885341444984,0.015623594960197806,5
0.649966667,30.004,-18.627,3.8015,0.214278571,1,-0.376632617291781,0.16521363828796892,-0.0436347213271074,-0.7941410869383253,0.07371569366776384,0.1332211681874469,0.015623594960197806,5
0.649966667,30.002,-18.901,3.7889,0.2069,1,-0.43173664317943683,0.15414741909597068,-0.021328812844585626,-0.8441625253856182,0.08267172315740026,0.063286462998949,0.015623594960197806,5
0.649966667,30.003,-9.0687,3.8261,0.214278571,1,0.24201754568807024,0.11390207094838843,-0.04829846111912048,-0.25281470869085754,0.21775866409763694,0.10381132372422144,0.0134951084444765,1
0.649966667,10.002,-17.144,3.7745,0.206893103,1,-0.3103905436183226,0.15406120144063606,0.0036911138432333245,-0.7727601041959133,0.07669188120635226,0.08996548416558653,0.009326123846694827,2
0.649966667,30.004,-19.008,3.8136,0.214282143,1,-0.30212773122584735,0.1276577873341739,-0.04406231989472872,-0.7925104616582394,0.15748107116203755,0.10719103533541784,0.0134951084444765,1
0.649966667,30.003,-9.0687,3.8261,0.214278571,1,0.24201754568807024,0.206283717690967,-0.0406797568523325,-0.2807551438780502,0.11930914176860824,0.1239416761090979,0.013948366804979741,4
0.649966667,10.002,25.685,3.8762,0.206906897,1,1.548295606180902,0.18678020815801574,0.016863015338312835,0.7570172805304174,0.26006883268943054,0.10689248740673066,0.03883663668297231,3
0.649966667,10.002,25.685,3.8762,0.206906897,1,1.548295606180902,0.20941199311753736,0.014160010853665882,0.7703509658761323,0.3041561053018086,0.10428176609799265,0.03347763183992356,1
0.649966667,10.002,-17.144,3.7745,0.206893103,1,-0.3103905436183226,0.13388143607153324,0.014018445531837643,-0.8004799898457713,0.10717794029507786,0.09727035510062705,0.01406288201455027,3
0.649966667,10.003,-8.7339,3.8189,0.206889655,1,0.4086416239674102,0.11090361670503626,0.014139966580842156,-0.2453365015494637,0.23953471792396158,0.11280527266440914,0.0134951084444765,1
0.649966667,30.004,-19.008,3.8136,0.214282143,1,-0.30212773122584735,0.16521363828796892,-0.0436347213271074,-0.7795807914645411,0.07902338740997948,0.1563885341444984,0.015623594960197806,5
0.649966667,30.004,-18.122,3.8086,0.214282143,1,-0.335402300049599,0.16521363828796892,-0.0436347213271074,-0.7638283221260644,0.08039686871343292,0.1563885341444984,0.015623594960197806,5
0.649966667,30.004,-18.627,3.8015,0.214278571,1,-0.376632617291781,0.16521363828796892,-0.0436347213271074,-0.7941410869383253,0.07371569366776384,0.1332211681874469,0.015623594960197806,5
0.649966667,30.002,-18.901,3.7889,0.2069,1,-0.43173664317943683,0.15414741909597068,-0.021328812844585626,-0.8441625253856182,0.08267172315740026,0.063286462998949,0.015623594960197806,5
0.649966667,30.003,-9.0687,3.8261,0.214278571,1,0.24201754568807024,0.206283717690967,-0.0406797568523325,-0.2807551438780502,0.11930914176860824,0.1239416761090979,0.013948366804979741,4
0.649966667,10.002,-17.144,3.7745,0.206893103,1,-0.3103905436183226,0.1847999841719866,0.014166716422187165,-0.816984829341527,0.0631118826684542,0.0948155439668335,0.013219321486540139,4
0.649966667,10.003,-8.7339,3.8189,0.206889655,1,0.4086416239674102,0.15017077541881008,0.005483195595443249,-0.2668641805159859,0.1746150567010045,0.12314945451333187,0.015969405467621982,3
0.649966667,10.003,-8.7339,3.8189,0.206889655,1,0.4086416239674102,0.17916074966080486,-0.0009053179412148893,-0.2684995350521058,0.17092382393311709,0.11245596031658352,0.009326123846694827,2
0.649966667,30.004,-18.122,3.8086,0.214282143,1,-0.335402300049599,0.15927679369226097,-0.052583035546704196,-0.7706646981672384,0.06822102136211469,0.15062453591730446,0.009022181825712324,2
0.649966667,30.003,-9.0687,3.8261,0.214278571,1,0.24201754568807024,0.1517662884198944,-0.04400025216571521,-0.2726838324568234,0.16416397864930332,0.12701708646840415,0.015969405467621982,3
0.649966667,30.002,-18.901,3.7889,0.2069,1,-0.43173664317943683,0.1329504291593912,-0.012781036521191709,-0.8025722718774341,0.119168387548998,0.09429803596052806,0.01406288201455027,3
0.649966667,2.002,-8.6104,3.7931,0.206896552,1,0.5267775092544209,0.21338656570529566,0.06017350962734781,-0.2297378529724665,0.10444205187959596,0.1332853737787809,0.013219321486540139,4
0.649966667,10.002,-17.144,3.7745,0.206893103,1,-0.3103905436183226,0.12883730315836148,0.01598062567441957,-0.7826400342630222,0.12666719247587024,0.09631492510205135,0.012413177337730303,1
0.649966667,30.004,-19.008,3.8136,0.214282143,1,-0.30212773122584735,0.14210313402785688,-0.060643391564372,-0.7739711471810006,0.10006384450010955,0.13842951024591457,0.014843938355334103,3
0.649966667,10.002,25.685,3.8762,0.206906897,1,1.548295606180902,0.22152291084406897,0.0052623941330239175,0.7368847978115082,0.303046925268136,0.11431469824688975,0.029009575862437485,2
0.649966667,30.002,-18.901,3.7889,0.2069,1,-0.43173664317943683,0.14454661613795905,-0.00819666348339524,-0.8043237968557514,0.09433200269239023,0.09236528035718948,0.009022181825712324,2
0.649966667,30.004,-18.627,3.8015,0.214278571,1,-0.376632617291781,0.15927679369226097,-0.052583035546704196,-0.7706646981672384,0.06822102136211469,0.15062453591730446,0.009022181825712324,2
0.649966667,30.003,-9.0687,3.8261,0.214278571,1,0.24201754568807024,0.11390207094838843,-0.04829846111912048,-0.25281470869085754,0.21775866409763694,0.10381132372422144,0.0134951084444765,1
0.649966667,30.004,-19.008,3.8136,0.214282143,1,-0.30212773122584735,0.15927679369226097,-0.052583035546704196,-0.7727787557034753,0.07967429318698123,0.15062453591730446,0.009022181825712324,2
0.649966667,30.004,-18.627,3.8015,0.214278571,1,-0.376632617291781,0.14210313402785688,-0.060643391564372,-0.7670251508778893,0.09389890453778207,0.13842951024591457,0.01406288201455027,3
0.649966667,30.004,-18.122,3.8086,0.214282143,1,-0.335402300049599,0.14210313402785688,-0.060643391564372,-0.7739711471810006,0.10006384450010955,0.13842951024591457,0.014843938355334103,3
0.649946667,2.001,-17.318,3.7442,0.206896552,1,-0.3254087634397808,0.12392838099272922,0.050622734905045944,-0.7953389793774113,0.07560563213191926,0.0893627818499226,0.011211182583356277,1
0.649946667,2.001,-17.318,3.7442,0.206896552,1,-0.3254087634397808,0.15203574712970294,0.046137712395284323,-0.8077355150878429,0.03733439657487907,0.0694142628600821,0.014465363286435605,5
0.649946667,2.001,-17.318,3.7442,0.206896552,1,-0.3254087634397808,0.18378432779572904,0.050196401554858314,-0.8267747026006691,0.064326419767458,0.09319033721345477,0.013219321486540139,4
0.649946667,2.001,-17.318,3.7442,0.206896552,1,-0.3254087634397808,0.15453720331366638,0.05493421248917002,-0.7844729463022668,0.04835595682030544,0.09694782509002835,0.009025879059918225,2
0.649946667,2.001,-17.318,3.7442,0.206896552,1,-0.3254087634397808,0.13469270468427566,0.04658495805924758,-0.8228399503207765,0.057622444829903544,0.09175032859377097,0.01406288201455027,3
0.649933333,30.004,-19.178,3.8179,0.222222222,1,-0.2771718046080337,0.1663780632149428,-0.0436347213271074,-0.7844274311233312,0.09633414445095695,0.16553827635012566,0.01525024252012372,5
0.649933333,30.004,-19.178,3.8179,0.222222222,1,-0.2771718046080337,0.12742171046091244,-0.04405067599233007,-0.7978236917965114,0.16576445945072918,0.10538430151296779,0.0134951084444765,1
0.649933333,30.004,-19.178,3.8179,0.222222222,1,-0.2771718046080337,0.12742171046091244,-0.04405067599233007,-0.7978236917965114,0.16576445945072918,0.10538430151296779,0.0134951084444765,1
0.649933333,30.004,-19.178,3.8179,0.222222222,1,-0.2771718046080337,0.15927679369226097,-0.05192941541259643,-0.7791867636702955,0.09962373511400074,0.15177118285093458,0.009022181825712324,2
0.649933333,30.004,-19.178,3.8179,0.222222222,1,-0.2771718046080337,0.14210313402785688,-0.060643391564372,-0.7850415036617778,0.11990978012792766,0.1285284650203539,0.015969405467621982,3
0.649933333,30.004,-19.178,3.8179,0.222222222,1,-0.2771718046080337,0.18405648580752312,-0.05094844782724976,-0.7941668989812024,0.07832075607730075,0.1573413334437646,0.013948366804979741,4
0.649933333,30.004,-19.178,3.8179,0.222222222,1,-0.2771718046080337,0.14210313402785688,-0.060643391564372,-0.7850415036617778,0.11990978012792766,0.1285284650203539,0.015969405467621982,3
0.649933333,30.004,-19.178,3.8179,0.222222222,1,-0.2771718046080337,0.1663780632149428,-0.0436347213271074,-0.7844274311233312,0.09633414445095695,0.16553827635012566,0.01525024252012372,5
0.649933333,30.004,-19.178,3.8179,0.222222222,1,-0.2771718046080337,0.15927679369226097,-0.05192941541259643,-0.7791867636702955,0.09962373511400074,0.15177118285093458,0.009022181825712324,2
0.649933333,30.004,-19.178,3.8179,0.222222222,1,-0.2771718046080337,0.18405648580752312,-0.05094844782724976,-0.7941668989812024,0.07832075607730075,0.1573413334437646,0.013948366804979741,4
0.649923333,2.002,-17.765,3.7244,0.206893103,1,-0.3839742377621221,0.12458382215525489,0.05493421248917002,-0.8095714958163444,0.04239078427432105,0.09628535455558448,0.009025879059918225,2
0.649923333,2.002,-17.765,3.7244,0.206893103,1,-0.3839742377621221,0.18062291380017995,0.050196401554858314,-0.825633359241765,0.06634649045066908,0.09319033721345477,0.013219321486540139,4
0.649923333,2.002,-17.765,3.7244,0.206893103,1,-0.3839742377621221,0.1342516661688569,0.04658495805924758,-0.8071631270716898,0.043190970006398856,0.09094601809687447,0.01406288201455027,3
0.649923333,2.002,-17.765,3.7244,0.206893103,1,-0.3839742377621221,0.15127262804307975,0.046137712395284323,-0.8071022388525307,0.038108228255296125,0.06877027449663728,0.014465363286435605,5
0.649923333,2.002,-17.765,3.7244,0.206893103,1,-0.3839742377621221,0.1193961434182711,0.050622734905045944,-0.792043926040642,0.07684281713329255,0.0893627818499226,0.011211182583356277,1
0.649886667,10.002,-18.534,3.8083,0.0,1,-0.790164045609781,0.1712902274983935,0.0018974793935194613,-0.8004810290643946,0.06785133563447744,-0.24938520106021314,0.009872313993982971,4
0.649886667,10.002,-18.534,3.8083,0.0,1,-0.790164045609781,0.13131254787469515,0.0012134371328284032,-0.8002265716646798,0.15057983772363515,-0.2636326748155989,0.0071764448436442765,1
0.649886667,10.002,-18.534,3.8083,0.0,1,-0.790164045609781,0.13665635297540576,0.0011863354861270637,-0.849222917011939,0.08201994464499876,-0.22108097210293637,0.009980393210425972,5
0.649886667,10.002,-18.534,3.8083,0.0,1,-0.790164045609781,0.11834954273421318,-0.0024414163239998743,-0.8294512904901058,0.11076695085968823,-0.23934181549586356,0.0032528725452721117,2
0.649886667,10.002,-18.534,3.8083,0.0,1,-0.790164045609781,0.12893018769304035,0.0014741718850564212,-0.7984625767054968,0.12005763770779594,-0.2280461536173243,0.007517026555724442,3
0.6498,30.004,1.0062,3.8473,0.206896552,1,0.9403368524791521,0.2895260311407037,-0.04660421030828729,0.3481016241200268,0.22586192399729044,0.07629318586783483,0.03661489388905466,5
0.6498,30.004,1.0062,3.8473,0.206896552,1,0.9403368524791521,0.21005659332964569,-0.0562970801605843,0.26791954949381763,0.23540648424997926,0.09628269185312092,0.02301320182159543,2
0.6498,30.004,1.0062,3.8473,0.206896552,1,0.9403368524791521,0.21292533146915957,-0.04815526282734936,0.35657662340672686,0.2830226483894512,0.09716447476297617,0.029723061713157223,1
0.6498,30.004,1.0062,3.8473,0.206896552,1,0.9403368524791521,0.25260696564539104,-0.06769424752972554,0.3452718695724616,0.2398048153053969,0.09116502514458262,0.037681504813954235,3
0.6498,30.004,1.0062,3.8473,0.206896552,1,0.9403368524791521,0.261301764936652,-0.05481124049285427,0.286339676855132,0.2626034376047028,0.10322297898237594,0.02806388960685581,4
0.649433333,30.004,-9.2989,3.8381,0.0,1,-0.25001060035844436,0.14425844273500843,-0.0345496484747855,-0.3088443634682335,0.16463316503213718,-0.22235920744831675,0.00864249366801232,3
0.649433333,30.001,-8.0574,3.8471,0.0,1,-0.2636330748433359,0.13585299324942754,-0.012650416827527806,-0.28998249826952815,0.15617987239733339,-0.2352709350315854,0.008029984636232257,5
0.649433333,30.004,-9.2989,3.8381,0.0,1,-0.25001060035844436,0.13425940381828697,-0.021471612844616173,-0.3171413127984852,0.16921204787679017,-0.2240041766827926,0.008029984636232257,5
0.649433333,30.004,-9.2989,3.8381,0.0,1,-0.25001060035844436,0.12725633637892314,-0.030243879594781902,-0.28102059590164574,0.21938923434820026,-0.24756984534906223,0.0071764448436442765,1
0.649433333,30.001,-8.0574,3.8471,0.0,1,-0.2636330748433359,0.12927884177304805,-0.02823173322249204,-0.21987429669476113,0.2314276107493788,-0.24237094923853875,0.0014545492455363275,2
0.649433333,30.004,-9.2989,3.8381,0.0,1,-0.25001060035844436,0.12714464767836034,-0.040261784419417385,-0.3235899832099676,0.17632434299681335,-0.2163365661446005,0.0014545492455363275,2
0.649433333,30.001,-8.0574,3.8471,0.0,1,-0.2636330748433359,0.13421250923274783,-0.01208660941629205,-0.2868469620891847,0.17919789142557419,-0.24982452442287467,0.00864249366801232,3
0.649433333,30.001,-8.0574,3.8471,0.0,1,-0.2636330748433359,0.1823506194225047,-0.036547096958383915,-0.28063951951102356,0.1586853058869019,-0.2740371623216197,0.010601359312422573,4
0.649433333,30.001,-8.0574,3.8471,0.0,1,-0.2636330748433359,0.129635407718888,-0.015403331393317786,-0.2587683581514284,0.21892797752749174,-0.27465546706924215,0.0071764448436442765,1
0.649433333,30.004,-9.2989,3.8381,0.0,1,-0.25001060035844436,0.1814619156252593,-0.04241473639383912,-0.32560728591517546,0.15117420733906328,-0.26444325849413874,0.010601359312422573,4
0.646933333,30.002,-18.901,3.8182,0.0,1,-0.8194467827709516,0.11863975008396664,-0.01115554626652738,-0.804344159536995,0.16363197332713753,-0.25220163093181325,0.0071764448436442765,1
0.646933333,30.002,-18.901,3.8182,0.0,1,-0.8194467827709516,0.1691400904743932,-0.023301416740287094,-0.7986245221132413,0.09051144007127732,-0.23121725446893834,0.010601359312422573,4
0.646933333,30.002,-18.901,3.8182,0.0,1,-0.8194467827709516,0.12781681972090156,-0.013094630897976458,-0.8398956187907607,0.09677325124153867,-0.21153309201123194,0.008029984636232257,5
0.646933333,30.003,-18.188,3.8096,0.0,1,-0.8503206696158084,0.11262645370006794,-0.026007738370390145,-0.8025556201254949,0.14164277052041144,-0.23027196633862332,0.0071764448436442765,1
0.646933333,30.003,-18.188,3.8096,0.0,1,-0.8503206696158084,0.1284097070991993,-0.018502123863436283,-0.8231127390917391,0.0777268341020681,-0.1962599295261316,0.008403337076306343,5
0.646933333,30.002,-18.901,3.8182,0.0,1,-0.8194467827709516,0.12851801485958275,-0.014992243644664996,-0.8022109329956584,0.13219836788019165,-0.22068540542037227,0.00864249366801232,3
0.646933333,30.003,-18.188,3.8096,0.0,1,-0.8503206696158084,0.1643018683209084,-0.025912964188028128,-0.78002089232672,0.0626864871615544,-0.23714722801349125,0.009872313993982971,4
0.646933333,30.002,-18.901,3.8182,0.0,1,-0.8194467827709516,0.10767866268055513,-0.023864068474504164,-0.8171767675480806,0.14230326272081584,-0.24356961940415203,0.0014545492455363275,2
0.646933333,30.003,-18.188,3.8096,0.0,1,-0.8503206696158084,0.10767866268055513,-0.03043297367345076,-0.8177192960586399,0.1148073803819716,-0.23570846321992575,0.0014545492455363275,2
0.646933333,30.003,-18.188,3.8096,0.0,1,-0.8503206696158084,0.12827130907418904,-0.02364632438577246,-0.7911405766638927,0.11907550994073972,-0.20860664971754886,0.007517026555724442,3
0.601343616,10.003,4.0702,3.5484,9.00032381,3,0.4790855403979806,0.2716136331553571,0.020004100672667845,0.3593158925278112,-0.2670529521815479,0.11000711687025615,-0.10374977013794705,3
0.601343616,10.003,4.0702,3.5484,9.00032381,3,0.4790855403979806,0.2867864440754056,0.007927724693436175,0.31303351030219345,-0.3017441913753282,0.09388128054793925,-0.08909500068984925,5
0.601343616,10.003,4.0702,3.5484,9.00032381,3,0.4790855403979806,0.27884770653443414,0.018203717845026404,0.3370625496399589,-0.30476753916358573,0.049031250216066836,-0.080711466682842,1
0.601343616,10.003,4.0702,3.5484,9.00032381,3,0.4790855403979806,0.2245761222578585,0.005103169421199709,0.3378974918014137,-0.2937270655669272,0.15636302841478028,-0.07628686816897243,2
0.601343616,10.003,4.0702,3.5484,9.00032381,3,0.4790855403979806,0.2896079932432622,0.008223408394260332,0.3429489669133909,-0.2788339774869382,0.0552574878197629,-0.07135723397601396,4
0.601343612,10.002,4.5069,3.4859,12.00195238,3,0.4743402873216286,0.22733769529964776,0.0018192755221389234,0.33144455641158854,-0.3902465801872313,0.15232131311320699,-0.07731203723233193,2
0.601343612,10.002,4.5069,3.4859,12.00195238,3,0.4743402873216286,0.2822436043177731,0.02391391134588048,0.3394259048020467,-0.4081270654499531,0.13831512825679965,-0.08261025625979528,3
0.601343612,10.002,4.5069,3.4859,12.00195238,3,0.4743402873216286,0.26458609332330524,0.004526417525485158,0.36098544164793567,-0.4294703823409509,0.08888149342034012,-0.0808448560256511,5
0.601343612,10.002,4.5069,3.4859,12.00195238,3,0.4743402873216286,0.2809047833527438,0.026022341386415064,0.4040071710268967,-0.41261605616891756,0.044154549529775974,-0.08872993875760585,1
0.601343612,10.002,4.5069,3.4859,12.00195238,3,0.4743402873216286,0.303006665580906,0.00757049645180814,0.36439019833924247,-0.3391616095788777,0.048186142031336206,-0.07135723397601396,4
0.600786686,10.001,3.2405,3.6155,6.000909524,3,0.480746378974704,0.27023460889817214,0.012896110131405293,0.23623039797879755,-0.11903434732696042,0.06930589031195268,-0.09515506380237639,5
0.600786686,10.001,3.2405,3.6155,6.000909524,3,0.480746378974704,0.2338365386100486,0.017287370427511634,0.2745247472403571,-0.0901491828332655,0.049171196585521104,-0.08874014360364527,1
0.600786686,10.001,3.2405,3.6155,6.000909524,3,0.480746378974704,0.1994404170056805,0.019414581160526724,0.29191995809727816,-0.08747059923247434,0.10665811180602759,-0.06838092062622309,2
0.600786686,10.001,3.2405,3.6155,6.000909524,3,0.480746378974704,0.23464556514518337,0.03035822824225761,0.2942513248580508,-0.09395533108152448,0.10362546798423863,-0.09872519824304618,3
0.600786686,10.001,3.2405,3.6155,6.000909524,3,0.480746378974704,0.28542495641857385,0.004413681150181219,0.251507623011712,-0.1502021381027589,0.04317456865566783,-0.07525231243576855,4
0.600508204,10.001,2.1653,3.7003,3.000035,3,0.48845741522377695,0.25853053630911743,0.012645205385051667,0.21137765139341355,0.031086306984070687,0.07193719826405869,-0.12640980591997505,5
0.600508204,10.001,2.1653,3.7003,3.000035,3,0.48845741522377695,0.20573115499224515,0.011302074997220189,0.2704855890572071,0.033733254083199424,0.11121216259896755,-0.08842647516168654,2
0.600508204,10.001,2.1653,3.7003,3.000035,3,0.48845741522377695,0.23827524388441815,0.02292526380158961,0.2491877112130169,0.09613699003122747,0.08734043675358408,-0.1289351871155668,3
0.600508204,10.001,2.1653,3.7003,3.000035,3,0.48845741522377695,0.2699842422851361,0.013072396515635774,0.24561932339100168,0.057374207652028414,0.059547356403199955,-0.09514819364529103,4
0.600508204,10.001,2.1653,3.7003,3.000035,3,0.48845741522377695,0.22419010099954903,0.021100117264140864,0.2783096550568007,0.1086896630236879,0.03445737692527473,-0.10660400579683482,1
0.600197559,10.002,41.67,3.7615,0.999881,2,1.0370446853735513,0.19215308429673314,0.015589753086678683,0.7672610365145374,0.1241248641256243,0.07290620625019073,-0.1633966016676277,5
0.600197559,10.002,41.67,3.7615,0.999881,2,1.0370446853735513,0.1449417554528918,0.010809235048945993,0.8113104799063876,0.1478039072128013,0.0729417821438983,-0.11986004951875656,2
0.600197559,10.002,41.67,3.7615,0.999881,2,1.0370446853735513,0.1791253130417317,0.02607323030184489,0.803357227598317,0.14721691850107163,0.08106165318284184,-0.12125952585833147,1
0.600197559,10.002,41.67,3.7615,0.999881,2,1.0370446853735513,0.2049686622794252,0.01761980462237261,0.754854522573296,0.11440066027920694,0.06248550236807205,-0.12027320980560034,4
0.600197559,10.002,41.67,3.7615,0.999881,2,1.0370446853735513,0.1561587297078222,0.016863015338312835,0.7903573546570261,0.15935304494109004,0.0913203708518995,-0.13490983336931095,3
0.600194932,10.002,0.66591,3.7739,1.000101905,3,0.496998870761211,0.1530415282980539,0.013344879588112235,0.006723645060556009,0.16681028020801023,0.0885822498460766,-0.055015152387786655,3
0.600194932,10.002,0.66591,3.7739,1.000101905,3,0.496998870761211,0.16808781447354704,0.019551695238624232,0.015705633426550777,0.12198836872586981,0.0339955519977957,-0.0515666007110849,1
0.600194932,10.002,0.66591,3.7739,1.000101905,3,0.496998870761211,0.16280204699607567,-0.0007391610648483038,0.08898556096479297,0.09960343711078166,0.09311157272197307,-0.05854004554916173,2
0.600194932,10.002,0.66591,3.7739,1.000101905,3,0.496998870761211,0.2376059725531377,0.011959382909117267,0.09366596502019092,0.08945433280197904,0.0966875218693167,-0.05399505133274943,4
0.600194932,10.002,0.66591,3.7739,1.000101905,3,0.496998870761211,0.24435685018077494,0.010763037051074207,0.20077428742777556,0.12198076771805062,0.0723459922033362,-0.147910947073251,5
0.600115407,2.001,26.196,3.7553,1.000105714,2,1.0200455022994583,0.18030002131592482,0.07042027989111375,0.7501973194302991,0.11909882148029283,0.0184171237971168,-0.10341452374355868,1
0.600115407,2.001,26.196,3.7553,1.000105714,2,1.0200455022994583,0.19508041594992392,0.0607083443691954,0.7177496086258907,0.10757627543294802,0.07290620625019073,-0.1633966016676277,5
0.600115407,2.001,26.196,3.7553,1.000105714,2,1.0200455022994583,0.16760404225322417,0.08895497445017099,0.7564978994149715,0.12998618432320655,0.0868656255165115,-0.1222135147638619,2
0.600115407,2.001,26.196,3.7553,1.000105714,2,1.0200455022994583,0.15931908334605396,0.06976814283058047,0.7611356408812572,0.15799393980763854,0.07464560750580858,-0.13490983336931095,3
0.600115407,2.001,26.196,3.7553,1.000105714,2,1.0200455022994583,0.219811509125866,0.06520110929268412,0.7262099265237338,0.12097841486334801,0.06415401855425444,-0.12053166405763477,4
0.600033333,10.004,-8.7209,3.7802,0.0,1,-0.2842901058245241,0.12721652892418206,-0.02633860084693879,-0.3223230514163151,0.1256524880696088,-0.23210004979744553,0.0014545492455363275,2
0.600033333,2.003,1.7712,3.7707,0.214285714,1,1.2259063483407115,0.26790749771869743,0.056844246990513055,0.3044229836482555,0.17394068703521043,0.10201675228076056,0.037274983823299405,5
0.600033333,2.003,1.7712,3.7707,0.214285714,1,1.2259063483407115,0.2420413784563425,0.06423147136345506,0.31176280774758197,0.15652840598952025,0.11876876069582068,0.03170608884654939,3
0.600033333,2.003,1.7712,3.7707,0.214285714,1,1.2259063483407115,0.2153612833051011,0.06177856968977721,0.3868542267405428,0.22442218310432507,0.10420105080469512,0.030173131421906873,1
0.600033333,2.003,1.7712,3.7707,0.214285714,1,1.2259063483407115,0.2931213766965084,0.05963804481900297,0.3353587403916754,0.14621374486931019,0.13572985700739082,0.031103189382702113,4
0.600033333,2.003,1.7712,3.7707,0.214285714,1,1.2259063483407115,0.2299227101751603,0.06868195120245218,0.33584465720690787,0.13244113094522617,0.13239315540529786,0.026611055587418376,2
0.600033333,10.004,-8.7209,3.7802,0.0,1,-0.2842901058245241,0.14169232384272618,-0.010476392396376467,-0.29034471249440685,0.1539982162718661,-0.24982452442287467,0.006735970214940608,3
0.600033333,10.004,-8.7209,3.7802,0.0,1,-0.2842901058245241,0.135075296969153,-0.000779572328319773,-0.3353867939580232,0.12635371015872807,-0.23606379595119506,0.008403337076306343,5
0.600033333,10.004,-8.7209,3.7802,0.0,1,-0.2842901058245241,0.12814071883592987,-0.0036713703369605356,-0.29532181727234275,0.14304243004415185,-0.25965357284294444,0.006094513736898079,1
0.600033333,10.004,-8.7209,3.7802,0.0,1,-0.2842901058245241,0.18184461836237462,-0.017420082993339747,-0.32064796456717887,0.09021772231906652,-0.2931425795704126,0.009872313993982971,4
0.60001,2.002,11.312,3.7904,0.206896552,1,1.4383108736594412,0.28627545229857787,0.06413484234712087,0.6083259213645943,0.17905919169075787,0.1161596663662931,0.030809143297374247,4
0.60001,2.002,11.312,3.7904,0.206896552,1,1.4383108736594412,0.22985157641553086,0.0652284202876035,0.6086959230108187,0.1998700038017705,0.1088155097013805,0.034020179845392705,3
0.60001,2.002,11.312,3.7904,0.206896552,1,1.4383108736594412,0.2559384323027916,0.07960205207578838,0.6079958976199851,0.18510833915672265,0.0919553209003061,0.031446083267219364,2
0.60001,2.002,11.312,3.7904,0.206896552,1,1.4383108736594412,0.25350055581773634,0.05774750415002927,0.6448299006232991,0.18676562799606472,0.0905475329165347,0.04062554526142776,5
0.60001,2.002,11.312,3.7904,0.206896552,1,1.4383108736594412,0.21943616797914728,0.06368230232212227,0.636212936101947,0.2452556939725764,0.09779341239365749,0.029642992997542025,1
0.600006667,2.002,-9.2329,3.7784,0.0,1,-0.11707981450382601,0.13203153126756662,0.04333543778746389,-0.3328228789009154,0.12727955046575518,-0.2363300521718338,0.009980393210425972,5
0.600006667,2.002,-9.2329,3.7784,0.0,1,-0.11707981450382601,0.12887840811308707,0.05861079966911348,-0.2962074805074371,0.14216939931269734,-0.25293270702735754,0.006094513736898079,1
0.600006667,2.002,-9.2329,3.7784,0.0,1,-0.11707981450382601,0.18937830607872455,0.05948281799210235,-0.31058833593153395,0.09143225941807032,-0.27440703138359823,0.009872313993982971,4
0.600006667,2.002,-9.2329,3.7784,0.0,1,-0.11707981450382601,0.12857326803030447,0.07399157221196219,-0.31973016778938473,0.13591469283448532,-0.218074583504349,0.005071010831743479,2
0.600006667,2.002,-9.2329,3.7784,0.0,1,-0.11707981450382601,0.1435758658775012,0.05428171044099145,-0.2868145942990668,0.1489982375339605,-0.24509046767139808,0.006735970214940608,3
0.600000088,10.003,27.159,3.7709,0.95227381,2,0.9277264094455187,0.1536343560309615,0.010809235048945993,0.7541239440254867,0.1541126458812505,0.07335763752926142,-0.11986004951875656,2
0.600000088,10.003,27.159,3.7709,0.95227381,2,0.9277264094455187,0.1892653447948396,0.017535471657756718,0.715197310569929,0.12741478014970198,0.07475043911952525,-0.16218820807524026,5
0.600000088,10.003,27.159,3.7709,0.95227381,2,0.9277264094455187,0.14475286143366248,0.013972932582255453,0.772563492382178,0.16602023999206722,0.09096089958562516,-0.13490983336931095,3
0.600000088,10.003,27.159,3.7709,0.95227381,2,0.9277264094455187,0.18502382022328676,0.016799684676225297,0.7496023901412263,0.1590619117533788,0.07949927479494363,-0.12125952585833147,1
0.600000088,10.003,27.159,3.7709,0.95227381,2,0.9277264094455187,0.2208271655300632,0.01761980462237261,0.7244481794745661,0.11976387776434422,0.06451358175254426,-0.12053166405763477,4
0.600000026,30.002,27.581,3.8096,0.0,2,0.8629942261478052,0.19367701848881552,-0.01829880880744895,0.7651299302838743,0.18497044870629906,-0.21093180439202114,-0.10709254485787824,1
0.600000026,30.002,27.581,3.8096,0.0,2,0.8629942261478052,0.14452391386032104,-0.02958795436890796,0.7876055484765675,0.2109976256743539,-0.16485736523522065,-0.10634707250399515,3
0.600000026,30.002,27.581,3.8096,0.0,2,0.8629942261478052,0.22432503150543198,-0.038194036381319164,0.7920014596160035,0.10583280505146832,-0.20559345739369747,-0.10427027225960046,4
0.600000026,30.002,27.581,3.8096,0.0,2,0.8629942261478052,0.1818794997688383,-0.020083345606690273,0.7460348556435201,0.1485426610405557,-0.1460379606881179,-0.12774353271350264,5
0.600000026,30.002,27.581,3.8096,0.0,2,0.8629942261478052,0.15132457723258994,-0.04121054122690111,0.7770172421261669,0.22434766875579953,-0.16414247819921002,-0.0814671713206917,2
0.6,2.003,40.695,3.817,0.206896552,1,1.6041254196435724,0.2212146123533603,0.06136918706703,0.8492382588773034,0.16858131723478437,0.11296800661773887,0.0325381014123559,4
0.6,30.003,-7.898,3.7879,0.107139286,1,0.1813026235474162,0.08007191832613898,-0.04438154903880786,-0.22250525609822944,0.15080729157663883,0.029926101958262733,0.010865709916688502,3
0.6,2.003,40.695,3.817,0.206896552,1,1.6041254196435724,0.20117534278775565,0.061670963026117534,0.8503470533585642,0.18980104186804966,0.08913541858550161,0.039671380631625654,5
0.6,30.003,-7.898,3.7879,0.107139286,1,0.1813026235474162,0.1889639559877105,-0.02719389999518171,-0.24686685148859397,0.055596237045247104,0.03680546288611367,0.013219321486540139,4
0.6,10.002,11.707,3.8074,0.206889655,1,1.4000395365307807,0.24298024254851044,0.012628912867512554,0.6558300648769364,0.18553256895858794,0.0905475329165347,0.04062554526142776,5
0.6,30.002,10.51,3.8069,0.20687931,1,1.2836343754611128,0.21517364684696078,-0.027329987729899585,0.5711449878185522,0.2196039978740737,0.10572713795874733,0.03518800175748765,3
0.6,10.002,1.1738,3.8012,0.214282143,1,1.0702249135000552,0.2941370331007056,0.01205674014869146,0.31810875167371705,0.13978820804259157,0.13361359317204916,0.031103189382702113,4
0.6,30.003,39.654,3.8236,0.206893103,1,1.4857662151027111,0.2034128570044413,-0.054412467003567146,0.8344828416837845,0.18382047231541945,0.07726219385396689,0.03938464313745499,5
0.6,30.003,-8.5545,3.7817,0.206893103,1,0.11293901696237608,0.09117334679671331,-0.04400025216571521,-0.2614742464362644,0.1451961259264499,0.10749122996523511,0.01406288201455027,3
0.6,10.003,25.225,3.8149,0.214282143,1,1.505585798881959,0.2500572986435145,0.013787882396718487,0.7558778678881936,0.19128268881700933,0.12651444915332832,0.03288270708173514,4
0.6,10.002,11.707,3.8074,0.206889655,1,1.4000395365307807,0.2872911087027751,0.016553537676809355,0.6065641743154265,0.17784465459175408,0.11651922956458292,0.030809143297374247,4
0.6,30.003,-8.5545,3.7817,0.206893103,1,0.11293901696237608,0.20195642314385623,-0.04167321818182245,-0.23755334640154616,0.08149790287250652,0.12707783262478187,0.013219321486540139,4
0.6,10.002,1.1738,3.8012,0.214282143,1,1.0702249135000552,0.27095126336906106,0.011725655707996338,0.32195664279162883,0.2048115454101935,0.10201675228076056,0.037274983823299405,5
0.6,30.003,-7.898,3.7879,0.107139286,1,0.1813026235474162,0.1889639559877105,-0.02719389999518171,-0.24686685148859397,0.055596237045247104,0.03680546288611367,0.013219321486540139,4
0.6,30.003,-7.898,3.7879,0.107139286,1,0.1813026235474162,0.08007191832613898,-0.04438154903880786,-0.22250525609822944,0.15080729157663883,0.029926101958262733,0.010865709916688502,3
0.6,30.002,10.51,3.8069,0.20687931,1,1.2836343754611128,0.30215571986977013,-0.043971136987674984,0.544781246620696,0.1522169923922047,0.11264559111441486,0.031103189382702113,4
0.6,30.004,25.177,3.8162,0.206882759,1,1.428987294811175,0.24903829376213252,-0.056249839134979995,0.7662414159043692,0.16735140952747316,0.10268936198321171,0.03288270708173514,4
0.6,30.003,-7.898,3.7879,0.107139286,1,0.1813026235474162,0.12423115184064955,-0.034348623687401415,-0.2610679551400244,0.10177129439543933,0.02983508016448468,0.011687760464847088,5
0.6,30.003,-8.5545,3.7817,0.206893103,1,0.11293901696237608,0.20195642314385623,-0.04167321818182245,-0.23755334640154616,0.08149790287250652,0.12707783262478187,0.013219321486540139,4
0.6,10.003,40.287,3.8249,0.214285714,1,1.5622530595465696,0.22270245807594619,0.013787882396718487,0.8336922615091317,0.18246373815461994,0.11154267512145452,0.0325381014123559,4
0.6,10.002,11.707,3.8074,0.206889655,1,1.4000395365307807,0.22015907263819826,0.01434182851226069,0.6201841593789869,0.20008723949547857,0.10869945709884632,0.0354596496373415,3
0.6,30.004,25.177,3.8162,0.206882759,1,1.428987294811175,0.2232258878950961,-0.054412467003567146,0.7404646643530577,0.1881558968918398,0.07682466772850603,0.03959798744879663,5
0.6,10.003,25.225,3.8149,0.214282143,1,1.505585798881959,0.2011639559172909,0.011795444028684869,0.7624617473478429,0.23700198908802123,0.11519868813804351,0.03883663668297231,3
0.6,2.003,40.695,3.817,0.206896552,1,1.6041254196435724,0.15777663538203343,0.06976814283058047,0.8732633969199378,0.22043256549630313,0.10310175802907906,0.03869022191502154,3
0.6,10.003,40.287,3.8249,0.214285714,1,1.5622530595465696,0.16013504141912563,0.013972932582255453,0.8599220095400233,0.2158256164798513,0.11561593009508214,0.03869022191502154,3
0.6,10.003,25.225,3.8149,0.214282143,1,1.505585798881959,0.2256853180169128,0.01700295919785276,0.7308875248208642,0.21179408813361078,0.10733713421504945,0.03959798744879663,5
0.6,30.003,-8.5545,3.7817,0.206893103,1,0.11293901696237608,0.09117334679671331,-0.04400025216571521,-0.2614742464362644,0.1451961259264499,0.10749122996523511,0.01406288201455027,3
0.6,30.003,-8.5545,3.7817,0.206893103,1,0.11293901696237608,0.12995778314769268,-0.04660421030828729,-0.2794812725763768,0.10672767334035597,0.09009298316203057,0.015623594960197806,5
0.6,10.002,1.1738,3.8012,0.214282143,1,1.0702249135000552,0.20662330366874812,0.013344879588112235,0.291641289080726,0.1779838967230171,0.1145841168583138,0.03170608884654939,3
0.6,30.003,39.654,3.8236,0.206893103,1,1.4857662151027111,0.231526267566951,-0.042020998254884034,0.8349642137135379,0.1692434291774407,0.09067523075616918,0.0325381014123559,4
0.6,30.003,39.654,3.8236,0.206893103,1,1.4857662151027111,0.15938068896968616,-0.05424916956806555,0.8551025233033579,0.23164567394647748,0.09584888785495423,0.03869022191502154,3
0.6,30.003,-7.898,3.7879,0.107139286,1,0.1813026235474162,0.08630374733969802,-0.056579640834534074,-0.25579708615783603,0.11519490662962198,0.0855144473980181,0.012413177337730303,1
0.6,30.002,10.51,3.8069,0.20687931,1,1.2836343754611128,0.23537635281827535,-0.007833966858161148,0.5500365141266957,0.2856453425437212,0.10040570212062448,0.0337210410553962,1
0.6,30.004,25.177,3.8162,0.206882759,1,1.428987294811175,0.19642971555207622,-0.07387518248986452,0.7624820430867839,0.23044771302957087,0.08730663813999855,0.03883663668297231,3
0.6,10.003,40.287,3.8249,0.214285714,1,1.5622530595465696,0.20587228712625802,0.01700295919785276,0.824905702151591,0.2074586637993343,0.10777466034051031,0.03938464313745499,5
0.6,30.002,10.51,3.8069,0.20687931,1,1.2836343754611128,0.2645164384553209,-0.02542607448878698,0.5421013839216903,0.1807071800576523,0.07820920205907896,0.03922349814325571,5
0.6,2.003,40.695,3.817,0.206896552,1,1.6041254196435724,0.17204462359310127,0.08570932034403085,0.8929608055530116,0.2265128451259807,0.09010719143785537,0.029324719845317305,2
0.6,10.002,1.1738,3.8012,0.214282143,1,1.0702249135000552,0.21424222024390474,-0.0006765509047545492,0.25648482316406446,0.17182690527755767,0.1179001488815993,0.023317143842577933,2
0.6,2.003,40.695,3.817,0.206896552,1,1.6041254196435724,0.1826372838532552,0.07014082627545576,0.8396545446570962,0.23378147572744637,0.09980949400342069,0.033155229366384445,1
0.6,30.002,10.51,3.8069,0.20687931,1,1.2836343754611128,0.2485648291464895,-0.01814380499301478,0.5465176531067119,0.21936950208968484,0.09709125473629683,0.029263095827773214,2
0.6,10.003,40.287,3.8249,0.214285714,1,1.5622530595465696,0.20066096970811487,0.01682297248102259,0.8271473304182291,0.23347453108988703,0.10473663445096464,0.033155229366384445,1
0.6,10.002,1.1738,3.8012,0.214282143,1,1.0702249135000552,0.21046492846217008,0.019706537432793995,0.32675462920451537,0.23948638168629258,0.10648352045565844,0.025645013655303046,1
0.6,30.003,-8.5545,3.7817,0.206893103,1,0.11293901696237608,0.07756679071346298,-0.05743995290104067,-0.26873880939092487,0.1177018610946834,0.09362150602741166,0.012413177337730303,1
0.6,30.003,-8.5545,3.7817,0.206893103,1,0.11293901696237608,0.07756679071346298,-0.05743995290104067,-0.26873880939092487,0.1177018610946834,0.09362150602741166,0.012413177337730303,1
0.6,30.004,25.177,3.8162,0.206882759,1,1.428987294811175,0.1904138183654868,-0.06203693047486013,0.7710599534981885,0.22603757821489126,0.08883267452009022,0.032831240124069155,1
0.6,30.003,-8.5545,3.7817,0.206893103,1,0.11293901696237608,0.09188418282428756,-0.03569460970582441,-0.25643643118906767,0.11868369869422167,0.09714694269001484,0.009022181825712324,2
0.6,30.003,-7.898,3.7879,0.107139286,1,0.1813026235474162,0.08630374733969802,-0.056579640834534074,-0.25579708615783603,0.11519490662962198,0.0855144473980181,0.012413177337730303,1
0.6,10.002,11.707,3.8074,0.206889655,1,1.4000395365307807,0.22345055205427344,0.021610270065139048,0.6365927513106726,0.28271520040463655,0.10286583487410099,0.0337210410553962,1
0.6,10.003,25.225,3.8149,0.214282143,1,1.505585798881959,0.2075636018975638,0.008028597659431399,0.7642286978103221,0.23116795218549668,0.11382657128386199,0.029144466528669,2
0.6,30.003,-7.898,3.7879,0.107139286,1,0.1813026235474162,0.08530422591138631,-0.02549629517365247,-0.2071868381788954,0.14041001798585057,0.035155611326918,0.004944955185055733,2
0.6,30.003,39.654,3.8236,0.206893103,1,1.4857662151027111,0.17066062306403182,-0.051924325334839525,0.8426149283861741,0.22244405758567154,0.08738289229571819,0.028705633841454983,2
0.6,10.003,40.287,3.8249,0.214285714,1,1.5622530595465696,0.17240035337978044,0.008028597659431399,0.865641412101686,0.20642198933754116,0.12361529994290323,0.029009575862437485,2
0.6,30.003,-7.898,3.7879,0.107139286,1,0.1813026235474162,0.12423115184064955,-0.034348623687401415,-0.2610679551400244,0.10177129439543933,0.02983508016448468,0.011687760464847088,5
0.6,30.003,39.654,3.8236,0.206893103,1,1.4857662151027111,0.18311829237034544,-0.06215860503114527,0.8262661864422262,0.21561181706842036,0.0899985166825354,0.033155229366384445,1
0.6,30.003,-7.898,3.7879,0.107139286,1,0.1813026235474162,0.08530422591138631,-0.02549629517365247,-0.2071868381788954,0.14041001798585057,0.035155611326918,0.004944955185055733,2
0.6,30.003,-8.5545,3.7817,0.206893103,1,0.11293901696237608,0.09188418282428756,-0.03569460970582441,-0.25643643118906767,0.11868369869422167,0.09714694269001484,0.009022181825712324,2
0.6,10.003,25.225,3.8149,0.214282143,1,1.505585798881959,0.21034506987314672,0.01692135923251044,0.7741249655862339,0.23529037964064628,0.10151650670915842,0.032831240124069155,1
0.6,30.003,-8.5545,3.7817,0.206893103,1,0.11293901696237608,0.12995778314769268,-0.04660421030828729,-0.2794812725763768,0.10672767334035597,0.09009298316203057,0.015623594960197806,5
0.6,10.002,11.707,3.8074,0.206889655,1,1.4000395365307807,0.2524848477472551,0.0019213293911889196,0.6112868804950267,0.20593598137027583,0.09537384112365543,0.03138132282532752,2
0.6,30.004,25.177,3.8162,0.206882759,1,1.428987294811175,0.22132323938887566,-0.05958787562791258,0.6716511028865352,0.21708351314882748,0.08529423316009342,0.031077380804345012,2
0.599996667,2.003,-18.966,3.7585,0.0,1,-0.7532884538176873,0.11881962713552639,0.04288806510623545,-0.803432058962062,0.07407253398094327,-0.23280749108991586,0.01314403083641082,4
0.599996667,2.003,-18.966,3.7585,0.0,1,-0.7532884538176873,0.10708189067721832,0.05379603206005413,-0.8232182780280709,0.05812273517600261,-0.2362859040591866,0.0073073643073439595,2
0.599996667,2.003,-18.966,3.7585,0.0,1,-0.7532884538176873,0.09030542955413694,0.0509700626207632,-0.7908159852237441,0.07998776187654584,-0.23244074266665848,0.004892518982524052,1
0.599996667,2.003,-18.966,3.7585,0.0,1,-0.7532884538176873,0.1201391235657502,0.03262890319223516,-0.8321233373135328,0.05923108545830473,-0.22108097210293637,0.009980393210425972,5
0.599996667,2.003,-18.966,3.7585,0.0,1,-0.7532884538176873,0.09906355571205495,0.04141780855716206,-0.7951913827518001,0.07783076140796766,-0.21082464575767518,0.006735970214940608,3
0.599995953,10.003,2.7072,3.7191,0.0,2,0.43283842745977535,0.15303082288010045,-0.007168392977910117,0.2499300475011114,0.1305866816500202,-0.17687820088933223,-0.09340298027964308,3
0.599995953,10.003,2.7072,3.7191,0.0,2,0.43283842745977535,0.19840992354467743,0.002428063217375893,0.3031027405941859,0.1289408299839124,-0.21398865285562352,-0.07629128337837755,1
0.599995953,10.003,2.7072,3.7191,0.0,2,0.43283842745977535,0.2040427627461031,0.0038091988826636225,0.2775589904456865,0.08256890701581142,-0.23527330207813066,-0.11957119962666184,4
0.599995953,10.003,2.7072,3.7191,0.0,2,0.43283842745977535,0.19651345221791416,-0.009453762187622488,0.2772707272949628,0.06426757732522674,-0.21737391176866366,-0.06560219843871891,2
0.599995953,10.003,2.7072,3.7191,0.0,2,0.43283842745977535,0.19994327368680387,0.003009458639426157,0.2367673783726059,0.053192135826684535,-0.15925392598379404,-0.0911948009300977,5
0.599995414,10.002,-17.223,3.6813,0.0,2,-1.003445490544369,0.10549334798706696,0.0014741718850564212,-0.699981645848602,0.06090227659558877,-0.18790265054325572,-0.0026201800000853837,3
0.599995414,10.002,-17.223,3.6813,0.0,2,-1.003445490544369,0.09731795807834714,-0.005086097439634614,-0.7326238096761517,0.0005972934619057923,-0.2259100453555584,-0.002402839520946145,2
0.599995414,10.002,-17.223,3.6813,0.0,2,-1.003445490544369,0.11514475317671895,0.0011861110990867018,-0.7209043487440795,0.018864096510224044,-0.2329177191806957,-0.027452710354700684,4
0.599995414,10.002,-17.223,3.6813,0.0,2,-1.003445490544369,0.11384173159633065,0.0014281768191722222,-0.7302124240947887,0.03735215452499688,-0.2043265601992607,0.0002293028309941292,1
0.599995414,10.002,-17.223,3.6813,0.0,2,-1.003445490544369,0.1272873762343079,-0.0037291641312185674,-0.7151259865285828,0.031905743565876034,-0.20079679630929603,-0.011782266013324261,5
0.599991373,10.002,-7.2421,3.6851,0.0,2,-0.27856856108560585,0.12553315036610002,0.002141555853013415,-0.2204709733603522,0.07984503762330859,-0.23167189316824077,-0.003961936770938337,1
0.599991373,10.002,-7.2421,3.6851,0.0,2,-0.27856856108560585,0.12833028927911072,-0.006698653112398461,-0.22204328244552016,0.04404023169539869,-0.2133967601833865,-0.011782266013324261,5
0.599991373,10.002,-7.2421,3.6851,0.0,2,-0.27856856108560585,0.09504848257871344,0.000682571962242946,-0.22139922429108994,0.09062307353247888,-0.1958390528347809,-0.0026201800000853837,3
0.599991373,10.002,-7.2421,3.6851,0.0,2,-0.27856856108560585,0.11403974727494642,-0.009453762187622488,-0.1898013611510396,0.02218235842534341,-0.20885532922111452,-0.002402839520946145,2
0.599991373,10.002,-7.2421,3.6851,0.0,2,-0.27856856108560585,0.12772901172866113,0.00259223397471942,-0.22651411303435454,0.03155171151272953,-0.26098712532781065,-0.027452710354700684,4
0.59999,2.002,25.183,3.8096,0.2069,1,1.5555534819310493,0.21531939222826624,0.061670963026117534,0.7609814659738913,0.1801905663171783,0.08751653098966926,0.04025807738304138,5
0.59999,2.002,25.183,3.8096,0.2069,1,1.5555534819310493,0.2002666732762009,0.06655873654643074,0.7969375415355898,0.18075710718519986,0.11773147251165937,0.030990216596983373,4
0.59999,2.002,25.183,3.8096,0.2069,1,1.5555534819310493,0.1633489575513522,0.06759065427700989,0.767093830187805,0.2218445352325216,0.10268451607204042,0.03459449140354991,3
0.59999,2.002,25.183,3.8096,0.2069,1,1.5555534819310493,0.171155349353794,0.0690413015865488,0.7924204710801132,0.23378236616263165,0.09743079154170119,0.032831240124069155,1
0.59999,2.002,25.183,3.8096,0.2069,1,1.5555534819310493,0.20720787232508883,0.0885525678936392,0.7972941539948806,0.22581467783078552,0.08834359718486667,0.029459610511548818,2
0.59998612,10.002,1.2099,3.8332,0.0,3,0.5112346299902681,0.2073367413179949,0.003572660485515371,0.2875875389424618,0.17212791321784607,-0.22260792640678118,-0.128766934662126,4
0.59998612,10.002,1.2099,3.8332,0.0,3,0.5112346299902681,0.1546783777908422,0.002098979799775407,0.2743877022492234,0.2515264503471553,-0.1757387740246486,-0.12968249902362003,3
0.59998612,10.002,1.2099,3.8332,0.0,3,0.5112346299902681,0.21178867037640883,-0.006698653112398461,0.2794766978477128,0.1977151504997164,-0.17965592361520977,-0.11911867205053568,5
0.59998612,10.002,1.2099,3.8332,0.0,3,0.5112346299902681,0.19479559164727106,-0.008436093325726687,0.2606268428673502,0.2660311343986541,-0.18912163474364208,-0.06327154392376542,2
0.59998612,10.002,1.2099,3.8332,0.0,3,0.5112346299902681,0.19465939989459002,0.004154504470352549,0.31535010317806156,0.26146040989551694,-0.22051281335996464,-0.0889211231097579,1
0.599984578,10.001,12.807,3.7227,0.0,2,0.6602392640149409,0.2056557649723254,0.005833585128420964,0.5804195927304682,0.14339210801757873,-0.21270086757082027,-0.11861554984468967,4
0.599984578,10.001,12.807,3.7227,0.0,2,0.6602392640149409,0.22083610317204147,0.0060051553440280256,0.5555574829271063,0.11939719298505225,-0.1875381866772659,-0.11110256060026585,2
0.599984578,10.001,12.807,3.7227,0.0,2,0.6602392640149409,0.20189972160296749,0.00942212245950941,0.64311268073041,0.16668115654494614,-0.20547102454627747,-0.07409955112030729,1
0.599984578,10.001,12.807,3.7227,0.0,2,0.6602392640149409,0.16996722420677543,0.012676312937401235,0.5739977091224864,0.16361616720678285,-0.18437377743073738,-0.10452056956710294,3
0.599984578,10.001,12.807,3.7227,0.0,2,0.6602392640149409,0.2146384961588774,-0.003913227618904784,0.6227730189217254,0.09140588212991134,-0.17627756487810983,-0.114914775127545,5
0.599966667,30.001,-7.5819,3.8278,0.103441379,1,0.22655268735891046,0.056608626073866616,-0.004668736988096498,-0.2368640944897197,0.1852361002471298,0.035125233295257206,0.012772233369760215,3
0.599966667,30.003,-19.424,3.767,0.107142857,1,-0.46875180950518724,0.09263668565283296,-0.03873638185847085,-0.7681520282942802,0.0833163006277755,0.010488288555061445,0.010865709916688502,3
0.599966667,30.005,-18.491,3.7487,0.206893103,1,-0.5166537894561585,0.12224354737903922,-0.0436347213271074,-0.8008737329905853,0.023037683895090595,0.054949911735020576,0.014178625792264938,5
0.599966667,30.003,-19.424,3.767,0.107142857,1,-0.46875180950518724,0.0786183665660792,-0.05233185570774367,-0.7835640915809199,0.10052772615570575,0.07553741213632748,0.012413177337730303,1
0.599966667,30.004,-18.488,3.7707,0.206893103,1,-0.45183537602599816,0.06886466598371044,-0.05319216777425027,-0.7835640915809199,0.10303468062076718,0.08364447076572105,0.012413177337730303,1
0.599966667,30.005,-18.491,3.7487,0.206893103,1,-0.5166537894561585,0.10908020054688677,-0.04297671112639364,-0.7770449446619022,0.025897832170594482,0.08632333980407565,0.008660078076645731,2
0.599966667,30.005,-18.491,3.7487,0.206893103,1,-0.5166537894561585,0.09306102358008501,-0.060643391564372,-0.781036832574755,0.03423809973988682,0.07617212159442716,0.01406288201455027,3
0.599966667,30.002,-19.062,3.761,0.206889655,1,-0.48829224421712186,0.09365722894872305,-0.012781036521191709,-0.7884633627720177,0.06801751503255218,0.08968303587636911,0.01406288201455027,3
0.599966667,30.004,-18.488,3.7707,0.206893103,1,-0.45183537602599816,0.09306102358008501,-0.060643391564372,-0.7704288294631988,0.07590592011343687,0.07965606178971939,0.01406288201455027,3
0.599966667,30.002,-19.062,3.761,0.206889655,1,-0.48829224421712186,0.12294372987467796,-0.021328812844585626,-0.8317583595123142,0.07630685872980393,0.063286462998949,0.015623594960197806,5
0.599966667,30.003,-18.66,3.7735,0.107139286,1,-0.4380174971939871,0.09182541704009055,-0.03873638185847085,-0.7699944656109438,0.09291533443145454,0.010488288555061445,0.010865709916688502,3
0.599966667,30.002,-19.062,3.761,0.206889655,1,-0.48829224421712186,0.10953114998992533,-0.00819666348339524,-0.7864591058448422,0.08519083982566372,0.09020772357005626,0.009022181825712324,2
0.599966667,30.003,-18.66,3.7735,0.107139286,1,-0.4380174971939871,0.0786183665660792,-0.05233185570774367,-0.7835640915809199,0.10052772615570575,0.07553741213632748,0.012413177337730303,1
0.599966667,30.003,-19.424,3.767,0.107142857,1,-0.46875180950518724,0.10859428129391745,-0.021128630425664596,-0.7864888098009396,0.08342749681556598,0.02161813132930547,0.004944955185055733,2
0.599966667,30.004,-18.488,3.7707,0.206893103,1,-0.45183537602599816,0.10953114998992533,-0.052583035546704196,-0.7864591058448422,0.052743905235547575,0.0778619388723746,0.009022181825712324,2
0.599966667,30.005,-18.491,3.7487,0.206893103,1,-0.5166537894561585,0.09306102358008501,-0.060643391564372,-0.781036832574755,0.03423809973988682,0.07617212159442716,0.01406288201455027,3
0.599966667,10.002,-8.4375,3.772,0.206896552,1,0.23685328794277316,0.12331172848585993,0.011725655707996338,-0.2645442378520966,0.12324021413340233,0.10391334592364729,0.015910332454368473,5
0.599966667,30.001,-7.5819,3.8278,0.103441379,1,0.22655268735891046,0.09062684425385668,-0.025329053769819438,-0.24570163078373297,0.1543497059890069,0.04169414484873414,0.014659609603695571,4
0.599966667,30.002,-19.062,3.761,0.206889655,1,-0.48829224421712186,0.09225579916179413,-0.0019516737372032367,-0.8003669518511742,0.08684045280795544,0.09109525684965775,0.012413177337730303,1
0.599966667,30.002,-19.062,3.761,0.206889655,1,-0.48829224421712186,0.09365722894872305,-0.012781036521191709,-0.7884633627720177,0.06801751503255218,0.08968303587636911,0.01406288201455027,3
0.599966667,30.004,-18.488,3.7707,0.206893103,1,-0.45183537602599816,0.12294372987467796,-0.0436347213271074,-0.8317583595123142,0.06188687679939903,0.054949911735020576,0.015623594960197806,5
0.599966667,30.003,-18.66,3.7735,0.107139286,1,-0.4380174971939871,0.12167218392714858,-0.03137913470622152,-0.8290191944967955,0.06336807714542374,0.005942279035225511,0.011687760464847088,5
0.599966667,30.004,-18.488,3.7707,0.206893103,1,-0.45183537602599816,0.12294372987467796,-0.0436347213271074,-0.8317583595123142,0.06188687679939903,0.054949911735020576,0.015623594960197806,5
0.599966667,10.002,-8.4375,3.772,0.206896552,1,0.23685328794277316,0.09226049538701772,-0.0006765509047545492,-0.25339347126777284,0.11863932862412184,0.1039522325899452,0.009326123846694827,2
0.599966667,30.003,-19.424,3.767,0.107142857,1,-0.46875180950518724,0.11031938056927175,-0.026886139491107314,-0.8093560052081011,0.04518191771348938,0.017650002234149725,0.01393056428525597,4
0.599966667,30.002,-19.062,3.761,0.206889655,1,-0.48829224421712186,0.12356869186041877,-0.03213952805614099,-0.8159568395814858,0.06459889989113435,0.08790213543688878,0.01393056428525597,4
0.599966667,30.003,-18.66,3.7735,0.107139286,1,-0.4380174971939871,0.12167218392714858,-0.03137913470622152,-0.8290191944967955,0.06336807714542374,0.005942279035225511,0.011687760464847088,5
0.599966667,30.001,-7.5819,3.8278,0.103441379,1,0.22655268735891046,0.08530422591138631,-0.018927389974705874,-0.2066978235298302,0.19415666990447789,0.023877771999686957,0.004944955185055733,2
0.599966667,30.003,-19.424,3.767,0.107142857,1,-0.46875180950518724,0.12167218392714858,-0.03137913470622152,-0.8290191944967955,0.06336807714542374,0.005942279035225511,0.011687760464847088,5
0.599966667,30.001,-7.5819,3.8278,0.103441379,1,0.22655268735891046,0.11580177234718576,-0.020672764563933015,-0.2504169209627435,0.1569684074772522,0.017962785912677647,0.011314408024773001,5
0.599966667,10.003,-17.043,3.7257,0.206893103,1,-0.41306157057617343,0.11529975430108606,0.014122524776030331,-0.7289198818407021,0.0717193893273361,0.09901094397297129,0.01393056428525597,4
0.599966667,30.005,-18.491,3.7487,0.206893103,1,-0.5166537894561585,0.1211478992854245,-0.05202203416032716,-0.8159568395814858,0.059554131624754515,0.08118523250566795,0.01393056428525597,4
0.599966667,10.002,-8.4375,3.772,0.206896552,1,0.23685328794277316,0.10986231544753537,0.013317010162863881,-0.25175617416622115,0.11342360279290005,0.137598921332974,0.01393056428525597,4
0.599966667,30.001,-7.5819,3.8278,0.103441379,1,0.22655268735891046,0.11580177234718576,-0.020672764563933015,-0.2504169209627435,0.1569684074772522,0.017962785912677647,0.011314408024773001,5
0.599966667,30.005,-18.491,3.7487,0.206893103,1,-0.5166537894561585,0.06815603173570707,-0.05319216777425027,-0.7899188413005322,0.052603195118717846,0.08055262482492254,0.011211182583356277,1
0.599966667,30.003,-18.66,3.7735,0.107139286,1,-0.4380174971939871,0.10859428129391745,-0.021128630425664596,-0.7864888098009396,0.08342749681556598,0.02161813132930547,0.004944955185055733,2
0.599966667,30.003,-18.66,3.7735,0.107139286,1,-0.4380174971939871,0.10922688278835267,-0.026886139491107314,-0.8018235192238353,0.04518191771348938,0.011210014882963151,0.01393056428525597,4
0.599966667,30.003,-19.424,3.767,0.107142857,1,-0.46875180950518724,0.09263668565283296,-0.03873638185847085,-0.7681520282942802,0.0833163006277755,0.010488288555061445,0.010865709916688502,3
0.599966667,10.003,-17.043,3.7257,0.206893103,1,-0.41306157057617343,0.087710725760262,0.01112836277578026,-0.7488711176067591,0.0361733403429389,0.09157869750517421,0.01406288201455027,3
0.599966667,30.001,-7.5819,3.8278,0.103441379,1,0.22655268735891046,0.056608626073866616,-0.004668736988096498,-0.2368640944897197,0.1852361002471298,0.035125233295257206,0.012772233369760215,3
0.599966667,30.003,-18.66,3.7735,0.107139286,1,-0.4380174971939871,0.10922688278835267,-0.026886139491107314,-0.8018235192238353,0.04518191771348938,0.011210014882963151,0.01393056428525597,4
0.599966667,30.003,-19.424,3.767,0.107142857,1,-0.46875180950518724,0.12167218392714858,-0.03137913470622152,-0.8290191944967955,0.06336807714542374,0.005942279035225511,0.011687760464847088,5
0.599966667,10.002,-8.4375,3.772,0.206896552,1,0.23685328794277316,0.04607832534937188,0.019574983043421524,-0.29371775351464746,0.1311593331815675,0.1023417598172091,0.012413177337730303,1
0.599966667,30.002,-19.062,3.761,0.206889655,1,-0.48829224421712186,0.12294372987467796,-0.021328812844585626,-0.8317583595123142,0.07630685872980393,0.063286462998949,0.015623594960197806,5
0.599966667,30.005,-18.491,3.7487,0.206893103,1,-0.5166537894561585,0.12224354737903922,-0.0436347213271074,-0.8008737329905853,0.023037683895090595,0.054949911735020576,0.014178625792264938,5
0.599966667,30.004,-18.488,3.7707,0.206893103,1,-0.45183537602599816,0.1211478992854245,-0.05202203416032716,-0.8159568395814858,0.059554131624754515,0.08118523250566795,0.01393056428525597,4
0.599966667,30.003,-19.424,3.767,0.107142857,1,-0.46875180950518724,0.11031938056927175,-0.026886139491107314,-0.8093560052081011,0.04518191771348938,0.017650002234149725,0.01393056428525597,4
0.599966667,30.005,-18.491,3.7487,0.206893103,1,-0.5166537894561585,0.10908020054688677,-0.04297671112639364,-0.7770449446619022,0.025897832170594482,0.08632333980407565,0.008660078076645731,2
0.599966667,30.002,-19.062,3.761,0.206889655,1,-0.48829224421712186,0.12356869186041877,-0.03213952805614099,-0.8159568395814858,0.06459889989113435,0.08790213543688878,0.01393056428525597,4
0.599966667,30.004,-18.488,3.7707,0.206893103,1,-0.45183537602599816,0.1211478992854245,-0.05202203416032716,-0.8159568395814858,0.059554131624754515,0.08118523250566795,0.01393056428525597,4
0.599966667,10.003,-17.043,3.7257,0.206893103,1,-0.41306157057617343,0.0882808010908775,0.018020979143038858,-0.7670643832185305,0.06841175923123956,0.09232708237832413,0.011211182583356277,1
0.599966667,30.001,-7.5819,3.8278,0.103441379,1,0.22655268735891046,0.08365409999532858,-0.004548470378795173,-0.23634623894002288,0.23336715843062847,0.09218973466893658,0.0134951084444765,1
0.599966667,30.005,-18.491,3.7487,0.206893103,1,-0.5166537894561585,0.1211478992854245,-0.05202203416032716,-0.8159568395814858,0.059554131624754515,0.08118523250566795,0.01393056428525597,4
0.599966667,10.002,-8.4375,3.772,0.206896552,1,0.23685328794277316,0.06112473934859736,0.014750568373128771,-0.2663419102435,0.14570774934254588,0.11530476160056423,0.01406288201455027,3
0.599966667,30.001,-7.5819,3.8278,0.103441379,1,0.22655268735891046,0.08530422591138631,-0.018927389974705874,-0.2066978235298302,0.19415666990447789,0.023877771999686957,0.004944955185055733,2
0.599966667,30.004,-18.488,3.7707,0.206893103,1,-0.45183537602599816,0.09306102358008501,-0.060643391564372,-0.7704288294631988,0.07590592011343687,0.07965606178971939,0.01406288201455027,3
0.599966667,10.003,-17.043,3.7257,0.206893103,1,-0.41306157057617343,0.12396036696620286,0.013487176934722811,-0.7648778840061277,0.029794413639465347,0.07023507066536695,0.014178625792264938,5
0.599966667,30.002,-19.062,3.761,0.206889655,1,-0.48829224421712186,0.10953114998992533,-0.00819666348339524,-0.7864591058448422,0.08519083982566372,0.09020772357005626,0.009022181825712324,2
0.599966667,30.003,-18.66,3.7735,0.107139286,1,-0.4380174971939871,0.09182541704009055,-0.03873638185847085,-0.7699944656109438,0.09291533443145454,0.010488288555061445,0.010865709916688502,3
0.599966667,30.001,-7.5819,3.8278,0.103441379,1,0.22655268735891046,0.09062684425385668,-0.025329053769819438,-0.24570163078373297,0.1543497059890069,0.04169414484873414,0.014659609603695571,4
0.599966667,30.005,-18.491,3.7487,0.206893103,1,-0.5166537894561585,0.06815603173570707,-0.05319216777425027,-0.7899188413005322,0.052603195118717846,0.08055262482492254,0.011211182583356277,1
0.599966667,30.002,-19.062,3.761,0.206889655,1,-0.48829224421712186,0.09225579916179413,-0.0019516737372032367,-0.8003669518511742,0.08684045280795544,0.09109525684965775,0.012413177337730303,1
0.599966667,10.003,-17.043,3.7257,0.206893103,1,-0.41306157057617343,0.1005039193481207,0.0056504317239159715,-0.7362423984135966,0.039523239217232914,0.10065812382381409,0.008710735077038408,2
0.599966667,30.003,-19.424,3.767,0.107142857,1,-0.46875180950518724,0.0786183665660792,-0.05233185570774367,-0.7835640915809199,0.10052772615570575,0.07553741213632748,0.012413177337730303,1
0.599966667,30.004,-18.488,3.7707,0.206893103,1,-0.45183537602599816,0.06886466598371044,-0.05319216777425027,-0.7835640915809199,0.10303468062076718,0.08364447076572105,0.012413177337730303,1
0.599966667,30.003,-18.66,3.7735,0.107139286,1,-0.4380174971939871,0.0786183665660792,-0.05233185570774367,-0.7835640915809199,0.10052772615570575,0.07553741213632748,0.012413177337730303,1
0.599966667,30.001,-7.5819,3.8278,0.103441379,1,0.22655268735891046,0.08365409999532858,-0.004548470378795173,-0.23634623894002288,0.23336715843062847,0.09218973466893658,0.0134951084444765,1
0.599966667,30.003,-18.66,3.7735,0.107139286,1,-0.4380174971939871,0.10859428129391745,-0.021128630425664596,-0.7864888098009396,0.08342749681556598,0.02161813132930547,0.004944955185055733,2
0.599966667,30.004,-18.488,3.7707,0.206893103,1,-0.45183537602599816,0.10953114998992533,-0.052583035546704196,-0.7864591058448422,0.052743905235547575,0.0778619388723746,0.009022181825712324,2
0.599966667,30.003,-19.424,3.767,0.107142857,1,-0.46875180950518724,0.10859428129391745,-0.021128630425664596,-0.7864888098009396,0.08342749681556598,0.02161813132930547,0.004944955185055733,2
0.599963333,2.003,-7.9426,3.7324,0.206893103,1,0.25477465806429045,0.05225182575144572,0.05944885994307697,-0.24234348687110469,0.08051677772775293,0.10769236010208261,0.01406288201455027,3
0.599963333,2.003,-7.9426,3.7324,0.206893103,1,0.25477465806429045,0.08273720743949525,0.07064126908313483,-0.21839228814700617,0.05786477627698332,0.10832774830050766,0.009025879059918225,2
0.599963333,2.003,-7.9426,3.7324,0.206893103,1,0.25477465806429045,0.05003170679090545,0.06200697887019487,-0.2545384863484651,0.08963918071705848,0.09792391655151732,0.011211182583356277,1
0.599963333,2.003,-7.9426,3.7324,0.206893103,1,0.25477465806429045,0.09936969515634701,0.06153113688109443,-0.2607381769013591,0.0856625669519417,0.13597371457959526,0.01393056428525597,4
0.599963333,2.003,-7.9426,3.7324,0.206893103,1,0.25477465806429045,0.10777566080796533,0.056844246990513055,-0.23049865379463882,0.04888270473456942,0.10357168084941805,0.014465363286435605,5
0.59996,2.003,-8.1798,3.7471,0.206896552,1,0.3430695080555037,0.09503818382858299,0.07064126908313483,-0.22669858928071335,0.08874723616521805,0.10899021883495152,0.009025879059918225,2
0.59996,2.003,-8.1798,3.7471,0.206896552,1,0.3430695080555037,0.05240783743065549,0.05944885994307697,-0.2603637150651775,0.11250963794067502,0.11267908547713887,0.01406288201455027,3
0.59996,2.003,-8.1798,3.7471,0.206896552,1,0.3430695080555037,0.043912148119416086,0.06200697887019487,-0.26487904622219505,0.10466330606956036,0.09792391655151732,0.011211182583356277,1
0.59996,2.003,-8.1798,3.7471,0.206896552,1,0.3430695080555037,0.11021029844763688,0.056844246990513055,-0.24407594861928372,0.06767610369599425,0.10357168084941805,0.014465363286435605,5
0.59996,2.003,-8.1798,3.7471,0.206896552,1,0.3430695080555037,0.10592975702835247,0.06153113688109443,-0.24644470343599095,0.11463813989190384,0.13597371457959526,0.01393056428525597,4
0.599933333,2.002,-17.685,3.6753,0.206889655,1,-0.5013005907539241,0.10236477504658978,0.05493421248917002,-0.7847324291960104,-0.005390292808879166,0.09335281816776841,0.009025879059918225,2
0.599933333,2.002,-17.685,3.6753,0.206889655,1,-0.5013005907539241,0.1092574200744275,0.046137712395284323,-0.7932010072981939,0.015267238529631869,0.06858170100022107,0.014465363286435605,5
0.599933333,2.002,-17.685,3.6753,0.206889655,1,-0.5013005907539241,0.06940790818684035,0.050193683265533764,-0.7850258809397929,0.0064489942090585825,0.08513279793667607,0.010321007810998708,1
0.599933333,2.002,-17.685,3.6753,0.206889655,1,-0.5013005907539241,0.08464418580493657,0.04658495805924758,-0.7598498473269865,0.012759336256422102,0.08969580020930153,0.012931541823782026,3
0.599933333,2.002,-17.685,3.6753,0.206889655,1,-0.5013005907539241,0.1201915377471596,0.05169733009301126,-0.7925614309706726,0.03729847839334979,0.09718471183325164,0.012194330650381745,4
0.599913333,2.003,-17.67,3.6944,0.2069,1,-0.4474806505759099,0.09183368733734824,0.046137712395284323,-0.8126142861973494,0.037746535033220424,0.06605013503227383,0.014465363286435605,5
0.599913333,2.003,-17.67,3.6944,0.2069,1,-0.4474806505759099,0.07863848619861528,0.054366241821844595,-0.7838123030192219,0.05305447930004448,0.0899548577691894,0.011211182583356277,1
0.599913333,2.003,-17.67,3.6944,0.2069,1,-0.4474806505759099,0.1201915377471596,0.05169733009301126,-0.7925614309706726,0.03729847839334979,0.09718471183325164,0.012194330650381745,4
0.599913333,2.003,-17.67,3.6944,0.2069,1,-0.4474806505759099,0.08006930803123397,0.05493421248917002,-0.7836267834214959,0.01840596929891035,0.09319416640792041,0.008397487825714051,2
0.599913333,2.003,-17.67,3.6944,0.2069,1,-0.4474806505759099,0.08531799664458958,0.04658495805924758,-0.7642985026678071,0.03243328964803368,0.08954261119361036,0.012931541823782026,3
0.5999,10.003,-18.81,3.7641,0.0,1,-0.8392384516434684,0.11983528351178392,0.0011861110990867018,-0.7957353654270992,0.07285799688193947,-0.2368545531341806,0.01314403083641082,4
0.5999,10.003,-18.81,3.7641,0.0,1,-0.8392384516434684,0.09435195201687747,0.0005875519526307471,-0.7990038548526354,0.1012076637847349,-0.2426176934852265,0.006094513736898079,1
0.5999,10.003,-18.81,3.7641,0.0,1,-0.8392384516434684,0.0929451554408297,0.0021899166528601198,-0.8392951483326033,0.0759622989478521,-0.22353485534666107,0.008403337076306343,5
0.5999,10.003,-18.81,3.7641,0.0,1,-0.8392384516434684,0.09373978646006435,-0.0024414163239998743,-0.8062302864063531,0.09525247442070395,-0.23066748288460076,0.002624481311067939,2
0.5999,10.003,-18.81,3.7641,0.0,1,-0.8392384516434684,0.09143607211037307,-0.0014159108710009604,-0.7807544304523617,0.08411154242465273,-0.21616568370838649,0.006735970214940608,3
0.5998,30.002,1.372,3.7973,0.206896552,1,0.7116579365360541,0.17904053381178528,-0.012564328231383115,0.26355408791685475,0.1847981233568862,0.10157987985759974,0.019557049879804254,2
0.5998,30.002,1.372,3.7973,0.206896552,1,0.7116579365360541,0.23409107996616513,-0.0296584098553285,0.33458982314215974,0.1385005789830757,0.12114095261204057,0.03181443218141794,4
0.5998,30.002,1.372,3.7973,0.206896552,1,0.7116579365360541,0.21450758638326078,-0.02429830182576552,0.3217730279569514,0.18827835956122727,0.07944529400905594,0.03698824632912874,5
0.5998,30.002,1.372,3.7973,0.206896552,1,0.7116579365360541,0.1961857457202859,-0.006067904474621173,0.3730423246161081,0.2371209467574954,0.09943808524869382,0.030173131421906873,1
0.5998,30.002,1.372,3.7973,0.206896552,1,0.7116579365360541,0.15154011506325332,-0.019831892486545256,0.2884217401739443,0.18526932954555378,0.09965828711341601,0.03170608884654939,3
0.599433333,30.003,-8.7138,3.7879,0.0,1,-0.3950006259209996,0.09327937307301909,-0.021471612844616173,-0.3346769154677168,0.12001820619218051,-0.2116178151872009,0.008403337076306343,5
0.599433333,30.003,-8.7138,3.7879,0.0,1,-0.3950006259209996,0.08873554612655425,-0.030255523497180546,-0.30150687279179694,0.1491996523877606,-0.22100512418197468,0.006094513736898079,1
0.599433333,30.003,-8.7138,3.7879,0.0,1,-0.3950006259209996,0.08882424606446876,-0.02929149156610947,-0.2939982661488466,0.15276079344796017,-0.21682909061782993,0.006735970214940608,3
0.599433333,30.003,-8.7138,3.7879,0.0,1,-0.3950006259209996,0.11520442232023925,-0.03606159276328981,-0.3350562125875149,0.09086417693644762,-0.256874897533562,0.01314403083641082,4
0.599433333,30.003,-8.7138,3.7879,0.0,1,-0.3950006259209996,0.11303241321817041,-0.034800638421438636,-0.3261910936003551,0.12914020077325403,-0.2173024615086615,0.0008261580113321543,2
0.596933333,30.002,-17.388,3.7684,0.0,1,-0.8868333676203949,0.09140605902968674,-0.014992243644664996,-0.7585971456300468,0.09968604137422517,-0.21732718934887088,0.006735970214940608,3
0.596933333,30.002,-17.388,3.7684,0.0,1,-0.8868333676203949,0.08608965984778479,-0.024517688608611934,-0.7926553140906617,0.09079727453179658,-0.23865672948770225,0.0008261580113321543,2
0.596933333,30.002,-17.388,3.7684,0.0,1,-0.8868333676203949,0.08854204337112606,-0.013094630897976458,-0.8170285039581359,0.07451634088763967,-0.20754193261032924,0.008403337076306343,5
0.596933333,30.002,-17.388,3.7684,0.0,1,-0.8868333676203949,0.116229222107213,-0.02216127301682718,-0.772254288000986,0.06143224224913865,-0.2292219734680839,0.01314403083641082,4
0.596933333,30.002,-17.388,3.7684,0.0,1,-0.8868333676203949,0.09627656016178662,-0.011167190168926026,-0.7792688045836985,0.11506055160891265,-0.24512173341820018,0.006094513736898079,1
0.550033333,2.004,10.793,3.7395,0.206896552,1,1.3949031936922152,0.2485955904866569,0.08156136995647102,0.6091115416679531,0.10337315087090246,0.10352112106978893,0.02601148108486086,2
0.550033333,10.003,11.116,3.7591,0.206906897,1,1.3539520255173463,0.2338757841428742,0.0130795003217645,0.6181896011298522,0.19068059765268117,0.09595445498591289,0.03922349814325571,5
0.550033333,10.003,11.116,3.7591,0.206906897,1,1.3539520255173463,0.20158700028201565,0.019907116616959684,0.6510628477018326,0.18554806045722216,0.10059318142477423,0.025112396711483596,1
0.550033333,10.002,1.1064,3.7527,0.206882759,1,0.8288726299009307,0.18093927278881894,0.001282766975928098,0.20602028483524917,0.06623990726657211,0.11090588584542274,0.015054780980572105,2
0.550033333,2.004,10.793,3.7395,0.206896552,1,1.3949031936922152,0.22333898358396254,0.05774750415002927,0.5972475232928991,0.08577875150833279,0.09043872732436284,0.03425054788589477,5
0.550033333,10.002,1.1064,3.7527,0.206882759,1,0.8288726299009307,0.17507847341854357,0.019706537432793995,0.31254243906354534,0.1507627089275047,0.10175170757807792,0.02111441736924462,1
0.550033333,10.002,1.1064,3.7527,0.206882759,1,0.8288726299009307,0.2285520778875798,0.009561638741288334,0.33194720724830407,0.15229374182163155,0.12549251569318584,0.03181443218141794,4
0.550033333,30.002,25.65,3.7653,0.206889655,1,1.380499101818846,0.14696570928179425,-0.028675121103879063,0.8047643592383247,0.20608140172902495,0.10054520540754311,0.03315502161160112,3
0.550033333,10.002,1.1064,3.7527,0.206882759,1,0.8288726299009307,0.15576251535414484,0.013344879588112235,0.29296063485206103,0.15170621058205142,0.10231336345605087,0.03170608884654939,3
0.550033333,10.003,11.116,3.7591,0.206906897,1,1.3539520255173463,0.22170615348964928,0.014058436269406229,0.5969880552147515,0.19490877194330097,0.12725414549349806,0.03152038609609008,4
0.550033333,2.004,10.793,3.7395,0.206896552,1,1.3949031936922152,0.22069049708545208,0.06163974093971774,0.6116461271443404,0.19092417631298303,0.11919738884025718,0.03152038609609008,4
0.550033333,30.002,25.65,3.7653,0.206889655,1,1.380499101818846,0.20317589601501823,-0.032106558521045374,0.7977049464883749,0.1626037603104487,0.08192391389980912,0.03954465137794614,5
0.550033333,2.004,10.793,3.7395,0.206896552,1,1.3949031936922152,0.20030069554923102,0.05056405708368402,0.6546291856397874,0.18428212246391923,0.09582745849969797,0.025112396711483596,1
0.550033333,2.004,10.793,3.7395,0.206896552,1,1.3949031936922152,0.17784093588561517,0.0652284202876035,0.6438170813140459,0.16006173909641802,0.10647254831448663,0.034020179845392705,3
0.550033333,30.002,25.65,3.7653,0.206889655,1,1.380499101818846,0.21376485027140008,-0.036963161150924864,0.7849505945411511,0.16156933638732882,0.1121797757933382,0.030990216596983373,4
0.550033333,30.002,25.65,3.7653,0.206889655,1,1.380499101818846,0.1868065262460732,-0.010819724242610391,0.803903054795228,0.1857973914872855,0.09546453952789306,0.02907718130853027,1
0.550033333,10.003,11.116,3.7591,0.206906897,1,1.3539520255173463,0.24512197542237119,0.0019213293911889196,0.6028952921694145,0.17267473454936408,0.1073879680596292,0.030502548022195698,2
0.550033333,10.003,11.116,3.7591,0.206906897,1,1.3539520255173463,0.1774587763097952,0.01145174575620331,0.6223916595499032,0.175757259381935,0.10783752027258743,0.034020179845392705,3
0.550033333,10.002,1.1064,3.7527,0.206882759,1,0.8288726299009307,0.19697937794029713,0.011725655707996338,0.2581381699931808,0.052968659135513005,0.08492910550674423,0.032015296071767806,5
0.550033333,30.002,25.65,3.7653,0.206889655,1,1.380499101818846,0.19259938722010703,-0.03336938481312245,0.7997977852961049,0.187621208159253,0.09333944105543196,0.028212133245542646,2
0.55003,2.003,1.1315,3.72,0.206893103,1,0.9548246890727153,0.19317249320331029,0.056844246990513055,0.26713125615613537,0.04853566648904234,0.08492910550674423,0.032015296071767806,5
0.55003,2.003,1.1315,3.72,0.206893103,1,0.9548246890727153,0.18165261404355987,0.07064126908313483,0.21657743665855378,0.04191597701050341,0.10549995405599474,0.015369924963451922,2
0.55003,2.003,1.1315,3.72,0.206893103,1,0.9548246890727153,0.17042281574802473,0.06177856968977721,0.30664861175464464,0.12516225124942137,0.09855992012075149,0.02111441736924462,1
0.55003,2.003,1.1315,3.72,0.206893103,1,0.9548246890727153,0.14755325596051988,0.06423147136345506,0.28842073474661445,0.10230491026770323,0.10067604448355269,0.03170608884654939,3
0.55003,2.003,1.1315,3.72,0.206893103,1,0.9548246890727153,0.22713891341350972,0.057142943411599846,0.33989001299487426,0.1477247270171938,0.125132952494896,0.03181443218141794,4
0.550023333,2.004,-9.6069,3.7305,0.0,1,-0.2503455792392204,0.08151239708415232,0.04333543778746389,-0.3777585028624162,0.044089988744817676,-0.2322748530143872,0.008535424042493104,5
0.550023333,2.004,-9.6069,3.7305,0.0,1,-0.2503455792392204,0.09835879306454444,0.04602293349133106,-0.3079041470750235,0.10260337470564991,-0.24118998497055144,0.004892518982524052,1
0.550023333,2.004,-9.6069,3.7305,0.0,1,-0.2503455792392204,0.08410258129209978,0.05428171044099145,-0.306869736101944,0.08335445815231651,-0.21639662715606392,0.006735970214940608,3
0.550023333,2.004,-9.6069,3.7305,0.0,1,-0.2503455792392204,0.10457364131696523,0.05591730434563942,-0.37911895909928717,0.0740603373060003,-0.2507318010448944,0.01314403083641082,4
0.550023333,2.004,-9.6069,3.7305,0.0,1,-0.2503455792392204,0.10807943977881224,0.06950308865401894,-0.3120736104529351,0.06865288986242377,-0.21787990234792232,0.0055829266924411055,2
0.55,10.001,40.61,3.772,0.206893103,1,1.5136811218340465,0.1840841917565558,0.018434540077578276,0.8871727302635555,0.16443596563534812,0.0858981134928763,0.039831388872116805,5
0.55,10.003,-8.8654,3.73,0.0,1,-0.43667758167088316,0.07799825127207441,-0.007061078051337972,-0.3197104363818653,0.06581318158190698,-0.22173766510677523,0.006735970214940608,3
0.55,2.002,40.312,3.764,0.206910345,1,1.5605781651426898,0.16698866960243322,0.0885525678936392,0.9103007019497454,0.16921330497134476,0.10318938783369959,0.028696328583173454,2
0.55,10.003,-8.8654,3.73,0.0,1,-0.43667758167088316,0.08625580828636885,-0.000779572328319773,-0.32600346974562855,0.043164148437790574,-0.23617260154336692,0.006958367908373475,5
0.55,30.003,10.751,3.7592,0.206889655,1,0.9988744118947623,0.18408715985395246,-0.059074460895208174,0.6508668417017907,0.16556764686480163,0.0872447884036228,0.025112396711483596,1
0.55,10.004,25.799,3.7652,0.206893103,1,1.4586887555733161,0.17858524609240703,-0.01827785698696971,0.8262509906711056,0.18157723345793783,0.09333944105543196,0.028077242579311133,2
0.55,30.003,-7.7528,3.742,0.107125,1,0.03340944768480213,0.04095564557675971,-0.04590527180291246,-0.21417110876878723,0.10948620229028165,0.02933651214640122,0.010865709916688502,3
0.55,30.003,-7.7528,3.742,0.107125,1,0.03340944768480213,0.06300314235500991,-0.02943637828575447,-0.20763865081826224,0.025700252769747748,0.013683238187804819,0.003954460201784968,2
0.55,30.003,10.751,3.7592,0.206889655,1,0.9988744118947623,0.220255996636115,-0.05294686805922538,0.5985649994458072,0.17091275731567293,0.10649594018119388,0.03152038609609008,4
0.55,30.002,39.84,3.7713,0.206906897,1,1.436635979255561,0.1632977506273892,-0.03336938481312245,0.8561771037243306,0.17631650301162152,0.10555963834747673,0.028077242579311133,2
0.55,2.002,40.312,3.764,0.206910345,1,1.5605781651426898,0.1838634585996624,0.061670963026117534,0.8824645480758044,0.16619779418455438,0.0917005786113441,0.039831388872116805,5
0.55,10.001,40.61,3.772,0.206893103,1,1.5136811218340465,0.15972577113308944,0.0224480645544827,0.9112603233056142,0.1761024853447452,0.08531840449199081,0.028696328583173454,2
0.55,30.003,10.751,3.7592,0.206889655,1,0.9988744118947623,0.17306255897710798,-0.04996618349570781,0.5945271944475826,0.16120342106558383,0.10029633565165569,0.03130370040424168,3
0.55,10.004,25.799,3.7652,0.206893103,1,1.4586887555733161,0.13766416379454313,0.0029309551673941314,0.8400575821450912,0.18348934063222258,0.10204805100685917,0.03315502161160112,3
0.55,30.002,39.84,3.7713,0.206906897,1,1.436635979255561,0.18610097281634808,-0.032106558521045374,0.8695997295586858,0.15711543881567194,0.0862167671136558,0.03954465137794614,5
0.55,30.003,-7.7528,3.742,0.107125,1,0.03340944768480213,0.08350878114812076,-0.034348623687401415,-0.23014954972546547,0.05221203678753227,0.029726274572312833,0.01024279129691422,5
0.55,2.002,40.312,3.764,0.206910345,1,1.5605781651426898,0.1609013546258211,0.07042027989111375,0.8646261857915669,0.16826986310305073,0.09810058694682083,0.02907718130853027,1
0.55,30.003,10.751,3.7592,0.206889655,1,0.9988744118947623,0.24309950447641313,-0.042907125991769136,0.6115103505831212,0.16488261876045726,0.08860909601673483,0.030198606001213192,2
0.55,30.002,39.84,3.7713,0.206906897,1,1.436635979255561,0.13474536052643088,-0.028675121103879063,0.8700479952793103,0.19072292482480407,0.10069010035018437,0.03300860684365034,3
0.55,10.004,25.799,3.7652,0.206893103,1,1.4586887555733161,0.17636633155168965,0.006241099980543368,0.8146438566828147,0.1773474763846025,0.09576344082131982,0.02907718130853027,1
0.55,30.003,-7.7528,3.742,0.107125,1,0.03340944768480213,0.08990829052170739,-0.029452241626568138,-0.24170611203880982,0.06619660919765011,0.011081066916231066,0.01393056428525597,4
0.55,10.004,25.799,3.7652,0.206893103,1,1.4586887555733161,0.195352588375099,0.01700295919785276,0.8257227758655791,0.16725481303874404,0.08561137603595853,0.03954465137794614,5
0.55,2.002,40.312,3.764,0.206910345,1,1.5605781651426898,0.1345668626969564,0.06976814283058047,0.8932080865849276,0.1592174092773348,0.10615026448271238,0.03300860684365034,3
0.55,10.001,40.61,3.772,0.206893103,1,1.5136811218340465,0.1308301172425854,0.03534973538247868,0.8871700258099008,0.17855776462703943,0.10366241949028336,0.03300860684365034,3
0.55,10.001,40.61,3.772,0.206893103,1,1.5136811218340465,0.1695003574085422,0.027466810133191757,0.8584333379054442,0.17337572372984142,0.09835501398425549,0.02907718130853027,1
0.55,30.003,-7.7528,3.742,0.107125,1,0.03340944768480213,0.05284308733098442,-0.056579640834534074,-0.24698625163640828,0.07617330075241625,0.08190269768005237,0.011211182583356277,1
0.55,30.003,-7.7528,3.742,0.107125,1,0.03340944768480213,0.08990829052170739,-0.029452241626568138,-0.24170611203880982,0.06619660919765011,0.011081066916231066,0.01393056428525597,4
0.55,10.003,-8.8654,3.73,0.0,1,-0.43667758167088316,0.11259963488206268,0.0020309092535171656,-0.3508077508781571,0.06640189931262284,-0.264381344220601,0.01314403083641082,4
0.55,30.003,-7.7528,3.742,0.107125,1,0.03340944768480213,0.08350878114812076,-0.034348623687401415,-0.23014954972546547,0.05221203678753227,0.029726274572312833,0.01024279129691422,5
0.55,10.003,-8.8654,3.73,0.0,1,-0.43667758167088316,0.10682417776901275,-0.011297564629931003,-0.3151190204778686,0.05981884245411493,-0.2239161220379174,0.003764788405969739,2
0.55,30.003,10.751,3.7592,0.206889655,1,0.9988744118947623,0.23212866802699864,-0.047731982971308755,0.6257647375343367,0.16775966225657613,0.07661836456274614,0.03922349814325571,5
0.55,30.003,-7.7528,3.742,0.107125,1,0.03340944768480213,0.05284308733098442,-0.056579640834534074,-0.24698625163640828,0.07617330075241625,0.08190269768005237,0.011211182583356277,1
0.55,30.002,39.84,3.7713,0.206906897,1,1.436635979255561,0.18919143994455226,-0.036963161150924864,0.8440430686273612,0.1475752278091386,0.11832364871981554,0.03064561092760414,4
0.55,30.002,39.84,3.7713,0.206906897,1,1.436635979255561,0.18613792784279212,-0.010941398798895535,0.8455023784935475,0.17987335789948702,0.09943262438289821,0.02907718130853027,1
0.55,10.004,25.799,3.7652,0.206893103,1,1.4586887555733161,0.19069722534855826,0.013508815537206828,0.8436102215689607,0.16435525890439748,0.11980686456547118,0.030990216596983373,4
0.55,10.003,-8.8654,3.73,0.0,1,-0.43667758167088316,0.0920308746318915,0.0004384024048340507,-0.3040235053491779,0.1029344868240878,-0.2531896058632992,0.004892518982524052,1
0.55,10.001,40.61,3.772,0.206893103,1,1.5136811218340465,0.17476148672983982,0.0161403595819138,0.8729901881073602,0.1589920417033136,0.11685391376144252,0.03064561092760414,4
0.55,2.002,40.312,3.764,0.206910345,1,1.5605781651426898,0.17476148672983982,0.062706007885281,0.8651216114335694,0.1621397095359862,0.12419154401810374,0.03064561092760414,4
0.55,30.003,-7.7528,3.742,0.107125,1,0.03340944768480213,0.04095564557675971,-0.04590527180291246,-0.21417110876878723,0.10948620229028165,0.02933651214640122,0.010865709916688502,3
0.55,30.003,-7.7528,3.742,0.107125,1,0.03340944768480213,0.06300314235500991,-0.02943637828575447,-0.20763865081826224,0.025700252769747748,0.013683238187804819,0.003954460201784968,2
0.549993333,2.002,-18.212,3.7123,0.0,1,-0.833041342349112,0.09242773502424825,0.05379603206005413,-0.8044796540495008,0.02320360457873903,-0.2303612430486828,0.0055829266924411055,2
0.549993333,2.002,-18.212,3.7123,0.0,1,-0.833041342349112,0.08716538953362032,0.04156846480909735,-0.7809268821263686,0.06309727525804192,-0.23146636636578477,0.01314403083641082,4
0.549993333,2.002,-18.212,3.7123,0.0,1,-0.833041342349112,0.036039199173974336,0.05152564079762669,-0.7728126728208735,0.05474958778358996,-0.24195423993311124,0.0075910846854094416,1
0.549993333,2.002,-18.212,3.7123,0.0,1,-0.833041342349112,0.08508400645223446,0.03262890319223516,-0.8047174936346709,0.028177036677952856,-0.22380111156729982,0.008535424042493104,5
0.549993333,2.002,-18.212,3.7123,0.0,1,-0.833041342349112,0.08897465078131063,0.04141780855716206,-0.7755275424476713,0.058407095458824186,-0.20889430047944188,0.006735970214940608,3
0.54999,2.002,25.864,3.7588,0.2069,1,1.513401972766733,0.13825365801545558,0.06976814283058047,0.8522774970775936,0.16266683688852937,0.10209492626017891,0.03315502161160112,3
0.54999,2.002,25.864,3.7588,0.2069,1,1.513401972766733,0.16192268339684232,0.06263018032768741,0.8544702111766673,0.16556979600340127,0.11808038987393957,0.030990216596983373,4
0.54999,2.002,25.864,3.7588,0.2069,1,1.513401972766733,0.11666470736963674,0.07296933405043092,0.8310152467573062,0.133905381700024,0.09712172321393155,0.022708664699457586,1
0.54999,2.002,25.864,3.7588,0.2069,1,1.513401972766733,0.18234326196485198,0.0885525678936392,0.8544861870678142,0.1833716010954231,0.08772167144343257,0.028696328583173454,2
0.54999,2.002,25.864,3.7588,0.2069,1,1.513401972766733,0.1947179797978606,0.061670963026117534,0.8318370142451021,0.14788737694267184,0.0858981134928763,0.039831388872116805,5
0.549966667,30.003,-7.5372,3.7363,0.206913793,1,-0.003996527335187169,0.047167924498207864,-0.04613730363082141,-0.24739926402922718,0.0840234861546196,0.13096751522505656,0.01393056428525597,4
0.549966667,30.004,-7.6803,3.7803,0.103441379,1,0.05691379915258635,0.022608708895277232,-0.0315377634530887,-0.25190891039324925,0.06450156262377277,0.006313759076874703,0.01393056428525597,4
0.549966667,30.004,-7.6803,3.7803,0.103441379,1,0.05691379915258635,0.08265823371708393,-0.034348623687401415,-0.26269214564934373,0.09951188314240426,0.02163600387983024,0.011687760464847088,5
0.549966667,30.004,-7.6803,3.7803,0.103441379,1,0.05691379915258635,-0.005812874216062482,-0.04581521701387828,-0.25754378134384753,0.11364081292180345,0.05997202046914026,0.012434090223396197,1
0.549966667,30.004,-7.6803,3.7803,0.103441379,1,0.05691379915258635,0.022608708895277232,-0.0315377634530887,-0.25190891039324925,0.06450156262377277,0.006313759076874703,0.01393056428525597,4
0.549966667,30.003,-7.5372,3.7363,0.206913793,1,-0.003996527335187169,0.09205030685290694,-0.04660421030828729,-0.2442492201575078,0.039155470480909574,0.10161858799401671,0.014178625792264938,5
0.549966667,30.003,-7.5372,3.7363,0.206913793,1,-0.003996527335187169,0.09205030685290694,-0.04660421030828729,-0.2442492201575078,0.039155470480909574,0.10161858799401671,0.014178625792264938,5
0.549966667,30.004,-7.6803,3.7803,0.103441379,1,0.05691379915258635,0.06300875899847597,-0.04675238576252014,-0.207644154378213,0.11497400349006057,0.019353664452210068,0.00431656395085156,2
0.549966667,30.003,-7.5372,3.7363,0.206913793,1,-0.003996527335187169,0.043401744630828035,-0.04552397492981981,-0.241075255877804,0.0639043378829956,0.10555301104381215,0.01406288201455027,3
0.549966667,30.004,-7.6803,3.7803,0.103441379,1,0.05691379915258635,0.08265823371708393,-0.034348623687401415,-0.26269214564934373,0.09951188314240426,0.02163600387983024,0.011687760464847088,5
0.549966667,30.003,-7.5372,3.7363,0.206913793,1,-0.003996527335187169,0.047167924498207864,-0.04613730363082141,-0.24739926402922718,0.0840234861546196,0.13096751522505656,0.01393056428525597,4
0.549966667,10.002,-8.2302,3.7207,0.206868966,1,0.05616009667084027,0.0404938553829561,0.012396169798448682,-0.29216187975136565,0.02684153163107112,0.042351371964323335,0.010865709916688502,3
0.549966667,30.003,-7.5372,3.7363,0.206913793,1,-0.003996527335187169,0.060646104281768205,-0.0460340689192526,-0.2276043384266086,0.018319397484883666,0.11631775693036615,0.008031686842441559,2
0.549966667,30.004,-7.6803,3.7803,0.103441379,1,0.05691379915258635,0.06300875899847597,-0.04675238576252014,-0.207644154378213,0.11497400349006057,0.019353664452210068,0.00431656395085156,2
0.549966667,30.004,-7.6803,3.7803,0.103441379,1,0.05691379915258635,0.040144376964017285,-0.05116342871158849,-0.22000213622348383,0.14958381071686744,0.03855889634403866,0.010865709916688502,3
0.549966667,30.003,-7.5372,3.7363,0.206913793,1,-0.003996527335187169,0.043401744630828035,-0.04552397492981981,-0.241075255877804,0.0639043378829956,0.10555301104381215,0.01406288201455027,3
0.549966667,10.002,-8.2302,3.7207,0.206868966,1,0.05616009667084027,0.06482956670690328,0.001282766975928098,-0.2538294590520673,0.059405566905625165,0.10850471205078066,0.008082343842834233,2
0.549966667,30.004,-7.6803,3.7803,0.103441379,1,0.05691379915258635,0.040144376964017285,-0.05116342871158849,-0.22000213622348383,0.14958381071686744,0.03855889634403866,0.010865709916688502,3
0.549966667,30.003,-7.5372,3.7363,0.206913793,1,-0.003996527335187169,-0.005688194278627634,-0.056717851172143126,-0.25075719735003077,0.0768909066170454,0.0934905026643537,0.01123209546902217,1
0.549966667,30.003,-7.5372,3.7363,0.206913793,1,-0.003996527335187169,-0.005688194278627634,-0.056717851172143126,-0.25075719735003077,0.0768909066170454,0.0934905026643537,0.01123209546902217,1
0.549966667,10.002,-8.2302,3.7207,0.206868966,1,0.05616009667084027,0.08194454561918973,0.011725655707996338,-0.27252608554437757,0.037030515916412696,0.10346287525724619,0.014465363286435605,5
0.549966667,10.002,-8.2302,3.7207,0.206868966,1,0.05616009667084027,-0.00133764434925979,0.02212403720273869,-0.2611946283979341,0.09503966392250732,0.10568468038691207,0.01123209546902217,1
0.549966667,30.003,-7.5372,3.7363,0.206913793,1,-0.003996527335187169,0.060646104281768205,-0.0460340689192526,-0.2276043384266086,0.018319397484883666,0.11631775693036615,0.008031686842441559,2
0.549966667,30.004,-7.6803,3.7803,0.103441379,1,0.05691379915258635,-0.005812874216062482,-0.04581521701387828,-0.25754378134384753,0.11364081292180345,0.05997202046914026,0.012434090223396197,1
0.549966667,10.002,-8.2302,3.7207,0.206868966,1,0.05616009667084027,0.032292938800528644,0.009186247123870998,-0.27638161527225746,0.08518795798299834,0.13628078191308304,0.01393056428525597,4
0.549956667,2.003,-7.9106,3.6824,0.206896552,1,0.0636692065815694,0.06957577763474547,0.056844246990513055,-0.25898837530054153,0.016416040159529074,0.10346287525724619,0.014465363286435605,5
0.549956667,2.003,-7.9106,3.6824,0.206896552,1,0.0636692065815694,0.028119637817144393,0.057400373842101546,-0.25071997818304226,0.04751598512521014,0.1346555751597043,0.012194330650381745,4
0.549956667,2.003,-7.9106,3.6824,0.206896552,1,0.0636692065815694,0.0407481425802689,0.07064126908313483,-0.24874005889811088,-0.0062582296412438156,0.10638317372649908,0.008397487825714051,2
0.549956667,2.003,-7.9106,3.6824,0.206896552,1,0.0636692065815694,-0.0016118114371784032,0.06038347447320121,-0.23881282351212577,0.03598325714236125,0.09603378149564377,0.010341920696664602,1
0.549956667,2.003,-7.9106,3.6824,0.206896552,1,0.0636692065815694,0.033726303050934804,0.05944885994307697,-0.2586759863118641,0.011835306866560131,0.1071306148840813,0.012931541823782026,3
0.549933333,10.002,-16.218,3.6742,0.206903448,1,-0.5205060465850827,-0.014887033437844366,0.01032034781994298,-0.6982311422494241,0.04162170164519921,0.1228750005341135,0.011161386067979038,4
0.549933333,30.004,-17.965,3.7599,0.200006667,1,-0.572651092359217,0.055099187411833554,-0.04238472101453226,-0.7890831197530497,0.06501040471950546,0.012836575354449452,0.00431656395085156,2
0.549933333,30.003,-18.66,3.6969,0.206896552,1,-0.6298487362517229,0.0185042003239505,-0.052470066045352724,-0.7726285136328079,0.04303347117267549,0.08399034519214182,0.01123209546902217,1
0.549933333,30.004,-17.17,3.7119,0.107139286,1,-0.601877999706925,0.028257900906319265,-0.05160975397884613,-0.7681391554535366,0.036037158509716394,0.07588328656274826,0.01123209546902217,1
0.549933333,10.002,-16.218,3.6742,0.206903448,1,-0.5205060465850827,0.052554783332161605,0.0056504317239159715,-0.7050862777786097,-0.014953286035452039,0.1587643344467506,0.008082343842834233,2
0.549933333,30.003,-18.66,3.6969,0.206896552,1,-0.6298487362517229,0.05504318555584178,-0.04166640417126473,-0.767255733703496,-0.005912082062568515,0.0824263548059389,0.008031686842441559,2
0.549933333,10.002,-16.218,3.6742,0.206903448,1,-0.5205060465850827,0.021276974154170604,0.018100628194224554,-0.7446661885851062,0.017785554856527597,0.09230787934735417,0.010341920696664602,1
0.549933333,30.004,-17.965,3.7599,0.200006667,1,-0.572651092359217,0.023700936930254102,-0.028355006778147073,-0.7947264342173003,0.04230300109600648,0.016901412524748593,0.012897619702853262,4
0.549933333,30.004,-17.17,3.7119,0.107139286,1,-0.601877999706925,0.04707488138927147,-0.026379020492895505,-0.7590599489246961,-0.01649199507315643,-0.002067032032646239,0.003954460201784968,2
0.549933333,30.003,-18.66,3.6969,0.206896552,1,-0.6298487362517229,0.03916192789329216,-0.042954546955879774,-0.7738275760342367,0.024233544857706873,0.08205042116111144,0.011161386067979038,4
0.549933333,30.004,-17.17,3.7119,0.107139286,1,-0.601877999706925,0.021508378712460398,-0.028355006778147073,-0.7608234775229357,0.02572858085623011,0.0017654349119402468,0.012897619702853262,4
0.549933333,30.004,-17.965,3.7599,0.200006667,1,-0.572651092359217,0.023700936930254102,-0.028355006778147073,-0.7947264342173003,0.04230300109600648,0.016901412524748593,0.012897619702853262,4
0.549933333,10.002,-16.218,3.6742,0.206903448,1,-0.5205060465850827,0.09009097266942262,0.013036589480470866,-0.7439300008374267,0.014869385830825194,0.08541500414256006,0.014465363286435605,5
0.549933333,30.004,-17.965,3.7599,0.200006667,1,-0.572651092359217,0.028899174352700355,-0.05160975397884613,-0.7858079472277314,0.0609548973897472,0.07439521386055276,0.01123209546902217,1
0.549933333,30.004,-17.17,3.7119,0.107139286,1,-0.601877999706925,0.028257900906319265,-0.05160975397884613,-0.7681391554535366,0.036037158509716394,0.07588328656274826,0.01123209546902217,1
0.549933333,30.003,-18.66,3.6969,0.206896552,1,-0.6298487362517229,0.05504318555584178,-0.04166640417126473,-0.767255733703496,-0.005912082062568515,0.0824263548059389,0.008031686842441559,2
0.549933333,30.004,-17.17,3.7119,0.107139286,1,-0.601877999706925,0.04707488138927147,-0.026379020492895505,-0.7590599489246961,-0.01649199507315643,-0.002067032032646239,0.003954460201784968,2
0.549933333,30.004,-17.965,3.7599,0.200006667,1,-0.572651092359217,0.055099187411833554,-0.04238472101453226,-0.7890831197530497,0.06501040471950546,0.012836575354449452,0.00431656395085156,2
0.549933333,30.004,-17.965,3.7599,0.200006667,1,-0.572651092359217,0.08341315718804253,-0.04596764046873432,-0.7747424817504361,0.03589646585751325,0.025825196303194388,0.010865709916688502,3
0.549933333,30.004,-17.17,3.7119,0.107139286,1,-0.601877999706925,0.08254778074537171,-0.04399453876714688,-0.7516391283040866,0.022677750955335797,0.014832832248648628,0.010865709916688502,3
0.549933333,30.003,-18.66,3.6969,0.206896552,1,-0.6298487362517229,0.08138824182067765,-0.0383550849853782,-0.7500935293966904,0.025387153048068285,0.08376516586984507,0.012931541823782026,3
0.549933333,30.003,-18.66,3.6969,0.206896552,1,-0.6298487362517229,0.0185042003239505,-0.052470066045352724,-0.7726285136328079,0.04303347117267549,0.08399034519214182,0.01123209546902217,1
0.549933333,30.004,-17.965,3.7599,0.200006667,1,-0.572651092359217,0.028899174352700355,-0.05160975397884613,-0.7858079472277314,0.0609548973897472,0.07439521386055276,0.01123209546902217,1
0.549933333,30.004,-17.17,3.7119,0.107139286,1,-0.601877999706925,0.021508378712460398,-0.028355006778147073,-0.7608234775229357,0.02572858085623011,0.0017654349119402468,0.012897619702853262,4
0.549933333,30.003,-18.66,3.6969,0.206896552,1,-0.6298487362517229,0.03916192789329216,-0.042954546955879774,-0.7738275760342367,0.024233544857706873,0.08205042116111144,0.011161386067979038,4
0.549933333,30.004,-17.965,3.7599,0.200006667,1,-0.572651092359217,0.090121825998649,-0.03137913470622152,-0.8237388263083995,0.06474155844887719,0.00509630523622036,0.011687760464847088,5
0.549933333,30.004,-17.17,3.7119,0.107139286,1,-0.601877999706925,0.08779352456331253,-0.03137913470622152,-0.7864529426163063,0.005223454942461103,0.0038661279343068598,0.01024279129691422,5
0.549933333,30.003,-18.66,3.6969,0.206896552,1,-0.6298487362517229,0.0890650705108419,-0.0436347213271074,-0.8021774965757504,0.017371632173890247,0.05222977227065712,0.014178625792264938,5
0.549933333,30.004,-17.965,3.7599,0.200006667,1,-0.572651092359217,0.090121825998649,-0.03137913470622152,-0.8237388263083995,0.06474155844887719,0.00509630523622036,0.011687760464847088,5
0.549933333,10.002,-16.218,3.6742,0.206903448,1,-0.5205060465850827,0.07436666448571487,0.014018445531837643,-0.6975880604144186,0.005949951861985028,0.09429070667421911,0.012931541823782026,3
0.549933333,30.004,-17.17,3.7119,0.107139286,1,-0.601877999706925,0.08779352456331253,-0.03137913470622152,-0.7864529426163063,0.005223454942461103,0.0038661279343068598,0.01024279129691422,5
0.549933333,30.003,-18.66,3.6969,0.206896552,1,-0.6298487362517229,0.08138824182067765,-0.0383550849853782,-0.7500935293966904,0.025387153048068285,0.08376516586984507,0.012931541823782026,3
0.549933333,30.004,-17.17,3.7119,0.107139286,1,-0.601877999706925,0.08254778074537171,-0.04399453876714688,-0.7516391283040866,0.022677750955335797,0.014832832248648628,0.010865709916688502,3
0.549933333,30.004,-17.965,3.7599,0.200006667,1,-0.572651092359217,0.08341315718804253,-0.04596764046873432,-0.7747424817504361,0.03589646585751325,0.025825196303194388,0.010865709916688502,3
0.549933333,30.003,-18.66,3.6969,0.206896552,1,-0.6298487362517229,0.0890650705108419,-0.0436347213271074,-0.8021774965757504,0.017371632173890247,0.05222977227065712,0.014178625792264938,5
0.549913333,2.002,-17.664,3.63,0.206896552,1,-0.6130718773061904,0.0396688239579089,0.047768773874267936,-0.7522207670775242,-0.022350655912887304,0.09776464891037903,0.009749544714577497,4
0.549913333,2.002,-17.664,3.63,0.206896552,1,-0.6130718773061904,0.08403079146955861,0.04823652037186548,-0.7457916188705712,-0.09558538078330457,0.09226196023577359,0.013659317763522267,3
0.549913333,2.002,-17.664,3.63,0.206896552,1,-0.6130718773061904,0.03163333100033924,0.05310254914453253,-0.7403208803804592,-0.10996182044502348,0.08739950363407843,0.009657129396218806,1
0.549913333,2.002,-17.664,3.63,0.206896552,1,-0.6130718773061904,0.08752632267423906,0.04638861714163795,-0.7731850576633588,-0.0764882100338582,0.06699145789723843,0.012321737706661224,5
0.549913333,2.002,-17.664,3.63,0.206896552,1,-0.6130718773061904,0.04676236312079709,0.05517381657671649,-0.7578048862487776,-0.04536522019887343,0.09164427580311894,0.007094448958523572,2
0.54989,10.004,-18.594,3.7173,0.0,1,-0.908997803565075,0.039162115581857504,-0.0029666426123003474,-0.7726413423428312,0.07467584390193224,-0.24293080024188385,0.0075910846854094416,1
0.54989,10.004,-18.594,3.7173,0.0,1,-0.908997803565075,0.08730174735654145,0.0021899166528601198,-0.7978012429364025,0.03144705432234332,-0.22353485534666107,0.006958367908373475,5
0.54989,10.004,-18.594,3.7173,0.0,1,-0.908997803565075,0.06588357337517664,-0.01837009876675438,-0.7709286523982882,0.019419546822318806,-0.22510884860530495,0.0035874888859689234,2
0.54989,10.004,-18.594,3.7173,0.0,1,-0.908997803565075,0.08866751762077911,-0.004831225216039456,-0.7605485922144726,0.05836588063044473,-0.21362835723091847,0.006735970214940608,3
0.54989,10.004,-18.594,3.7173,0.0,1,-0.908997803565075,0.047727883185725656,-0.0026121565222274514,-0.7641357677895576,0.06188273815903813,-0.2276229905267246,0.012111086254008115,4
0.5498,30.001,1.4285,3.7491,0.206889655,1,0.46522513991182673,0.14669087710994064,-0.002162542477599345,0.26678145045472773,0.11731605150038377,0.10170582674152684,0.03170608884654939,3
0.5498,30.001,1.4285,3.7491,0.206889655,1,0.46522513991182673,0.14889374603517352,-0.016029935667756946,0.2310856401664205,0.03523072737734765,0.08066324831685051,0.02838972213678062,5
0.5498,30.001,1.4285,3.7491,0.206889655,1,0.46522513991182673,0.10926204879302531,-0.02895068598445505,0.313657373606693,0.1385005789830757,0.11585000370512716,0.027921025678515433,4
0.5498,30.001,1.4285,3.7491,0.206889655,1,0.46522513991182673,0.14675259136362,-0.022903787444811315,0.22205793960485606,0.05821170988958329,0.10513918468728661,0.015004123980179428,2
0.5498,30.001,1.4285,3.7491,0.206889655,1,0.46522513991182673,0.11039707341376925,-0.02361611468339106,0.3450234810519032,0.15418957683257759,0.09772476057521999,0.023804614812834187,1
0.549433333,30.003,-8.1958,3.7387,0.0,1,-0.5140856180368756,0.03660556649003411,-0.030207958625105676,-0.2779494105372578,0.09438828130951152,-0.22351897138170898,0.0075910846854094416,1
0.549433333,30.003,-8.1958,3.7387,0.0,1,-0.5140856180368756,0.08143165851011873,-0.021471612844616173,-0.2924867519037798,0.042006480926647785,-0.2106860012188554,0.006290600625798106,5
0.549433333,30.003,-8.1958,3.7387,0.0,1,-0.5140856180368756,0.07958444701478584,-0.02929149156610947,-0.30513041250640527,0.07890018057310953,-0.20229816120699978,0.006735970214940608,3
0.549433333,30.003,-8.1958,3.7387,0.0,1,-0.5140856180368756,0.050857504340820016,-0.0311998010892421,-0.26056423525791617,0.07329441778478213,-0.2027557339332998,0.0035874888859689234,2
0.549433333,30.003,-8.1958,3.7387,0.0,1,-0.5140856180368756,0.04292090145288967,-0.029995388155803084,-0.2910224706644658,0.08164351345971227,-0.23846731022698806,0.012111086254008115,4
0.546933333,30.002,-18.472,3.7199,0.0,1,-0.942216542575364,0.08856247794785305,-0.014992243644664996,-0.7575619973102584,0.058891577373724434,-0.20687459023320115,0.006735970214940608,3
0.546933333,30.002,-18.472,3.7199,0.0,1,-0.942216542575364,0.05897535151569173,-0.0209168512764154,-0.7647032044501976,0.019874794628703965,-0.22233457077294588,0.0035874888859689234,2
0.546933333,30.002,-18.472,3.7199,0.0,1,-0.942216542575364,0.07830880761612206,-0.013094630897976458,-0.7855380745837465,0.02813621701905504,-0.20754193261032924,0.006290600625798106,5
0.546933333,30.002,-18.472,3.7199,0.0,1,-0.942216542575364,0.03624521532707149,-0.01566809225914767,-0.7690489425184205,0.0735982902883552,-0.22982729659182952,0.0075910846854094416,1
0.546933333,30.002,-18.472,3.7199,0.0,1,-0.942216542575364,0.049456414685118945,-0.021099687210517006,-0.7666651136800646,0.0634523133886978,-0.21716976184165104,0.012111086254008115,4
0.501340141,10.002,4.2862,3.4531,9.00222381,3,0.3415918325106703,0.18890223294263706,0.018565884962445125,0.34659255617531015,-0.44161222600378097,0.047787375953048467,-0.080537371779792,1
0.501340141,10.002,4.2862,3.4531,9.00222381,3,0.3415918325106703,0.1571098256460391,0.005593539469409734,0.3689894625474699,-0.36742609011474997,0.07374172417796217,-0.05700938667636365,4
0.501340141,10.002,4.2862,3.4531,9.00222381,3,0.3415918325106703,0.13782365875784308,0.0018192755221389234,0.3155419543210883,-0.4010099142789841,0.14465618315734902,-0.06364452758338303,2
0.501340141,10.002,4.2862,3.4531,9.00222381,3,0.3415918325106703,0.1993220624839887,0.02121463333023712,0.32221678864909337,-0.4150276049342938,0.13356982295808847,-0.08261025625979528,3
0.501340141,10.002,4.2862,3.4531,9.00222381,3,0.3415918325106703,0.2184443208295852,0.004526417525485158,0.3250317511917092,-0.41835025677341037,0.09013275774661451,-0.05556705535389483,5
0.501305325,10.002,4.2512,3.39,12.00157143,3,0.33281311431941807,0.2252946212608367,0.004526417525485158,0.3204079591459595,-0.45447446991573087,0.09013275774661451,-0.05556705535389483,5
0.501305325,10.002,4.2512,3.39,12.00157143,3,0.33281311431941807,0.19943595467833802,0.018565884962445125,0.3420935912127607,-0.478154045175761,0.0586180189345032,-0.080537371779792,1
0.501305325,10.002,4.2512,3.39,12.00157143,3,0.33281311431941807,0.14160758670885115,-0.0010239720274694264,0.29740765774738975,-0.4569979829597287,0.1705239332432393,-0.06364452758338303,2
0.501305325,10.002,4.2512,3.39,12.00157143,3,0.33281311431941807,0.20220118371304124,0.01985034709214233,0.3030968497181311,-0.5096795243048109,0.13356982295808847,-0.10165235016960651,3
0.501305325,10.002,4.2512,3.39,12.00157143,3,0.33281311431941807,0.16047965079313145,0.005593539469409734,0.3298706211871468,-0.47028627997729927,0.07374172417796217,-0.05700938667636365,4
0.500783209,10.002,2.9739,3.5264,6.00082,3,0.37089377025714637,0.13164340008981526,-0.0027697326545603573,0.22183856910036412,-0.33761210650205614,0.14944545779959298,-0.06261935852002352,2
0.500783209,10.002,2.9739,3.5264,6.00082,3,0.37089377025714637,0.14838758995989337,0.0038907781918533146,0.22797183657530695,-0.28666537875760695,0.08748510907986201,-0.05700938667636365,4
0.500783209,10.002,2.9739,3.5264,6.00082,3,0.37089377025714637,0.17303825981682167,0.013477384073194116,0.21798188001383095,-0.35080141584854574,0.04868861756287515,-0.06926412302535027,1
0.500783209,10.002,2.9739,3.5264,6.00082,3,0.37089377025714637,0.21528768905438483,0.007169918520376086,0.20672298088669777,-0.30038023617933507,0.09628567575709894,-0.0758729759696871,5
0.500783209,10.002,2.9739,3.5264,6.00082,3,0.37089377025714637,0.18993857317604124,0.02612705174717121,0.2671444107615389,-0.3115299631701782,0.13061549436708447,-0.10374977013794705,3
0.500504723,10.002,2.0998,3.6081,3.00002,3,0.36970745698805824,0.16396523375762626,0.015473383130738512,0.21240166740259156,-0.10148229396902025,0.09704366356541869,-0.09872519824304618,3
0.500504723,10.002,2.0998,3.6081,3.00002,3,0.36970745698805824,0.1058754662843421,0.0016623888514004648,0.2218383953202283,-0.09768644175608643,0.10112232642713934,-0.05333162582013756,2
0.500504723,10.002,2.0998,3.6081,3.00002,3,0.36970745698805824,0.14780857493169605,0.018442844755481927,0.2581676933029666,-0.07584916681982577,0.05372534540947527,-0.07944845753256231,1
0.500504723,10.002,2.0998,3.6081,3.00002,3,0.36970745698805824,0.1327840029937215,0.0038907781918533146,0.24162509564543144,-0.13925309562604526,0.06770519527723082,-0.06090446513611823,4
0.500504723,10.002,2.0998,3.6081,3.00002,3,0.36970745698805824,0.17452572897542268,0.011013941797427833,0.14647758532781155,-0.1329367269552313,0.07055715463822708,-0.08150293278507888,5
0.500170976,10.002,41.062,3.6741,1.000072,2,0.9546368809209421,0.11905434432905167,0.0283104333182564,0.8187965342309326,0.07448380576446652,0.04193406650330871,-0.09297302858787589,1
0.500170976,10.002,41.062,3.6741,1.000072,2,0.9546368809209421,0.1664237867342308,0.015589753086678683,0.8296287854027469,0.06591454445384443,0.07396889708004892,-0.14041153368540107,5
0.500170976,10.002,41.062,3.6741,1.000072,2,0.9546368809209421,0.11791475836886094,0.016863015338312835,0.8416911106940824,0.11257265804335476,0.06779038189619314,-0.11471540942555293,3
0.500170976,10.002,41.062,3.6741,1.000072,2,0.9546368809209421,0.10963930580648594,0.012971180877648293,0.8719209113670513,0.07033635886851698,0.08582888826262206,-0.11223499777261167,2
0.500170976,10.002,41.062,3.6741,1.000072,2,0.9546368809209421,0.09597370215808042,0.015048875657375902,0.8154108002292924,0.08292801827657968,0.06918323696707375,-0.07934763284865767,4
0.500153935,10.002,26.856,3.6662,0.999850952,2,0.8396718175357716,0.10202392216655426,0.012971180877648293,0.796801712946035,0.05999214886687696,0.08624474364798516,-0.08772944005671889,2
0.500153935,10.002,26.856,3.6662,0.999850952,2,0.8396718175357716,0.11360463130753487,0.0283104333182564,0.8115616689482704,0.07913885023444892,0.08887021278496832,-0.09297302858787589,1
0.500153935,10.002,26.856,3.6662,0.999850952,2,0.8396718175357716,0.1635360472323373,0.015589753086678683,0.7775650594581385,0.06861050421604886,0.07956119874026626,-0.14041153368540107,5
0.500153935,10.002,26.856,3.6662,0.999850952,2,0.8396718175357716,0.11183220533421263,0.015048875657375902,0.7797352635278366,0.0712504415307194,0.07121131635154597,-0.057296099294908344,4
0.500153935,10.002,26.856,3.6662,0.999850952,2,0.8396718175357716,0.11475440473062917,0.021176693954039365,0.8256574607512448,0.09858247225638479,0.09007417253858875,-0.11471540942555293,3
0.500153869,2.002,26.075,3.6677,1.000107143,2,0.9385494187383665,0.11594881246681325,0.08895497445017099,0.7962204071460292,0.0649706209031865,0.08486295841168612,-0.0891112252138555,2
0.500153869,2.002,26.075,3.6677,1.000107143,2,0.9385494187383665,0.1166742606367916,0.07265748290752526,0.7981404570676386,0.0639653136744164,0.028345607741503045,-0.09297302858787589,1
0.500153869,2.002,26.075,3.6677,1.000107143,2,0.9385494187383665,0.17276624944410288,0.0607083443691954,0.7707427460618783,0.06984356325352564,0.07396889708004892,-0.14041153368540107,5
0.500153869,2.002,26.075,3.6677,1.000107143,2,0.9385494187383665,0.1236233148141764,0.06976814283058047,0.8125427143706474,0.11121355290990323,0.07277307793207001,-0.11471540942555293,3
0.500153869,2.002,26.075,3.6677,1.000107143,2,0.9385494187383665,0.11081654893001541,0.06263018032768741,0.7814970105770044,0.07246497862972319,0.07085175315325615,-0.057296099294908344,4
0.500121835,10.001,0.48023,3.6857,1.000085,3,0.3774184932371306,0.06729199405293912,0.010201903490815312,0.026650791794527322,0.02683227281784639,0.10697855966165662,-0.03032149193342775,4
0.500121835,10.001,0.48023,3.6857,1.000085,3,0.3774184932371306,0.07330488689243793,0.024384671859734225,-0.008057446538005024,0.0636180088832043,0.0477749271504581,-0.03959354206454009,1
0.500121835,10.001,0.48023,3.6857,1.000085,3,0.3774184932371306,0.07545618479838595,0.02292526380158961,-0.05356858184444718,0.046174415880814196,0.07826062936044764,-0.05167769897030666,3
0.500121835,10.001,0.48023,3.6857,1.000085,3,0.3774184932371306,0.045799018337856975,0.011302074997220189,-0.00294195297639817,0.002487007388845086,0.09895443075336516,-0.04697392304427922,2
0.500121835,10.001,0.48023,3.6857,1.000085,3,0.3774184932371306,0.12882319664233363,0.012645205385051667,-0.00588308647973463,-0.004418699803645723,0.09348807621980086,-0.0706777202617377,5
0.500033333,10.001,10.639,3.7095,0.206889655,1,1.239110099224633,0.10487844201736152,0.014998265078756958,0.5210156955220736,0.1646181866247207,0.1233506524085533,0.027921025678515433,4
0.500033333,10.003,-9.7052,3.6809,0.0,1,-0.5557346588800278,0.0697409328536014,-0.007061078051337972,-0.37053769787074997,0.017231950617861,-0.21123936341900845,0.005604630024172366,3
0.500033333,10.003,-9.7052,3.6809,0.0,1,-0.5557346588800278,0.019362457905954214,0.00013145200005965308,-0.4457832237100229,0.04460415042936802,-0.24095025424845518,0.006700909913051873,1
0.500033333,30.001,25.414,3.7169,0.214296429,1,1.3378451243333656,0.13259400288341566,-0.03671040262561291,0.8010754991066642,0.14969586588907988,0.13067703736829572,0.027096810094080867,4
0.500033333,10.001,10.639,3.7095,0.206889655,1,1.239110099224633,0.20213483457220718,0.01708990614162758,0.6234428153978661,0.09773419691133313,0.1000196050433442,0.02601148108486086,2
0.500033333,30.001,25.414,3.7169,0.214296429,1,1.3378451243333656,0.15515980269527063,-0.04370884402655065,0.8188892462244257,0.09814743619412183,0.12707283013965934,0.026663810489699246,2
0.500033333,30.001,25.414,3.7169,0.214296429,1,1.3378451243333656,0.19556070657912641,-0.023838192363036796,0.7973499436082784,0.08505686763208359,0.10851002892944962,0.03361719651147723,5
0.500033333,10.001,10.639,3.7095,0.206889655,1,1.239110099224633,0.19433234679629094,0.014511081201490014,0.5874887358490377,0.08072981655132025,0.09043872732436284,0.030911711445078253,5
0.500033333,10.003,-9.7052,3.6809,0.0,1,-0.5557346588800278,0.03285733856726438,-0.011297564629931003,-0.45017072058981283,-0.006225288257701323,-0.21749062903225422,0.003764788405969739,2
0.500033333,10.001,10.639,3.7095,0.206889655,1,1.239110099224633,0.17499735482706455,0.023922212725738065,0.6207206834643147,0.13919785471633075,0.1073055567900883,0.03130370040424168,3
0.500033333,10.003,-9.7052,3.6809,0.0,1,-0.5557346588800278,0.06995741012040525,-0.000779572328319773,-0.4450761786149815,0.006876414534635842,-0.2347234633937478,0.006290600625798106,5
0.500033333,30.001,25.414,3.7169,0.214296429,1,1.3378451243333656,0.14882294109294888,-0.0026579495635814963,0.8352656700985972,0.1814632217725739,0.10329620540491305,0.03315502161160112,3
0.500033333,30.001,25.414,3.7169,0.214296429,1,1.3378451243333656,0.12259908509906381,-0.028367934451380278,0.8190384253719821,0.13314015220850706,0.09507553231436759,0.022708664699457586,1
0.500033333,10.003,-9.7052,3.6809,0.0,1,-0.5557346588800278,-0.013690250953659415,-0.001962675446411595,-0.5160786875605118,0.026110885054804384,-0.24077797937206924,0.01037485261913389,4
0.500033333,10.001,10.639,3.7095,0.206889655,1,1.239110099224633,0.15580707264278318,0.025552904055803082,0.6372224388807081,0.1466530823823996,0.10192733506672084,0.02327447638846934,1
0.500026667,2.002,0.99486,3.6698,0.206882759,1,0.679444134168093,0.09522236752003664,0.06015506529278355,0.29152727478649465,0.044213246712461116,0.09578514365828596,0.018386322273872793,1
0.500026667,2.002,0.99486,3.6698,0.206882759,1,0.679444134168093,0.13380726858245906,0.06423147136345506,0.2563238800002728,0.04454168098047376,0.10038664627994877,0.024859995990991594,3
0.500026667,2.002,0.99486,3.6698,0.206882759,1,0.679444134168093,0.12316697858157567,0.056844246990513055,0.24418609173037112,0.021048859846778213,0.08242160944268108,0.028676459630951286,5
0.500026667,2.002,0.99486,3.6698,0.206882759,1,0.679444134168093,0.10351338669424877,0.07064126908313483,0.18031320488487837,0.006994013893418014,0.09900438645854592,0.015369924963451922,2
0.500026667,2.002,0.99486,3.6698,0.206882759,1,0.679444134168093,0.07498013471253216,0.056864909033756704,0.18593503289623187,0.0028079158438777084,0.12214210614503827,0.010563281131908298,4
0.50002,2.002,11.183,3.6886,0.206893103,1,1.3520538118596153,0.11715215749107301,0.06156391338212416,0.5908041169005446,0.1000906225387007,0.11787359927257057,0.02108271434903145,4
0.50002,2.002,26.045,3.7073,0.206896552,1,1.47069216546779,0.13781261950003681,0.06976814283058047,0.8778571794519666,0.1384789165528491,0.10129061576328241,0.03300860684365034,3
0.50002,2.002,11.183,3.6886,0.206893103,1,1.3520538118596153,0.1727049033890944,0.05774750415002927,0.5873055077157915,0.08196287558879703,0.08890552773373202,0.030911711445078253,5
0.50002,2.002,26.045,3.7073,0.206896552,1,1.47069216546779,0.10791443616850302,0.06263018032768741,0.8606396341254003,0.10101887334138154,0.1171986403799383,0.020552544849924744,4
0.50002,2.002,11.183,3.6886,0.206893103,1,1.3520538118596153,0.1644243177093449,0.0652284202876035,0.6395003341161646,0.11460975009016693,0.10647254831448663,0.02932511765509844,3
0.50002,2.002,11.183,3.6886,0.206893103,1,1.3520538118596153,0.14935783323133364,0.06623135648143944,0.6538608296983875,0.1458885212522,0.09947104806895368,0.02327447638846934,1
0.50002,2.002,26.045,3.7073,0.206896552,1,1.47069216546779,0.14129818189074286,0.09051188577432186,0.8969176524179057,0.11852506074588746,0.09887712866999208,0.026894720806740224,2
0.50002,2.002,11.183,3.6886,0.206893103,1,1.3520538118596153,0.20602808362571523,0.08156136995647102,0.6454855834878981,0.09023446192848496,0.10050144081935286,0.02601148108486086,2
0.50002,2.002,26.045,3.7073,0.206896552,1,1.47069216546779,0.11311580541776493,0.07296933405043092,0.8457739314902574,0.11103030552156269,0.09946427847607993,0.022708664699457586,1
0.50002,2.002,26.045,3.7073,0.206896552,1,1.47069216546779,0.17043437690357677,0.061670963026117534,0.859566129433224,0.09835862857755273,0.08554429820273071,0.033903934005647895,5
0.50001,2.002,-9.2545,3.6829,0.0,1,-0.3878264948910465,0.011236735546553973,0.05916637784597697,-0.30396124383434653,0.07845200205221772,-0.25252615231118397,0.0075910846854094416,1
0.50001,2.002,-9.2545,3.6829,0.0,1,-0.3878264948910465,0.04697894838056527,0.04333543778746389,-0.33490466959308834,0.011131926155649126,-0.231532619073987,0.007867656759917735,5
0.50001,2.002,-9.2545,3.6829,0.0,1,-0.3878264948910465,-0.013454648582264781,0.05192371964571066,-0.3584960076154675,0.028729926268570124,-0.24759668407845312,0.01037485261913389,4
0.50001,2.002,-9.2545,3.6829,0.0,1,-0.3878264948910465,0.028871292294643355,0.05428171044099145,-0.33371572030941027,0.018510152087546885,-0.19749781890481244,0.005604630024172366,3
0.50001,2.002,-9.2545,3.6829,0.0,1,-0.3878264948910465,0.037535716886632146,0.06950308865401894,-0.3426914082397707,0.011201846160693094,-0.211240163333714,0.0055829266924411055,2
0.500000111,10.003,-7.096,3.618,0.0,2,-0.5380266806005655,0.06496942912839586,0.000491263719741255,-0.23719076274661346,-0.08462945693405345,-0.21848121871356851,-0.009381307857111096,1
0.500000111,10.003,-7.096,3.618,0.0,2,-0.5380266806005655,0.06172143976669758,-0.0028712998365517705,-0.2469879690313246,-0.15640344105660917,-0.2183269470720552,-0.02156971658580005,4
0.500000111,10.003,-7.096,3.618,0.0,2,-0.5380266806005655,0.07046446625143289,0.003260363385779783,-0.22036309597548098,-0.08203121314756573,-0.1948544548614882,0.0007774825859814882,5
0.500000111,10.003,-7.096,3.618,0.0,2,-0.5380266806005655,0.05710902915103361,-0.00814522020984441,-0.24825342280091717,-0.1294247475313023,-0.19774271835165563,-0.03269237741129473,3
0.500000111,10.003,-7.096,3.618,0.0,2,-0.5380266806005655,0.040274704720359294,-0.00921415810007602,-0.18491013681748883,-0.052874439604347574,-0.20261588911525905,0.0017389624752104282,2
0.500000097,10.002,-17.313,3.6251,0.0,2,-1.1416447314875557,0.047783041800139474,-0.00013348919805139303,-0.6979887418122962,-0.03494533496443182,-0.21381468717241658,-0.02156971658580005,4
0.500000097,10.002,-17.313,3.6251,0.0,2,-1.1416447314875557,0.0491402894584462,-0.004846493352088146,-0.6965690803225152,-0.05008872448350303,-0.2138677166495472,0.0017389624752104282,2
0.500000097,10.002,-17.313,3.6251,0.0,2,-1.1416447314875557,0.052271298548730555,0.0023435667157173158,-0.7102172637288459,-0.07409291049698367,-0.21047629253123887,-0.009381307857111096,1
0.500000097,10.002,-17.313,3.6251,0.0,2,-1.1416447314875557,0.07290062000975013,0.0019137524906545878,-0.6909601169871167,-0.11336645021685399,-0.20316538845770993,-0.03269237741129473,3
0.500000097,10.002,-17.313,3.6251,0.0,2,-1.1416447314875557,0.0800649048667401,-0.003478259384864941,-0.7000858614733443,-0.061192897325381634,-0.19295199937885626,-0.00461590139195323,5
0.500000026,30.002,27.745,3.7168,0.0,2,0.7552346988407532,0.11081767653493443,-0.02279971089767059,0.8128456611372531,0.1327944553666748,-0.20572266374598258,-0.07600831168936566,1
0.500000026,30.002,27.745,3.7168,0.0,2,0.7552346988407532,0.1227544694172684,-0.03145213863812387,0.8446765048138332,0.10088479751255364,-0.193409556322149,-0.10158680684864521,4
0.500000026,30.002,27.745,3.7168,0.0,2,0.7552346988407532,0.14928362601902337,-0.020083345606690273,0.8186016570276116,0.09893226923188195,-0.14477868049172685,-0.10475846473127604,5
0.500000026,30.002,27.745,3.7168,0.0,2,0.7552346988407532,0.09365890165092423,-0.02958795436890796,0.8325084096437786,0.1639371688256506,-0.15822100580087864,-0.10155300529440865,3
0.500000026,30.002,27.745,3.7168,0.0,2,0.7552346988407532,0.10245226759347133,-0.04262474636081606,0.8268534129159525,0.11003693266422487,-0.16654769093496724,-0.08817951596342027,2
0.5,10.002,1.1233,3.7012,0.206889655,1,0.618812956747633,0.12766478093340994,0.011725655707996338,0.2324335991195403,0.041476032086648046,0.0833959059161134,0.028676459630951286,5
0.5,30.003,10.495,3.7095,0.206893103,1,0.7285743700152432,0.1393712987541221,-0.05835235916631063,0.515400973749347,0.0761397431138903,0.08893755911383777,0.02327447638846934,1
0.5,10.002,1.1233,3.7012,0.206889655,1,0.618812956747633,0.10720144819148118,0.02225559159211116,0.29049795381026344,0.11261118225054816,0.10539529714733362,0.01927649704623036,1
0.5,10.002,1.1233,3.7012,0.206889655,1,0.618812956747633,0.09031144571490586,0.009283604363445193,0.2850099519104697,0.07051371227702476,0.12122191289323382,0.02137676043435931,4
0.5,10.003,25.336,3.7148,0.206886207,1,1.4141644793368364,0.11378632245818153,0.015048875657375902,0.8307876900606789,0.16915415079332888,0.11627844712813384,0.027096810094080867,4
0.5,10.002,40.24,3.7225,0.206896552,1,1.467621525727343,0.16409191419370472,0.016552371743600816,0.9184521687740925,0.09442960977787151,0.08554429820273071,0.033903934005647895,5
0.5,10.002,1.1233,3.7012,0.206889655,1,0.618812956747633,0.07505087166791782,0.001282766975928098,0.1724115021713078,0.01987513014115393,0.10386268163099885,0.012767087039537727,2
0.5,10.002,40.24,3.7225,0.206896552,1,1.467621525727343,0.1228133076778613,0.028622284461162054,0.877164766001515,0.12553698185132817,0.10120512778870762,0.022708664699457586,1
0.5,30.003,10.495,3.7095,0.206893103,1,0.7285743700152432,0.12113244782405673,-0.052904036194086075,0.5800112072227057,0.1350994577095844,0.095641520198551,0.03130370040424168,3
0.5,10.003,25.336,3.7148,0.206886207,1,1.4141644793368364,0.1477196452044882,0.012831163089722396,0.8666843851283192,0.12569457942154258,0.10229564889334142,0.02625692871399224,2
0.5,10.002,40.24,3.7225,0.206896552,1,1.467621525727343,0.10152531048719539,0.016863015338312835,0.9292482559580821,0.13983802169561385,0.10089143346180209,0.03300860684365034,3
0.5,30.003,10.495,3.7095,0.206893103,1,0.7285743700152432,0.09645411022473127,-0.05269410953391343,0.5123876233003102,0.1425553031032905,0.10868129806942306,0.027921025678515433,4
0.5,10.002,1.1233,3.7012,0.206889655,1,0.618812956747633,0.09507972602004884,0.013344879588112235,0.2780823522072751,0.09856041342485695,0.0954955926182447,0.03170608884654939,3
0.5,10.003,25.336,3.7148,0.206886207,1,1.4141644793368364,0.1718663915153593,0.01700295919785276,0.824318297454156,0.10221108488272876,0.08558778834994882,0.03361719651147723,5
0.5,10.002,40.24,3.7225,0.206896552,1,1.467621525727343,0.09089500739588402,0.015048875657375902,0.9073126825527288,0.15320848987437785,0.11510353873367421,0.02675220442470163,4
0.5,30.002,40.748,3.7228,0.214296429,1,1.3937028527027675,0.1013842705625575,-0.03671040262561291,0.8773543845978565,0.1337502046348527,0.1282223725237418,0.02675220442470163,4
0.5,30.003,10.495,3.7095,0.206893103,1,0.7285743700152432,0.1659000847255811,-0.047731982971308755,0.49078069475246594,0.032486717742867766,0.06823064561234787,0.03062497395090759,5
0.5,30.002,40.748,3.7228,0.214296429,1,1.3937028527027675,0.1270662786497269,-0.04370884402655065,0.9174893292225897,0.09680654037278145,0.12665697475429624,0.026071381047368048,2
0.5,30.002,40.748,3.7228,0.214296429,1,1.3937028527027675,0.1064661351122777,-0.028675121103879063,0.9079621921491343,0.1661327159870416,0.09997157921665348,0.03300860684365034,3
0.5,30.003,10.495,3.7095,0.206893103,1,0.7285743700152432,0.14732306036399678,-0.05161354568088427,0.4549525978998281,0.015522455995669588,0.09177106104325503,0.018966324045322835,2
0.5,10.002,40.24,3.7225,0.206896552,1,1.467621525727343,0.12834007427212782,0.012831163089722396,0.957106682122685,0.12137256608344614,0.10386720507405699,0.026122038047760726,2
0.5,30.002,40.748,3.7228,0.214296429,1,1.3937028527027675,0.12070217947009951,-0.028489609007665423,0.8641834442038089,0.12647266627289355,0.0974696817016229,0.022708664699457586,1
0.5,10.003,25.336,3.7148,0.206886207,1,1.4141644793368364,0.12887922705587698,0.013078814798500388,0.8256930031138472,0.15691485163755714,0.10074653851916082,0.03315502161160112,3
0.5,10.003,25.336,3.7148,0.206886207,1,1.4141644793368364,0.13114035617240005,0.019470413391827604,0.8256406836630776,0.13220446778694167,0.10003928562626242,0.022708664699457586,1
0.5,30.002,40.748,3.7228,0.214296429,1,1.3937028527027675,0.1680562239419669,-0.032106558521045374,0.8855530825874303,0.07903977684909477,0.10542864742688834,0.03361719651147723,5
0.499996667,2.002,39.937,3.7134,0.206896552,1,1.5170309106418067,0.11302058186614886,0.07296933405043092,0.8805255107954144,0.12477242072112858,0.0992416475561913,0.022708664699457586,1
0.499996667,2.002,39.937,3.7134,0.206896552,1,1.5170309106418067,0.1610481485433411,0.061670963026117534,0.9210160838312004,0.0956626688153483,0.08554429820273071,0.033903934005647895,5
0.499996667,2.002,39.937,3.7134,0.206896552,1,1.5170309106418067,0.10152531048719539,0.06976814283058047,0.9359924757725093,0.1396203051880002,0.10033077200059778,0.03300860684365034,3
0.499996667,2.002,39.937,3.7134,0.206896552,1,1.5170309106418067,0.09269281062646768,0.06263018032768741,0.9057677895133384,0.15444144835695625,0.1152187343913829,0.02675220442470163,4
0.499996667,2.002,39.937,3.7134,0.206896552,1,1.5170309106418067,0.13179365882766433,0.09051188577432186,0.9659792861714959,0.11408766330219805,0.09846127328462899,0.026437182030640542,2
0.499982648,10.002,0.56926,3.7414,0.0,3,0.389281625928012,0.08690109873423353,-0.001962675446411595,0.07230070267920383,0.08540643644053489,-0.24344174346653744,-0.048081187317147854,4
0.499982648,10.002,0.56926,3.7414,0.0,3,0.389281625928012,0.07573852999368683,0.002098979799775407,-0.02469067056081258,0.1276726376626175,-0.18371045451727697,-0.02165832431288436,3
0.499982648,10.002,0.56926,3.7414,0.0,3,0.389281625928012,0.07403722055954859,-0.009453762187622488,0.03413248236989602,0.07015775168430992,-0.1815029546036385,-0.02298038057051599,2
0.499982648,10.002,0.56926,3.7414,0.0,3,0.389281625928012,0.07708015822950984,0.002673846225079615,0.003499277578666806,0.12049017996992915,-0.24787582383607515,-0.02147901608143002,1
0.499982648,10.002,0.56926,3.7414,0.0,3,0.389281625928012,0.12844349735882132,-0.006698653112398461,0.08578028534073383,0.04504218643996864,-0.17201953008305282,-0.05163208923302591,5
0.499980717,10.001,12.785,3.6281,0.523727619,2,0.5619498698391306,0.17895052785635926,0.017512757792137564,0.5975293636601419,-0.03498193078441545,0.08603901594877243,-0.11070170088671148,5
0.499980717,10.001,12.785,3.6281,0.523727619,2,0.5619498698391306,0.12260594962630421,0.014998265078756958,0.5390580463665537,0.0435085447691381,0.0834110347146634,-0.06132423742674291,4
0.499980717,10.001,12.785,3.6281,0.523727619,2,0.5619498698391306,0.17068255654070527,0.031477789364289493,0.5969149710563942,-0.053970794703345745,0.08197749966755509,-0.08050499602570199,1
0.499980717,10.001,12.785,3.6281,0.523727619,2,0.5619498698391306,0.12168794262455776,0.029621177195804194,0.5893789467727766,0.014827354997396468,0.10383110626891721,-0.10766740876948461,3
0.499980717,10.001,12.785,3.6281,0.523727619,2,0.5619498698391306,0.15414246029686182,0.01778154163621366,0.5394629657175392,0.002877129864646122,0.1131753908842802,-0.09524996012449265,2
0.49998,2.003,-18.287,3.6651,0.0,1,-0.9087744843112244,0.03561447958112694,0.04156846480909735,-0.73819504275918,0.01621441260445863,-0.21891894515021704,0.008805305785499514,4
0.49998,2.003,-18.287,3.6651,0.0,1,-0.9087744843112244,0.04975518986873794,0.05379603206005413,-0.7622435270738788,-0.012647738578962162,-0.21752658364363014,0.0035684049036353825,2
0.49998,2.003,-18.287,3.6651,0.0,1,-0.9087744843112244,0.04024402288836427,0.03262890319223516,-0.7698058488452807,0.010297924128826708,-0.21550148451700807,0.006854619923979044,5
0.49998,2.003,-18.287,3.6651,0.0,1,-0.9087744843112244,0.05633931074262364,0.04168408501544036,-0.7536891685752198,0.01203523134579882,-0.208022756036371,0.005604630024172366,3
0.49998,2.003,-18.287,3.6651,0.0,1,-0.9087744843112244,0.03184444356855238,0.050663112215988806,-0.7692002987046727,0.014619642081670462,-0.22343486025492892,0.006700909913051873,1
0.499979419,10.001,2.778,3.6384,0.0,2,0.3193438816415678,0.1316858570012846,0.007211439422389958,0.2858886397560127,-0.0081361997500062,-0.19464663190461579,-0.06133393154945224,1
0.499979419,10.001,2.778,3.6384,0.0,2,0.3193438816415678,0.10511119626811706,0.0002699458284769207,0.254877605746733,0.03306109712910257,-0.2241656112432247,-0.05526877070311457,4
0.499979419,10.001,2.778,3.6384,0.0,2,0.3193438816415678,0.08877175359637476,-0.004565580032067374,0.20446759259793906,-0.026407294154632836,-0.153276213305071,-0.052933224225416776,5
0.499979419,10.001,2.778,3.6384,0.0,2,0.3193438816415678,0.10943753915373236,0.003407275048084557,0.24872288730926811,-0.018502653158502653,-0.2007486762967892,-0.03919114013202488,2
0.499979419,10.001,2.778,3.6384,0.0,2,0.3193438816415678,0.109320190444123,0.011642003388842567,0.241690755673917,-0.022981596650788562,-0.17981676520372275,-0.105519796886947,3
0.499966667,30.003,-7.7667,3.6916,0.107142857,1,-0.12735250018095745,-0.01803808653028682,-0.028744517755694688,-0.22882723684655504,-0.0016654738853685558,0.024043938980903477,0.011161386067979038,4
0.499966667,30.003,-7.2131,3.6842,0.206903448,1,-0.15071727711508512,0.002458955473266542,-0.04613730363082141,-0.2158650334388949,0.030237281501758844,0.12354837148217485,0.011161386067979038,4
0.499966667,30.003,-7.7667,3.6916,0.107142857,1,-0.12735250018095745,-0.040779759418219326,-0.02943637828575447,-0.23591687122592703,-0.026257814712589606,0.012650969503447414,0.0034969214256852866,2
0.499966667,30.003,-7.2131,3.6842,0.206903448,1,-0.15071727711508512,-0.03878582776524127,-0.0460340689192526,-0.24042331853706855,-0.024118654211051763,0.10768806400708854,0.007574148066341877,2
0.499966667,30.003,-7.7667,3.6916,0.107142857,1,-0.12735250018095745,-0.01803808653028682,-0.028744517755694688,-0.22882723684655504,-0.0016654738853685558,0.024043938980903477,0.011161386067979038,4
0.499966667,30.003,-7.2131,3.6842,0.206903448,1,-0.15071727711508512,0.002458955473266542,-0.04613730363082141,-0.2158650334388949,0.030237281501758844,0.12354837148217485,0.011161386067979038,4
0.499966667,30.004,-7.113,3.7292,0.200003333,1,-0.10867742757769426,-0.017995393257879185,-0.05116342871158849,-0.2503268233896233,0.043128500869497655,0.026969120816211216,0.010865709916688502,3
0.499966667,30.004,-7.113,3.7292,0.200003333,1,-0.10867742757769426,-0.017995393257879185,-0.05116342871158849,-0.2503268233896233,0.043128500869497655,0.026969120816211216,0.010865709916688502,3
0.499966667,30.003,-7.7667,3.6916,0.107142857,1,-0.12735250018095745,-0.040779759418219326,-0.02943637828575447,-0.23591687122592703,-0.026257814712589606,0.012650969503447414,0.0034969214256852866,2
0.499966667,30.003,-7.7667,3.6916,0.107142857,1,-0.12735250018095745,-0.017247521658719053,-0.04590527180291246,-0.239421889570076,0.03598167405463755,0.01833632643043529,0.00973436972592026,3
0.499966667,30.004,-7.113,3.7292,0.200003333,1,-0.10867742757769426,-0.015507612398359925,-0.0315377634530887,-0.24662073459243403,0.03552598968381062,0.023685830554459244,0.012897619702853262,4
0.499966667,30.003,-7.2131,3.6842,0.206903448,1,-0.15071727711508512,-0.024182595983438658,-0.04552397492981981,-0.24812648170860485,0.027661851458251476,0.09590145443740766,0.012931541823782026,3
0.499966667,30.003,-7.7667,3.6916,0.107142857,1,-0.12735250018095745,-0.017247521658719053,-0.04590527180291246,-0.239421889570076,0.03598167405463755,0.01833632643043529,0.00973436972592026,3
0.499966667,30.004,-7.113,3.7292,0.200003333,1,-0.10867742757769426,-0.040779759418219326,-0.03074668524088338,-0.22702691819751636,0.0136908365751151,0.012432585004717112,0.0034969214256852866,2
0.499966667,30.003,-7.2131,3.6842,0.206903448,1,-0.15071727711508512,-0.024182595983438658,-0.04552397492981981,-0.24812648170860485,0.027661851458251476,0.09590145443740766,0.012931541823782026,3
0.499966667,30.003,-7.2131,3.6842,0.206903448,1,-0.15071727711508512,-0.01948450717376545,-0.056717851172143126,-0.24407626683590933,0.05528079583775252,0.09344747667666525,0.01123209546902217,1
0.499966667,30.004,-7.113,3.7292,0.200003333,1,-0.10867742757769426,-0.015507612398359925,-0.0315377634530887,-0.24662073459243403,0.03552598968381062,0.023685830554459244,0.012897619702853262,4
0.499966667,30.003,-7.7667,3.6916,0.107142857,1,-0.12735250018095745,-0.006074714413844049,-0.034348623687401415,-0.2432199296914041,0.022308110031299292,0.025285021238960325,0.00856198717840016,5
0.499966667,30.003,-7.2131,3.6842,0.206903448,1,-0.15071727711508512,-0.03878582776524127,-0.0460340689192526,-0.24042331853706855,-0.024118654211051763,0.10768806400708854,0.007574148066341877,2
0.499966667,30.003,-7.2131,3.6842,0.206903448,1,-0.15071727711508512,-0.0029692506324499844,-0.04660421030828729,-0.242983026758302,0.00870208722888492,0.08784510702826083,0.012497821673750877,5
0.499966667,30.003,-7.2131,3.6842,0.206903448,1,-0.15071727711508512,-0.0029692506324499844,-0.04660421030828729,-0.242983026758302,0.00870208722888492,0.08784510702826083,0.012497821673750877,5
0.499966667,30.003,-7.7667,3.6916,0.107142857,1,-0.12735250018095745,-0.009730806591396685,-0.05585753910563653,-0.24407626683590933,0.052773841372691095,0.08534041804727167,0.01123209546902217,1
0.499966667,30.004,-7.113,3.7292,0.200003333,1,-0.10867742757769426,-0.009730806591396685,-0.05585753910563653,-0.25336225487757474,0.0699500483367592,0.08385234534507617,0.01123209546902217,1
0.499966667,30.003,-7.7667,3.6916,0.107142857,1,-0.12735250018095745,-0.006074714413844049,-0.034348623687401415,-0.2432199296914041,0.022308110031299292,0.025285021238960325,0.00856198717840016,5
0.499966667,30.004,-7.113,3.7292,0.200003333,1,-0.10867742757769426,-0.040779759418219326,-0.03074668524088338,-0.22702691819751636,0.0136908365751151,0.012432585004717112,0.0034969214256852866,2
0.499966667,30.003,-7.2131,3.6842,0.206903448,1,-0.15071727711508512,-0.01948450717376545,-0.056717851172143126,-0.24407626683590933,0.05528079583775252,0.09344747667666525,0.01123209546902217,1
0.499966667,30.004,-7.113,3.7292,0.200003333,1,-0.10867742757769426,-0.007701760861091316,-0.034348623687401415,-0.21812115526758136,0.0214800160768209,0.02333242028253153,0.01015156994573772,5
0.499966667,30.004,-7.113,3.7292,0.200003333,1,-0.10867742757769426,-0.007701760861091316,-0.034348623687401415,-0.21812115526758136,0.0214800160768209,0.02333242028253153,0.01015156994573772,5
0.499966667,30.004,-7.113,3.7292,0.200003333,1,-0.10867742757769426,-0.009730806591396685,-0.05585753910563653,-0.25336225487757474,0.0699500483367592,0.08385234534507617,0.01123209546902217,1
0.499966667,30.003,-7.7667,3.6916,0.107142857,1,-0.12735250018095745,-0.009730806591396685,-0.05585753910563653,-0.24407626683590933,0.052773841372691095,0.08534041804727167,0.01123209546902217,1
0.499933333,2.003,-8.5441,3.634,0.20692069,1,-0.12372356230588379,-0.07260879708919674,0.06174362135265255,-0.28418082535732536,-0.07193695975001901,0.10290298689040356,0.009417814400512725,1
0.499933333,30.002,-16.812,3.7152,0.20001,1,-0.6159750276062492,-0.002287013102613855,-0.0151354350958718,-0.7205523402895778,0.022565966886468232,0.020441155750595498,0.010865709916688502,3
0.499933333,10.003,-8.5883,3.6679,0.2069,1,-0.12070875237889966,-0.09096695326268672,0.009186247123870998,-0.299972916028928,0.03715527000604198,0.12710632893489673,0.009591839234344661,4
0.499933333,30.003,-16.706,3.6468,0.206893103,1,-0.666249774629384,0.00017530625686049462,-0.04166640417126473,-0.6945618600159651,-0.06052319226553664,0.0780927980481647,0.006838649697601795,2
0.499933333,10.003,-8.5883,3.6679,0.2069,1,-0.12070875237889966,-0.04175171584356576,0.001282766975928098,-0.28712426012323705,-0.007623541140928864,0.10987227453151718,0.007624805066734552,2
0.499933333,30.002,-16.812,3.7152,0.20001,1,-0.6159750276062492,0.002367066079750657,-0.01915342847292777,-0.7115435079147574,-0.02671383963082917,-0.01341713496716693,0.0034969214256852866,2
0.499933333,10.002,-16.121,3.6272,0.2069,1,-0.6197156251082482,0.0023327687007258647,0.01614694907446392,-0.697236828217283,-0.12842042451258748,0.09335844979708781,0.013659317763522267,3
0.499933333,10.003,-8.5883,3.6679,0.2069,1,-0.12070875237889966,-0.06528609136148589,0.005483195595443249,-0.34163890855619683,-0.008557919894810766,0.10311208346363855,0.012931541823782026,3
0.499933333,10.003,-8.5883,3.6679,0.2069,1,-0.12070875237889966,-0.08996054867748171,0.012176243162248284,-0.32184744531754406,-0.016304706983501092,0.09328694278141483,0.012497821673750877,5
0.499933333,30.002,-16.812,3.7152,0.20001,1,-0.6159750276062492,-0.052275088112801314,-0.023156312122009696,-0.7307663144147954,0.0258041525981389,0.009827358990442008,0.012897619702853262,4
0.499933333,2.003,-8.5441,3.634,0.20692069,1,-0.12372356230588379,-0.0553008745610714,0.057400373842101546,-0.29991889248369263,-0.04479811635101214,0.12622271924628875,0.009749544714577497,4
0.499933333,10.002,-16.121,3.6272,0.2069,1,-0.6197156251082482,-0.029679655297659337,0.013287494226824492,-0.6753289532801137,-0.09681494968594052,0.06740054410649464,0.010640933588147163,5
0.499933333,30.004,-16.644,3.6621,0.107142857,1,-0.6326123120181251,-0.059934360533952714,-0.030403662757016718,-0.6845118880621157,-0.021154281797353177,0.008230449582915753,0.009591839234344661,4
0.499933333,30.004,-16.644,3.6621,0.107142857,1,-0.6326123120181251,-0.005565244090103078,-0.045325921072508206,-0.697221898753196,-0.027137221819721162,0.016043122248665897,0.00973436972592026,3
0.499933333,10.002,-16.121,3.6272,0.2069,1,-0.6197156251082482,-0.019541395048145206,0.019820586793357506,-0.7049491570144891,-0.09160083770984784,0.10236237554810941,0.009417814400512725,1
0.499933333,10.003,-8.5883,3.6679,0.2069,1,-0.12070875237889966,-0.08014936025021598,0.017608472077699843,-0.2806127193919383,0.029773340518586336,0.10877652944531292,0.010102605700958521,1
0.499933333,30.003,-16.706,3.6468,0.206893103,1,-0.666249774629384,-0.049205092845950274,-0.04500320293474942,-0.6911127224355005,0.0030887746042571962,0.08207544848090037,0.009591839234344661,4
0.499933333,30.003,-16.706,3.6468,0.206893103,1,-0.666249774629384,-0.002778702099167276,-0.04898104687395971,-0.6994986999221147,-0.0820976467046421,0.07926775222731522,0.014629569821991026,3
0.499933333,2.003,-8.5441,3.634,0.20692069,1,-0.12372356230588379,-0.061553059332363776,0.06110042225569487,-0.33754669070011006,-0.08061694415053353,0.10755260045843898,0.014629569821991026,3
0.499933333,30.004,-16.644,3.6621,0.107142857,1,-0.6326123120181251,-0.00013764605857431887,-0.026379020492895505,-0.6954130479268497,-0.06909054742311127,-0.006200041987467557,0.0019399384129792452,2
0.499933333,30.004,-16.644,3.6621,0.107142857,1,-0.6326123120181251,-0.05472272003855323,-0.03521024809771916,-0.7044059777748771,-0.06605303953867406,0.05378378365188837,0.009417814400512725,1
0.499933333,30.003,-16.706,3.6468,0.206893103,1,-0.666249774629384,-0.03687337559415028,-0.04209274466702482,-0.7004226982709951,-0.06198088988196105,0.09014995720237494,0.009417814400512725,1
0.499933333,30.004,-16.644,3.6621,0.107142857,1,-0.6326123120181251,-0.059934360533952714,-0.030403662757016718,-0.6845118880621157,-0.021154281797353177,0.008230449582915753,0.009591839234344661,4
0.499933333,30.004,-16.644,3.6621,0.107142857,1,-0.6326123120181251,-0.05472272003855323,-0.03521024809771916,-0.7044059777748771,-0.06605303953867406,0.05378378365188837,0.009417814400512725,1
0.499933333,30.003,-16.706,3.6468,0.206893103,1,-0.666249774629384,-0.002778702099167276,-0.04898104687395971,-0.6994986999221147,-0.0820976467046421,0.07926775222731522,0.014629569821991026,3
0.499933333,30.002,-16.812,3.7152,0.20001,1,-0.6159750276062492,-0.002287013102613855,-0.0151354350958718,-0.7205523402895778,0.022565966886468232,0.020441155750595498,0.010865709916688502,3
0.499933333,30.002,-16.812,3.7152,0.20001,1,-0.6159750276062492,-0.018193691805936395,-0.027630196949467063,-0.7337169430637732,0.008560322390403599,-0.002991331326775253,0.00856198717840016,5
0.499933333,30.002,-16.812,3.7152,0.20001,1,-0.6159750276062492,-0.018193691805936395,-0.027630196949467063,-0.7337169430637732,0.008560322390403599,-0.002991331326775253,0.00856198717840016,5
0.499933333,30.004,-16.644,3.6621,0.107142857,1,-0.6326123120181251,-0.005565244090103078,-0.045325921072508206,-0.697221898753196,-0.027137221819721162,0.016043122248665897,0.00973436972592026,3
0.499933333,2.003,-8.5441,3.634,0.20692069,1,-0.12372356230588379,-0.0870293651393149,0.05709515173686668,-0.31261462973081505,-0.11226101793930866,0.10312855600612238,0.010640933588147163,5
0.499933333,10.002,-16.121,3.6272,0.2069,1,-0.6197156251082482,0.0031009723525494337,0.00589003581146244,-0.6781895164115121,-0.07427439784863964,0.09428340367274358,0.006321766199544072,2
0.499933333,10.002,-16.121,3.6272,0.2069,1,-0.6197156251082482,-0.04248067214852199,0.01032034781994298,-0.6843811624054797,-0.02681625536410138,0.09878496807301416,0.009749544714577497,4
0.499933333,30.002,-16.812,3.7152,0.20001,1,-0.6159750276062492,-0.08004275086190318,-0.02701721528865164,-0.7498876954428851,0.06810912363231182,0.05420213691657409,0.010992780473316088,1
0.499933333,30.003,-16.706,3.6468,0.206893103,1,-0.666249774629384,-0.01924118200317025,-0.04634707650868222,-0.7212146078934893,-0.04367765157832764,0.05047270452603698,0.011955918464809655,5
0.499933333,30.004,-16.644,3.6621,0.107142857,1,-0.6326123120181251,-0.01931133945006877,-0.033037689914926886,-0.7250110423285514,-0.017073345326352865,0.004709181045182049,0.00856198717840016,5
0.499933333,30.002,-16.812,3.7152,0.20001,1,-0.6159750276062492,-0.052275088112801314,-0.023156312122009696,-0.7307663144147954,0.0258041525981389,0.009827358990442008,0.012897619702853262,4
0.499933333,30.003,-16.706,3.6468,0.206893103,1,-0.666249774629384,0.00017530625686049462,-0.04166640417126473,-0.6945618600159651,-0.06052319226553664,0.0780927980481647,0.006838649697601795,2
0.499933333,30.003,-16.706,3.6468,0.206893103,1,-0.666249774629384,-0.049205092845950274,-0.04500320293474942,-0.6911127224355005,0.0030887746042571962,0.08207544848090037,0.009591839234344661,4
0.499933333,30.003,-16.706,3.6468,0.206893103,1,-0.666249774629384,-0.03687337559415028,-0.04209274466702482,-0.7004226982709951,-0.06198088988196105,0.09014995720237494,0.009417814400512725,1
0.499933333,30.002,-16.812,3.7152,0.20001,1,-0.6159750276062492,-0.08004275086190318,-0.02701721528865164,-0.7498876954428851,0.06810912363231182,0.05420213691657409,0.010992780473316088,1
0.499933333,30.003,-16.706,3.6468,0.206893103,1,-0.666249774629384,-0.01924118200317025,-0.04634707650868222,-0.7212146078934893,-0.04367765157832764,0.05047270452603698,0.011955918464809655,5
0.499933333,30.002,-16.812,3.7152,0.20001,1,-0.6159750276062492,0.002367066079750657,-0.01915342847292777,-0.7115435079147574,-0.02671383963082917,-0.01341713496716693,0.0034969214256852866,2
0.499933333,30.004,-16.644,3.6621,0.107142857,1,-0.6326123120181251,-0.00013764605857431887,-0.026379020492895505,-0.6954130479268497,-0.06909054742311127,-0.006200041987467557,0.0019399384129792452,2
0.499933333,30.004,-16.644,3.6621,0.107142857,1,-0.6326123120181251,-0.01931133945006877,-0.033037689914926886,-0.7250110423285514,-0.017073345326352865,0.004709181045182049,0.00856198717840016,5
0.499933333,2.003,-8.5441,3.634,0.20692069,1,-0.12372356230588379,-0.03937043509096839,0.07064126908313483,-0.28237230808415914,-0.03870706548681482,0.12388962845085189,0.007204450680874288,2
0.49992,2.003,-17.901,3.5896,0.206893103,1,-0.7115835831610724,-0.024981358048971742,0.05446269602398388,-0.718704489916563,-0.08237491754582152,0.09787826047162525,0.009199829455465078,1
0.49992,2.003,-17.901,3.5896,0.206893103,1,-0.7115835831610724,0.03331029378779931,0.04871346160187386,-0.7271950511122123,-0.16864916085265577,0.09348122134397271,0.013659317763522267,3
0.49992,2.003,-17.901,3.5896,0.206893103,1,-0.7115835831610724,0.006634069718420506,0.04237594770267606,-0.700593562067952,-0.22287264745449648,0.09176664995844476,0.009549518316052854,4
0.49992,2.003,-17.901,3.5896,0.206893103,1,-0.7115835831610724,-0.0038766170188318937,0.04638861714163795,-0.7121706624422223,-0.12250287375412881,0.07069420090410858,0.010640933588147163,5
0.49992,2.003,-17.901,3.5896,0.206893103,1,-0.7115835831610724,0.026860151488217524,0.04885083114088047,-0.7177197779034031,-0.18145570437656716,0.06593497603433207,0.00735877544619143,2
0.49991,10.001,-18.133,3.6712,0.0,1,-0.9621757008882686,-0.0038008819229435175,0.0030685038201045244,-0.7416872106911615,0.0029513316857628525,-0.21166069814935326,0.006854619923979044,5
0.49991,10.001,-18.133,3.6712,0.0,1,-0.9621757008882686,-0.030297437578847165,0.013275392577343155,-0.7494470990099944,0.027868837697897105,-0.22340284292033175,0.008952398675028235,1
0.49991,10.001,-18.133,3.6712,0.0,1,-0.9621757008882686,0.013232264245161787,0.00088216716889292,-0.7454126555519178,0.028341023591347037,-0.22112601085565983,0.01037485261913389,4
0.49991,10.001,-18.133,3.6712,0.0,1,-0.9621757008882686,0.04528200507862493,0.016088470640243033,-0.7583359900885261,-0.000274458370404318,-0.21340820839162916,0.005125387916341424,2
0.49991,10.001,-18.133,3.6712,0.0,1,-0.9621757008882686,0.03457770150125725,0.011054556098533794,-0.7551351304817945,0.028545272981282323,-0.20739943284424953,0.005604630024172366,3
0.4999,30.002,-16.241,3.708,0.19999,1,-0.612625238798489,-0.09215896005596733,-0.02701721528865164,-0.72151360276388,0.059317995631136,0.05756114164367318,0.010992780473316088,1
0.4999,30.002,-16.241,3.708,0.19999,1,-0.612625238798489,-0.09215896005596733,-0.02701721528865164,-0.72151360276388,0.059317995631136,0.05756114164367318,0.010992780473316088,1
0.4999,30.002,-16.241,3.708,0.19999,1,-0.612625238798489,-0.06319106265902519,-0.02340907064732164,-0.7141872096643783,0.02816170179983601,0.002059438640717417,0.012897619702853262,4
0.4999,30.002,-16.241,3.708,0.19999,1,-0.612625238798489,-0.017857302934862672,-0.027630196949467063,-0.7250546921836212,0.010773526285775006,-0.0036641087802127006,0.00856198717840016,5
0.4999,30.002,-16.241,3.708,0.19999,1,-0.612625238798489,0.002367066079750657,-0.01915342847292777,-0.7081945358624216,-0.03006281129200943,-0.01341713496716693,0.0034969214256852866,2
0.4999,30.002,-16.241,3.708,0.19999,1,-0.612625238798489,-0.06319106265902519,-0.02340907064732164,-0.7141872096643783,0.02816170179983601,0.002059438640717417,0.012897619702853262,4
0.4999,30.002,-16.241,3.708,0.19999,1,-0.612625238798489,-0.003060850613110233,-0.015169197052600794,-0.7205523402895778,0.03556848287116736,0.008246238609135616,0.010865709916688502,3
0.4999,30.002,-16.241,3.708,0.19999,1,-0.612625238798489,-0.003060850613110233,-0.015169197052600794,-0.7205523402895778,0.03556848287116736,0.008246238609135616,0.010865709916688502,3
0.4999,30.002,-16.241,3.708,0.19999,1,-0.612625238798489,0.002367066079750657,-0.01915342847292777,-0.7081945358624216,-0.03006281129200943,-0.01341713496716693,0.0034969214256852866,2
0.4999,30.002,-16.241,3.708,0.19999,1,-0.612625238798489,-0.017857302934862672,-0.027630196949467063,-0.7250546921836212,0.010773526285775006,-0.0036641087802127006,0.00856198717840016,5
0.4998,30.004,1.5074,3.6974,0.2069,1,0.27551543376567256,0.04680096141761169,-0.04734437587438151,0.16969181346241385,-0.004614146784879267,0.08911289915675297,0.012716430039145053,2
0.4998,30.004,1.5074,3.6974,0.2069,1,0.27551543376567256,0.06204373019747436,-0.048833192088641224,0.30210129828890786,0.047298518833558775,0.10538418108480982,0.02137676043435931,4
0.4998,30.004,1.5074,3.6974,0.2069,1,0.27551543376567256,0.07037378199136583,-0.06769424752972554,0.2688017564319307,0.03800955525832251,0.07897120180510683,0.027011026656255127,3
0.4998,30.004,1.5074,3.6974,0.2069,1,0.27551543376567256,0.008804583470337093,-0.04660421030828729,0.22538169734412805,0.025007667732425035,0.0682406760356389,0.02457135231234133,5
0.4998,30.004,1.5074,3.6974,0.2069,1,0.27551543376567256,0.0036875283089466394,-0.04794735619652783,0.3188287824485451,0.11017327678855508,0.09839581950567662,0.021054673929465934,1
0.499466667,30.003,-8.3653,3.6888,0.0,1,-0.6215580089525162,-0.0028988120588473976,-0.029995388155803084,-0.29484765689005143,0.028711721608415244,-0.22547698069829494,0.01037485261913389,4
0.499466667,30.003,-8.3653,3.6888,0.0,1,-0.6215580089525162,-0.005000174008600879,-0.02929149156610947,-0.3404620987153612,0.03699783750111237,-0.1849702607485233,0.005604630024172366,3
0.499466667,30.003,-8.3653,3.6888,0.0,1,-0.6215580089525162,0.01099652802105993,-0.0311998010892421,-0.2944587832922116,0.021695499724010005,-0.20106764108408243,0.0031299501098692416,2
0.499466667,30.003,-8.3653,3.6888,0.0,1,-0.6215580089525162,-0.06677452320087468,-0.028467748070543166,-0.2898311703582294,0.07697715887334197,-0.22395455552497878,0.009842573447385802,1
0.499466667,30.003,-8.3653,3.6888,0.0,1,-0.6215580089525162,-0.04447751753497869,-0.021471612844616173,-0.3173605959489942,0.031068674800917507,-0.1929163569584489,0.005277563789859414,5
0.496966667,30.002,-18.304,3.672,0.0,1,-1.0133716398335375,0.03416552866779966,-0.014992243644664996,-0.7462907860428095,0.029521740616764873,-0.2000386846472975,0.005604630024172366,3
0.496966667,30.002,-18.304,3.672,0.0,1,-1.0133716398335375,0.044826735879760236,-0.0209168512764154,-0.7522377870115452,-0.0030105218465905637,-0.21455723166000099,0.0031299501098692416,2
0.496966667,30.002,-18.304,3.672,0.0,1,-1.0133716398335375,-0.00214171938598156,-0.013094630897976458,-0.7465426358394325,0.007628605228383094,-0.1954015191923827,0.005277563789859414,5
0.496966667,30.002,-18.304,3.672,0.0,1,-1.0133716398335375,-0.03683156774699455,-0.020472539179900197,-0.7450293333246373,0.02560590287670493,-0.20850194201339037,0.008952398675028235,1
0.496966667,30.002,-18.304,3.672,0.0,1,-1.0133716398335375,0.017323943396331743,-0.021099687210517006,-0.7403693955624476,0.024565803003497422,-0.21176941744051875,0.01037485261913389,4
0.450033333,30.003,25.95,3.6738,0.206896552,1,1.29904340397681,0.06634686455596238,-0.054412467003567146,0.8667440093087498,0.061329152383841574,0.07020049482584,0.029798826687037944,5
0.450033333,10.003,-8.7105,3.6406,0.0,1,-0.6594385373869381,-0.0031310442838002927,-0.007098438675748184,-0.35315520346863194,-0.05787185315857642,-0.20291605066857302,0.013415558789856731,3
0.450033333,30.003,25.95,3.6738,0.206896552,1,1.29904340397681,0.08884945058496668,-0.053799663032405076,0.8668285509361886,0.06542192655149848,0.10185385130462236,0.020552544849924744,4
0.450033333,10.003,-8.7105,3.6406,0.0,1,-0.6594385373869381,-0.05397596898605116,-0.001962675446411595,-0.36383515679161066,0.01417424104642123,-0.23865341659402475,0.008805305785499514,4
0.450033333,30.002,10.43,3.664,0.206906897,1,0.5250188701303466,0.07134962015319615,-0.03560484912712127,0.46724898237967866,0.03713974967133254,0.11779229575651698,0.015771235767751933,4
0.450033333,10.002,11.342,3.6645,0.206889655,1,1.0021125410755973,0.11338994485995499,0.01865550712798722,0.6584627589443699,0.07945394652429968,0.10378375342756044,0.02932511765509844,3
0.450033333,10.002,11.342,3.6645,0.206889655,1,1.0021125410755973,0.1494323769933544,0.0038806472718715666,0.5940789264207705,0.0059484230948146435,0.10401950720930472,0.017519185920245945,2
0.450033333,10.002,11.342,3.6645,0.206889655,1,1.0021125410755973,0.06383381562452996,0.02520761996100191,0.6481614404497669,0.11237828996963799,0.10657707894686609,0.020301991815213114,1
0.450033333,30.002,10.43,3.664,0.206906897,1,0.5250188701303466,0.025862241960130632,-0.02542607448878698,0.47393796008080247,0.033908330448903144,0.07916610584361479,0.026806604126468302,5
0.450033333,10.003,-8.7105,3.6406,0.0,1,-0.6594385373869381,-0.05790513182844734,-0.00020943078416166828,-0.31521366737550127,-0.048636134422849864,-0.23124242172110826,0.00826760737458244,1
0.450033333,10.003,-8.7105,3.6406,0.0,1,-0.6594385373869381,-0.05304944922216236,-0.0005286675819661468,-0.349500327357091,-0.0645864958036691,-0.2090897411527112,0.004115476068109274,5
0.450033333,30.002,10.43,3.664,0.206906897,1,0.5250188701303466,0.07846717595326481,-0.03526502613909543,0.39850166377495044,0.021076695651281625,0.09489962806197581,0.026608638213947416,3
0.450033333,30.002,10.43,3.664,0.206906897,1,0.5250188701303466,0.12289058715337887,-0.028483264206442982,0.4123473528790055,-0.04196098914486356,0.11086131707532332,0.013076866804622113,2
0.450033333,30.002,10.43,3.664,0.206906897,1,0.5250188701303466,0.039559617217164486,-0.04736295896320371,0.48107501816237347,0.022109297844581308,0.09673322624061256,0.017003094556275754,1
0.450033333,30.003,25.95,3.6738,0.206896552,1,1.29904340397681,0.090148108061112,-0.05424916956806555,0.8791846880235243,0.10197115794755518,0.0925332704075845,0.028459959421306847,3
0.450033333,10.002,11.342,3.6645,0.206889655,1,1.0021125410755973,0.05600739909335971,0.012628912867512554,0.6604735741950571,0.08313119858969004,0.087382087118458,0.030879720570519565,5
0.450033333,30.003,25.95,3.6738,0.206896552,1,1.29904340397681,0.04635543195297941,-0.056873530848824884,0.8407564688567072,0.08645008092280478,0.09472588998265564,0.01973618012620136,1
0.450033333,30.003,25.95,3.6738,0.206896552,1,1.29904340397681,0.12102260187384672,-0.06683912550099194,0.8731997428042814,0.0699903510743752,0.08978030917933211,0.026071381047368048,2
0.450033333,10.003,-8.7105,3.6406,0.0,1,-0.6594385373869381,0.007230411251075566,-0.011297564629931003,-0.3323682058672421,-0.03841430836240761,-0.2196283093513921,0.0025717512611299754,2
0.450033333,10.002,11.342,3.6645,0.206889655,1,1.0021125410755973,0.09486510214395821,0.013982608711812646,0.5881110927718691,0.05391978000290692,0.11591840808629059,0.01547718968242407,4
0.450026667,2.003,11.243,3.6446,0.206893103,1,1.246005081187273,0.09384944573976099,0.06156391338212416,0.5898728398210369,0.05513431710191071,0.11555884488800075,0.01547718968242407,4
0.450026667,2.003,11.243,3.6446,0.206893103,1,1.246005081187273,0.11181144225149182,0.07092738475766965,0.6571588685666211,0.033912094505503775,0.10367165582894813,0.031023145653307438,3
0.450026667,2.003,11.243,3.6446,0.206893103,1,1.246005081187273,0.05600965460645966,0.06171179939759895,0.6512157262302936,0.06275904332753271,0.08684136690571904,0.029037249623797834,5
0.450026667,2.003,11.243,3.6446,0.206893103,1,1.246005081187273,0.0720350980409421,0.06727965221798513,0.6266686783405021,-0.008222518612165004,0.09519597861799411,0.017003094556275754,1
0.450026667,2.003,11.243,3.6446,0.206893103,1,1.246005081187273,0.15242164430906996,0.08156136995647102,0.6052679737377912,0.007615098286187276,0.09861357541987673,0.02094168486073613,2
0.450016667,2.002,1.9063,3.6256,0.206886207,1,0.42589303632737524,0.09279316036700039,0.06635997490608134,0.2604222147655673,-0.13614920407999306,0.0970190870037186,0.025051950635388495,3
0.450016667,2.002,1.9063,3.6256,0.206886207,1,0.42589303632737524,0.0330985713438713,0.0618750238919165,0.2810334101761691,-0.10486140026245266,0.09807458762428724,0.016865601898171007,1
0.450016667,2.003,-8.341,3.643,0.0,1,-0.519947748450456,-0.06023597194667673,0.057962966480117756,-0.3063544865255244,-0.055531792796682564,-0.22106547090254025,0.00826760737458244,1
0.450016667,2.003,-8.341,3.643,0.0,1,-0.519947748450456,-0.06073503031977452,0.04358634253381752,-0.34034695544745774,-0.03469592900015414,-0.20935599737334998,0.006312716715037823,5
0.450016667,2.002,1.9063,3.6256,0.206886207,1,0.42589303632737524,0.06849013638682663,0.056864909033756704,0.27429746113484726,-0.0497084405181522,0.1177773746981984,0.01636566415429115,4
0.450016667,2.002,1.9063,3.6256,0.206886207,1,0.42589303632737524,0.008579041239572689,0.05709515173686668,0.1824967536702752,-0.14002659311983734,0.08066352645633743,0.017101031453348695,5
0.450016667,2.003,-8.341,3.643,0.0,1,-0.519947748450456,0.010023763752542436,0.06950308865401894,-0.2847944678575732,-0.02633142745238729,-0.21160288281273096,0.004389889547601342,2
0.450016667,2.003,-8.341,3.643,0.0,1,-0.519947748450456,-0.012736467814538627,0.05192371964571066,-0.2776273039763328,0.02109840572811663,-0.23571029377751984,0.008805305785499514,4
0.450016667,2.002,1.9063,3.6256,0.206886207,1,0.42589303632737524,0.06490815276978537,0.0708808731706813,0.23891575181332883,-0.11384507520240732,0.09932340880623088,0.011139705320820212,2
0.450016667,2.003,-8.341,3.643,0.0,1,-0.519947748450456,-0.0011724756567855366,0.05424434981658124,-0.34856192260747776,-0.0543997033208143,-0.19757501271786168,0.013415558789856731,3
0.450006667,2.002,40.542,3.668,0.206893103,1,1.4810206809583841,0.08283549797226442,0.06976814283058047,0.9416751064604614,0.0895695231622085,0.10020338253874797,0.028313544653356074,3
0.450006667,2.002,40.542,3.668,0.206893103,1,1.4810206809583841,0.07445489664911292,0.06263018032768741,0.8967384586366824,0.03837982388213277,0.11370897760090884,0.01460241451393813,4
0.450006667,2.002,40.542,3.668,0.206893103,1,1.4810206809583841,0.12099974923417904,0.09051188577432186,0.992158407913521,0.09195236950647086,0.09562558622797951,0.026437182030640542,2
0.450006667,2.002,40.542,3.668,0.206893103,1,1.4810206809583841,0.043876117069739845,0.07401762978697661,0.910639818366617,0.08809693401446567,0.10549844623892568,0.01973618012620136,1
0.450006667,2.002,40.542,3.668,0.206893103,1,1.4810206809583841,0.054723122277064246,0.061670963026117534,0.9410587822238449,0.08213552992092446,0.0840208575874567,0.03008556418120861,5
0.450003333,2.002,25.323,3.6618,0.206889655,1,1.4338444885824277,0.13025188229745255,0.09051188577432186,0.8725018479535356,0.055196878276765345,0.09604144161334262,0.023789970413781704,2
0.450003333,2.002,25.323,3.6618,0.206889655,1,1.4338444885824277,0.05725453896127874,0.07263865148241166,0.871489813090302,0.012312821566592903,0.09477216621278785,0.01877000543056056,1
0.450003333,2.002,25.323,3.6618,0.206889655,1,1.4338444885824277,0.11057157417264535,0.07318770366255194,0.8376727885496803,0.09379755632486195,0.10068481885653455,0.028459959421306847,3
0.450003333,2.002,25.323,3.6618,0.206889655,1,1.4338444885824277,0.09778637156123296,0.06263018032768741,0.8144285105424933,0.0596702806185931,0.11488388599536847,0.014947020183317363,4
0.450003333,2.002,25.323,3.6618,0.206889655,1,1.4338444885824277,0.06249759930069558,0.061670963026117534,0.8469249109039083,0.08979411723557859,0.08435108519159257,0.03008556418120861,5
0.45,10.002,1.2751,3.6535,0.206889655,1,0.40227702523266573,0.03643355269683525,0.001282766975928098,0.15681861113698686,-0.043525941488333046,0.10197481623152271,0.009984984756447374,2
0.45,10.002,1.2751,3.6535,0.206889655,1,0.40227702523266573,0.05793976224027574,0.009283604363445193,0.26966865616617725,0.01323788067078567,0.11627692262060009,0.015771235767751933,4
0.45,30.003,25.593,3.6729,0.206896552,1,1.1100315704989392,0.1352523865015246,-0.06683912550099194,0.8571279268013313,0.07169749163556843,0.08978030917933211,0.02620627171359956,2
0.45,10.002,1.2751,3.6535,0.206889655,1,0.40227702523266573,0.023349143831583204,0.019443179915251674,0.24669594087870791,-0.04361358840018511,0.10003806785680354,0.01233748413156718,1
0.45,30.003,25.593,3.6729,0.206896552,1,1.1100315704989392,0.04843974669231102,-0.05675185629253974,0.8373297948017716,0.07588991079945118,0.09148423374630511,0.01973618012620136,1
0.45,30.003,40.14,3.6786,0.206886207,1,1.3595350068636132,0.08194624230149201,-0.053799663032405076,0.897873769288417,0.060058709350414574,0.10067894291016273,0.02020793918054551,4
0.45,10.002,1.2751,3.6535,0.206889655,1,0.40227702523266573,0.07874238972290186,0.012556033385917544,0.2653603010729421,-0.01223443927243352,0.10057324879075168,0.02794960386119783,3
0.45,30.003,25.593,3.6729,0.206896552,1,1.1100315704989392,0.10202409772900864,-0.053799663032405076,0.8188174403621815,0.0813491660868749,0.10185385130462236,0.020552544849924744,4
0.45,30.003,40.14,3.6786,0.206886207,1,1.3595350068636132,0.11764237284776755,-0.06683912550099194,0.951945868814364,0.06518509933724999,0.08737704222789035,0.026071381047368048,2
0.45,10.001,39.894,3.6776,0.206896552,1,1.4310529979092943,0.05588471966912038,0.018434540077578276,0.9384948671667371,0.08090247088344768,0.0840208575874567,0.03008556418120861,5
0.45,10.002,25.733,3.6699,0.206889655,1,1.3774005471716677,0.0885440544175799,0.016863015338312835,0.8906013415486086,0.0907034192699939,0.10061914905731101,0.028459959421306847,3
0.45,30.003,40.14,3.6786,0.206886207,1,1.3595350068636132,0.05696063649374992,-0.054412467003567146,0.9281939637067262,0.05863319262163714,0.07020049482584,0.029798826687037944,5
0.45,30.003,25.593,3.6729,0.206896552,1,1.1100315704989392,0.09425735777214868,-0.05424916956806555,0.8609334573813249,0.1161131375003606,0.0925332704075845,0.028459959421306847,3
0.45,30.003,40.14,3.6786,0.206886207,1,1.3595350068636132,0.08443955155991717,-0.05424916956806555,0.9235142331209499,0.10051028433721512,0.09322285937902051,0.028313544653356074,3
0.45,10.001,39.894,3.6776,0.206896552,1,1.4310529979092943,0.08283549797226442,0.03534973538247868,0.9423148780234624,0.08907753744162619,0.10076404399995226,0.028313544653356074,3
0.45,10.002,25.733,3.6699,0.206889655,1,1.3774005471716677,0.06715311598964036,0.016552371743600816,0.8770449127687607,0.08359843064565212,0.0840208575874567,0.03008556418120861,5
0.45,10.001,39.894,3.6776,0.206896552,1,1.4310529979092943,0.12013582374551333,0.024407382435165347,0.9652837647451088,0.08650738812517375,0.09761299779405817,0.026437182030640542,2
0.45,10.002,25.733,3.6699,0.206889655,1,1.3774005471716677,0.05433744128473336,0.029792254753992893,0.854592867679894,0.08798779343254864,0.10492495931684971,0.01973618012620136,1
0.45,30.003,40.14,3.6786,0.206886207,1,1.3595350068636132,0.0450319011384272,-0.056873530848824884,0.8775511393183842,0.08648381219711154,0.09807412154972553,0.01973618012620136,1
0.45,30.003,25.593,3.6729,0.206896552,1,1.1100315704989392,0.06319302138406784,-0.054412467003567146,0.8372436815372203,0.06465028362814337,0.07053072242997586,0.029798826687037944,5
0.45,10.002,1.2751,3.6535,0.206889655,1,0.40227702523266573,0.008156798202544452,0.011976560454349965,0.22251859548967332,-0.005380651983432472,0.08054602211108432,0.023015618859790265,5
0.45,10.002,25.733,3.6699,0.206889655,1,1.3774005471716677,0.08562738082138821,0.015048875657375902,0.8773823366104625,0.08748481007292867,0.11524344919365831,0.020552544849924744,4
0.45,10.001,39.894,3.6776,0.206896552,1,1.4310529979092943,0.05346363128861412,0.03106416002905462,0.8940787118347362,0.09858169483020901,0.10832273221109062,0.01973618012620136,1
0.45,10.002,25.733,3.6699,0.206889655,1,1.3774005471716677,0.12351605277159251,0.012831163089722396,0.8984612862952054,0.09560760963708162,0.1014473734027706,0.026122038047760726,2
0.45,10.001,39.894,3.6776,0.206896552,1,1.4310529979092943,0.07770851613371633,0.016064532024320215,0.9025895784399472,0.08748481007292867,0.11454329965519719,0.02020793918054551,4
0.44998,2.002,-18.316,3.6252,0.0,1,-0.980767028771338,0.018989585662493483,0.04156846480909735,-0.7313020794838667,-0.029318075091578067,-0.21186446274281479,0.008963011265732347,4
0.44998,2.002,-18.316,3.6252,0.0,1,-0.980767028771338,-0.026851201484678313,0.03287980793858878,-0.7166115181706846,-0.07302175987511873,-0.20229571061907337,0.003889751620590687,5
0.44998,2.002,-18.316,3.6252,0.0,1,-0.980767028771338,-0.026442220414464826,0.050682041151449087,-0.7332685275212861,-0.07253797485493124,-0.2130605447202106,0.00826760737458244,1
0.44998,2.002,-18.316,3.6252,0.0,1,-0.980767028771338,0.02025784322497202,0.04185738916276023,-0.7303491500718519,-0.10374328403850086,-0.19740338218165562,0.011423972947522999,3
0.44998,2.002,-18.316,3.6252,0.0,1,-0.980767028771338,0.04212826247618068,0.054035636147600596,-0.7431001797993667,-0.05502708176267333,-0.2164662362402305,0.003822349049150944,2
0.449943333,2.003,-8.1064,3.5917,0.2069,1,-0.29221793933622325,-0.07111832780326949,0.061577363485703245,-0.28647909441497177,-0.21544402567436918,0.10248376720322995,0.011837684037163853,3
0.449943333,2.003,-8.1064,3.5917,0.2069,1,-0.29221793933622325,-0.1205429168289993,0.05709515173686668,-0.2715865250211209,-0.1746141810249537,0.09256913012592122,0.009819690864533185,5
0.449943333,2.003,-8.1064,3.5917,0.2069,1,-0.29221793933622325,-0.0621615612343885,0.06210343307233415,-0.24799961514770985,-0.11542160359909757,0.10280160385998897,0.009199829455465078,1
0.449943333,2.003,-8.1064,3.5917,0.2069,1,-0.29221793933622325,-0.05385078223655,0.05200754767050966,-0.29857139342697336,-0.3224065596843138,0.10525592855992727,0.009549518316052854,4
0.449943333,2.003,-8.1064,3.5917,0.2069,1,-0.29221793933622325,-0.030959396340185776,0.0708808731706813,-0.2553221588936867,-0.1594753202283755,0.10531815302325413,0.0066414943663403395,2
0.449933333,10.003,-8.6496,3.6211,0.206906897,1,-0.28512755302646414,-0.1256531276044552,0.007611699138069525,-0.3516156768612564,-0.16561993617331608,0.1051702303320053,0.011837684037163853,3
0.449933333,30.003,-7.8001,3.6371,0.214282143,1,-0.2953723237968641,-0.06182093685958535,-0.04613730363082141,-0.26528557571815325,-0.0664257414243184,0.11874064811738208,0.009749544714577497,4
0.449933333,10.003,-15.697,3.5863,0.206893103,1,-0.7121697962024304,-0.019180500514339657,0.018117433345178142,-0.6515098374686203,-0.20450075538130477,0.09962202470749616,0.008954590046778321,1
0.449933333,10.003,-15.697,3.5863,0.206893103,1,-0.7121697962024304,-0.05933282712474466,0.013738081681076438,-0.6138811139017344,-0.16424169117584825,0.0732182197808288,0.00953295337036252,5
0.449933333,30.004,-7.5392,3.6841,0.200003333,1,-0.25673809288069616,-0.09516655730316416,-0.0315377634530887,-0.25963578385533764,-0.0031280751968733966,0.018740840281825513,0.011161386067979038,4
0.449933333,30.001,-7.3708,3.6472,0.107142857,1,-0.2723983555569752,-0.09842325942823664,-0.024543171343393625,-0.24472508826525882,-0.0140361023764126,0.012569829339627176,0.009591839234344661,4
0.449933333,10.003,-15.697,3.5863,0.206893103,1,-0.7121697962024304,-0.017624234920367597,0.0016518490394810215,-0.6179396948864451,-0.22215352245606482,0.06665557706961409,0.007202457645907998,2
0.449933333,30.004,-7.5392,3.6841,0.200003333,1,-0.25673809288069616,-0.13140549355652184,-0.034348623687401415,-0.27992623089812696,-0.00908259377349168,0.028743871161714195,0.007740744454786182,5
0.449933333,30.004,-7.5392,3.6841,0.200003333,1,-0.25673809288069616,-0.07792442727833987,-0.03074668524088338,-0.2321052380866604,-0.03498908227193169,0.010544719605240971,0.0034133292082697154,2
0.449933333,10.003,-8.6496,3.6211,0.206906897,1,-0.28512755302646414,-0.07771622113185003,0.017968283797381447,-0.2818744001188315,-0.10333897230913863,0.10803442820440978,0.009417814400512725,1
0.449933333,30.001,-7.3708,3.6472,0.107142857,1,-0.2723983555569752,-0.08060772275552154,-0.023521093220915647,-0.21375077067234088,-0.048495804759440944,0.0018901764904148877,0.0026778308395296337,2
0.449933333,30.001,-7.3708,3.6472,0.107142857,1,-0.2723983555569752,-0.11864084977511084,-0.03305489327962277,-0.26134645657846706,-0.08666118007153273,0.05887793944682926,0.009417814400512725,1
0.449933333,30.003,-7.8001,3.6371,0.214282143,1,-0.2953723237968641,-0.09048544314689934,-0.04634052979381522,-0.2620327200018801,-0.08112916356883942,0.0945508658559993,0.009417814400512725,1
0.449933333,30.003,-7.8001,3.6371,0.214282143,1,-0.2953723237968641,-0.07630687265656888,-0.0460340689192526,-0.22981909336347597,-0.06226549802813679,0.1158044499787502,0.006755057480186224,2
0.449933333,10.003,-8.6496,3.6211,0.206906897,1,-0.28512755302646414,-0.10069068148033694,0.0037934209522791206,-0.3589517375337891,-0.19161329848924652,0.11047114822315052,0.009749544714577497,4
0.449933333,30.003,-7.8001,3.6371,0.214282143,1,-0.2953723237968641,-0.09048544314689934,-0.04634052979381522,-0.2620327200018801,-0.08112916356883942,0.0945508658559993,0.009417814400512725,1
0.449933333,10.003,-8.6496,3.6211,0.206906897,1,-0.28512755302646414,-0.13333326966967435,0.01242714790860191,-0.33586684074485673,-0.14185564119019545,0.09171194614144042,0.00953295337036252,5
0.449933333,30.004,-7.5392,3.6841,0.200003333,1,-0.25673809288069616,-0.12468502074334538,-0.04119641401659464,-0.2506240136525594,0.06969110006466508,0.06380710189696401,0.010992780473316088,1
0.449933333,30.003,-7.8001,3.6371,0.214282143,1,-0.2953723237968641,-0.10135889200988459,-0.05614993681840133,-0.2625573595263995,-0.08450910711078904,0.10333594060706673,0.012807936095632612,3
0.449933333,30.001,-7.3708,3.6472,0.107142857,1,-0.2723983555569752,-0.10298370466131018,-0.01317339645640459,-0.25259263495216144,-0.0882100638828706,0.009674139439302962,0.012344786827452481,3
0.449933333,30.004,-7.5392,3.6841,0.200003333,1,-0.25673809288069616,-0.10688599972549127,-0.05116342871158849,-0.24615684657590464,0.015295284194871783,0.026601949077739846,0.007912735999561847,3
0.449933333,30.004,-7.5392,3.6841,0.200003333,1,-0.25673809288069616,-0.12468502074334538,-0.04119641401659464,-0.2506240136525594,0.06969110006466508,0.06380710189696401,0.010992780473316088,1
0.449933333,30.004,-7.5392,3.6841,0.200003333,1,-0.25673809288069616,-0.10688599972549127,-0.05116342871158849,-0.24615684657590464,0.015295284194871783,0.026601949077739846,0.007912735999561847,3
0.449933333,10.003,-15.697,3.5863,0.206893103,1,-0.7121697962024304,-0.06130321005359292,0.004927521648351103,-0.604786550316494,-0.25182624007808047,0.09801441805204376,0.009549518316052854,4
0.449933333,30.001,-7.3708,3.6472,0.107142857,1,-0.2723983555569752,-0.10298370466131018,-0.01317339645640459,-0.25259263495216144,-0.0882100638828706,0.009674139439302962,0.012344786827452481,3
0.449933333,30.003,-7.8001,3.6371,0.214282143,1,-0.2953723237968641,-0.06182093685958535,-0.04613730363082141,-0.26528557571815325,-0.0664257414243184,0.11874064811738208,0.009749544714577497,4
0.449933333,30.003,-7.8001,3.6371,0.214282143,1,-0.2953723237968641,-0.10135889200988459,-0.05614993681840133,-0.2625573595263995,-0.08450910711078904,0.10333594060706673,0.012807936095632612,3
0.449933333,30.001,-7.3708,3.6472,0.107142857,1,-0.2723983555569752,-0.09842325942823664,-0.024543171343393625,-0.24472508826525882,-0.0140361023764126,0.012569829339627176,0.009591839234344661,4
0.449933333,30.004,-7.5392,3.6841,0.200003333,1,-0.25673809288069616,-0.09516655730316416,-0.0315377634530887,-0.25963578385533764,-0.0031280751968733966,0.018740840281825513,0.011161386067979038,4
0.449933333,30.003,-7.8001,3.6371,0.214282143,1,-0.2953723237968641,-0.12795538534875958,-0.04765801028115675,-0.28727756547159516,-0.13254140179255047,0.09037310174433515,0.00953295337036252,5
0.449933333,30.001,-7.3708,3.6472,0.107142857,1,-0.2723983555569752,-0.13059924212284385,-0.02172656453680247,-0.285268067154102,-0.05882893736939877,0.018382944667246194,0.00719884124584496,5
0.449933333,30.001,-7.3708,3.6472,0.107142857,1,-0.2723983555569752,-0.11864084977511084,-0.03305489327962277,-0.26134645657846706,-0.08666118007153273,0.05887793944682926,0.009417814400512725,1
0.449933333,30.003,-7.8001,3.6371,0.214282143,1,-0.2953723237968641,-0.12795538534875958,-0.04765801028115675,-0.28727756547159516,-0.13254140179255047,0.09037310174433515,0.00953295337036252,5
0.449933333,30.001,-7.3708,3.6472,0.107142857,1,-0.2723983555569752,-0.13059924212284385,-0.02172656453680247,-0.285268067154102,-0.05882893736939877,0.018382944667246194,0.00719884124584496,5
0.449933333,30.004,-7.5392,3.6841,0.200003333,1,-0.25673809288069616,-0.13140549355652184,-0.034348623687401415,-0.27992623089812696,-0.00908259377349168,0.028743871161714195,0.007740744454786182,5
0.449933333,30.004,-7.5392,3.6841,0.200003333,1,-0.25673809288069616,-0.07792442727833987,-0.03074668524088338,-0.2321052380866604,-0.03498908227193169,0.010544719605240971,0.0034133292082697154,2
0.449933333,30.001,-7.3708,3.6472,0.107142857,1,-0.2723983555569752,-0.08060772275552154,-0.023521093220915647,-0.21375077067234088,-0.048495804759440944,0.0018901764904148877,0.0026778308395296337,2
0.449933333,30.003,-7.8001,3.6371,0.214282143,1,-0.2953723237968641,-0.07630687265656888,-0.0460340689192526,-0.22981909336347597,-0.06226549802813679,0.1158044499787502,0.006755057480186224,2
0.449933333,10.003,-8.6496,3.6211,0.206906897,1,-0.28512755302646414,-0.06785547621082515,0.0015223710634745657,-0.2784451008535689,-0.0717186275916174,0.12239457494346424,0.0062381739821285006,2
0.449933333,10.003,-15.697,3.5863,0.206893103,1,-0.7121697962024304,-0.07373973833426134,0.013256866318406536,-0.5728970221662893,-0.1867139576887712,0.10264373520127265,0.011837684037163853,3
0.44991,10.003,-18.414,3.6314,0.0,1,-1.018507982672103,-0.02463346058037132,0.0024408213992137464,-0.7095521744247526,-0.06759599792538211,-0.20202945439843462,0.002312695486471057,5
0.44991,10.003,-18.414,3.6314,0.0,1,-1.018507982672103,-0.02659937821183121,-6.028123636497185e-05,-0.7320889720204287,-0.03327107505640015,-0.2232374955387786,0.00826760737458244,1
0.44991,10.003,-18.414,3.6314,0.0,1,-1.018507982672103,0.010922482494497671,-0.00013348919805139303,-0.7241889753425493,-0.028337295604869722,-0.21591152478707953,0.008963011265732347,4
0.44991,10.003,-18.414,3.6314,0.0,1,-1.018507982672103,-0.008230811315879692,-0.0014532714954111725,-0.7206308657769114,-0.04130896322079934,-0.20294635157915764,0.011593925063498317,3
0.44991,10.003,-18.414,3.6314,0.0,1,-1.018507982672103,0.023935421432834118,-0.006690295794396661,-0.7253388119139709,-0.055165463535813614,-0.22591472966130824,0.0019206185452640056,2
0.44991,2.002,-17.198,3.5664,0.206893103,1,-0.7658501618467881,-0.019558339827053715,0.047923871354432775,-0.6918477754155173,-0.20272609001025557,0.0914241917344043,0.013998135863803328,3
0.44991,2.002,-17.198,3.5664,0.206893103,1,-0.7658501618467881,0.007370878063957207,0.04885083114088047,-0.6758976922690636,-0.29186300094472245,0.06856923401588574,0.007275183228775859,2
0.44991,2.002,-17.198,3.5664,0.206893103,1,-0.7658501618467881,-0.026503511423943565,0.04190967517206445,-0.6841645021177828,-0.22789971405640244,0.04979156127665192,0.009934466914273798,5
0.44991,2.002,-17.198,3.5664,0.206893103,1,-0.7658501618467881,-0.008280473537743091,0.04237594770267606,-0.6861260840552859,-0.23963756903307512,0.09176664995844476,0.009549518316052854,4
0.44991,2.002,-17.198,3.5664,0.206893103,1,-0.7658501618467881,0.005213976942468434,0.05446269602398388,-0.6869639654457569,-0.22346189444651826,0.0942147665086668,0.008954590046778321,1
0.449906667,2.003,-17.631,3.5519,0.206893103,1,-0.8111560554717452,0.010490421286667696,0.04885083114088047,-0.6800281666609226,-0.3070597983547486,0.0641028865991393,0.007467153957113623,2
0.449906667,2.003,-17.631,3.5519,0.206893103,1,-0.8111560554717452,-0.008280473537743091,0.04237594770267606,-0.6893771462957374,-0.23638650668086483,0.09176664995844476,0.009549518316052854,4
0.449906667,2.003,-17.631,3.5519,0.206893103,1,-0.8111560554717452,-0.02091326858731918,0.04190967517206445,-0.6761914259474725,-0.26703417031094434,0.05146408368367702,0.009934466914273798,5
0.449906667,2.003,-17.631,3.5519,0.206893103,1,-0.8111560554717452,-0.003687040205404628,0.04821983491186984,-0.6666928192507475,-0.25222840857226403,0.09045099775365088,0.013998135863803328,3
0.449906667,2.003,-17.631,3.5519,0.206893103,1,-0.8111560554717452,-0.004688242722768337,0.04949723534169607,-0.6793023869767785,-0.26389143806649373,0.09097143081831746,0.008954590046778321,1
0.4499,30.005,-16.414,3.6701,0.200013333,1,-0.6942763409876446,-0.07458651112392545,-0.030403662757016718,-0.7007752222544513,-0.007975366327445953,0.016926439844537525,0.011161386067979038,4
0.4499,30.001,-15.721,3.6625,0.200003333,1,-0.6893633174029296,-0.01937691170722246,-0.01915342847292777,-0.6834500903397566,-0.06766159643535502,-0.01485458510229364,0.001856346195563674,2
0.4499,30.005,-16.414,3.6701,0.200013333,1,-0.6942763409876446,-0.07273646839748835,-0.03521024809771916,-0.7290998406824656,-0.0025307552656158804,0.05261173808947205,0.010102605700958521,1
0.4499,30.002,-16.583,3.6046,0.206913793,1,-0.7312356774999325,-0.03758313067723065,-0.02404116802616045,-0.6502193202916533,-0.10471499587059953,0.10999742120970041,0.00953295337036252,5
0.4499,30.003,-15.728,3.6202,0.107135714,1,-0.7040186434368806,-0.06810390753205865,-0.03409148988779634,-0.6427805487764999,-0.12296979198697955,0.006080287515651435,0.005597118875011802,5
0.4499,30.005,-16.414,3.6701,0.200013333,1,-0.6942763409876446,-0.016872199568897486,-0.026379020492895505,-0.7088017007097369,-0.055619259617524223,-0.006200041987467557,0.0034133292082697154,2
0.4499,30.001,-15.721,3.6625,0.200003333,1,-0.6893633174029296,-0.10178649108245735,-0.02880710815283237,-0.7025463109114207,-0.00732621977571398,0.054185347603634,0.009417814400512725,1
0.4499,30.003,-15.728,3.6202,0.107135714,1,-0.7040186434368806,-0.019051398858428003,-0.026051090317196213,-0.6573109816288343,-0.1087836155493278,-0.004107998188119382,0.002110290341079235,2
0.4499,30.003,-15.728,3.6202,0.107135714,1,-0.7040186434368806,-0.06810390753205865,-0.03409148988779634,-0.6427805487764999,-0.12296979198697955,0.006080287515651435,0.005597118875011802,5
0.4499,30.001,-15.721,3.6625,0.200003333,1,-0.6893633174029296,-0.09552606537938119,-0.02340907064732164,-0.6319146244204603,-0.007752670801710338,0.0015720289549790323,0.009591839234344661,4
0.4499,30.002,-16.583,3.6046,0.206913793,1,-0.7312356774999325,-0.003829685146920383,-0.019518499476253056,-0.6210856381006306,-0.11442410561256111,0.15754075147444382,0.006187516981735825,2
0.4499,30.005,-16.414,3.6701,0.200013333,1,-0.6942763409876446,-0.07273646839748835,-0.03521024809771916,-0.7290998406824656,-0.0025307552656158804,0.05261173808947205,0.010102605700958521,1
0.4499,30.001,-15.721,3.6625,0.200003333,1,-0.6893633174029296,-0.10178649108245735,-0.02880710815283237,-0.7025463109114207,-0.00732621977571398,0.054185347603634,0.009417814400512725,1
0.4499,30.003,-15.728,3.6202,0.107135714,1,-0.7040186434368806,-0.06749150404706597,-0.024998352103866636,-0.6558109948108904,-0.1456173084466718,0.01894355549942702,0.009749544714577497,4
0.4499,30.005,-16.414,3.6701,0.200013333,1,-0.6942763409876446,-0.016872199568897486,-0.026379020492895505,-0.7088017007097369,-0.055619259617524223,-0.006200041987467557,0.0034133292082697154,2
0.4499,30.003,-15.728,3.6202,0.107135714,1,-0.7040186434368806,-0.08483104365732289,-0.036769432213623075,-0.671600418027956,-0.11012744446052239,0.0545627629943192,0.009417814400512725,1
0.4499,30.002,-16.583,3.6046,0.206913793,1,-0.7312356774999325,-0.05276216058060527,-0.037248788838041946,-0.6889763127500191,-0.10863839467754588,0.09424853348173201,0.009417814400512725,1
0.4499,30.001,-15.721,3.6625,0.200003333,1,-0.6893633174029296,-0.01937691170722246,-0.01915342847292777,-0.6834500903397566,-0.06766159643535502,-0.01485458510229364,0.001856346195563674,2
0.4499,30.003,-15.728,3.6202,0.107135714,1,-0.7040186434368806,-0.019051398858428003,-0.026051090317196213,-0.6573109816288343,-0.1087836155493278,-0.004107998188119382,0.002110290341079235,2
0.4499,30.002,-16.583,3.6046,0.206913793,1,-0.7312356774999325,-0.059633007431402804,-0.01769145717378706,-0.6407832809048705,-0.13796555137028918,0.11776755344355479,0.009749544714577497,4
0.4499,30.002,-16.583,3.6046,0.206913793,1,-0.7312356774999325,-0.05276216058060527,-0.037248788838041946,-0.6889763127500191,-0.10863839467754588,0.09424853348173201,0.009417814400512725,1
0.4499,30.003,-15.728,3.6202,0.107135714,1,-0.7040186434368806,-0.08483104365732289,-0.036769432213623075,-0.671600418027956,-0.11012744446052239,0.0545627629943192,0.009417814400512725,1
0.4499,30.005,-16.414,3.6701,0.200013333,1,-0.6942763409876446,-0.05562068202561932,-0.04596764046873432,-0.6829531637672335,-0.02095466407481581,0.022305681755242404,0.007912735999561847,3
0.4499,30.001,-15.721,3.6625,0.200003333,1,-0.6893633174029296,-0.06862443424761296,-0.01936183079145849,-0.6670000356156379,-0.021485734446905554,-0.0023935178597457706,0.007740744454786182,5
0.4499,30.002,-16.583,3.6046,0.206913793,1,-0.7312356774999325,-0.003829685146920383,-0.019518499476253056,-0.6210856381006306,-0.11442410561256111,0.15754075147444382,0.006187516981735825,2
0.4499,30.005,-16.414,3.6701,0.200013333,1,-0.6942763409876446,-0.07458651112392545,-0.030403662757016718,-0.7007752222544513,-0.007975366327445953,0.016926439844537525,0.011161386067979038,4
0.4499,30.001,-15.721,3.6625,0.200003333,1,-0.6893633174029296,-0.09552606537938119,-0.02340907064732164,-0.6319146244204603,-0.007752670801710338,0.0015720289549790323,0.009591839234344661,4
0.4499,30.003,-15.728,3.6202,0.107135714,1,-0.7040186434368806,-0.06749150404706597,-0.024998352103866636,-0.6558109948108904,-0.1456173084466718,0.01894355549942702,0.009749544714577497,4
0.4499,30.003,-15.728,3.6202,0.107135714,1,-0.7040186434368806,-0.07152007451310055,-0.03277300246758386,-0.6272208626009523,-0.16700076386216098,0.001748959545220714,0.011374534768983723,3
0.4499,30.001,-15.721,3.6625,0.200003333,1,-0.6893633174029296,-0.08568389420426684,0.001168770650983788,-0.590712986914441,-0.020459818108938634,0.018308306864637417,0.007912735999561847,3
0.4499,30.002,-16.583,3.6046,0.206913793,1,-0.7312356774999325,-0.059633007431402804,-0.01769145717378706,-0.6407832809048705,-0.13796555137028918,0.11776755344355479,0.009749544714577497,4
0.4499,30.002,-16.583,3.6046,0.206913793,1,-0.7312356774999325,-0.03758313067723065,-0.02404116802616045,-0.6502193202916533,-0.10471499587059953,0.10999742120970041,0.00953295337036252,5
0.4499,30.005,-16.414,3.6701,0.200013333,1,-0.6942763409876446,-0.044914655606262385,-0.033037689914926886,-0.7097033434733748,-0.017073345326352865,0.005031843488104641,0.007740744454786182,5
0.4499,30.002,-16.583,3.6046,0.206913793,1,-0.7312356774999325,-0.04242757301806705,-0.02701842220267281,-0.6637477357499302,-0.14612200701609254,0.0879574614026933,0.011837684037163853,3
0.4499,30.003,-15.728,3.6202,0.107135714,1,-0.7040186434368806,-0.07152007451310055,-0.03277300246758386,-0.6272208626009523,-0.16700076386216098,0.001748959545220714,0.011374534768983723,3
0.4499,30.001,-15.721,3.6625,0.200003333,1,-0.6893633174029296,-0.08568389420426684,0.001168770650983788,-0.590712986914441,-0.020459818108938634,0.018308306864637417,0.007912735999561847,3
0.4499,30.005,-16.414,3.6701,0.200013333,1,-0.6942763409876446,-0.05562068202561932,-0.04596764046873432,-0.6829531637672335,-0.02095466407481581,0.022305681755242404,0.007912735999561847,3
0.4499,30.005,-16.414,3.6701,0.200013333,1,-0.6942763409876446,-0.044914655606262385,-0.033037689914926886,-0.7097033434733748,-0.017073345326352865,0.005031843488104641,0.007740744454786182,5
0.4499,30.001,-15.721,3.6625,0.200003333,1,-0.6893633174029296,-0.06862443424761296,-0.01936183079145849,-0.6670000356156379,-0.021485734446905554,-0.0023935178597457706,0.007740744454786182,5
0.4499,30.002,-16.583,3.6046,0.206913793,1,-0.7312356774999325,-0.04242757301806705,-0.02701842220267281,-0.6637477357499302,-0.14612200701609254,0.0879574614026933,0.011837684037163853,3
0.4498,30.003,1.1521,3.6517,0.206893103,1,0.09699960521878373,-0.017197944994841237,-0.045184644141118044,0.24917321547924076,-0.016850707192206757,0.08999160890671191,0.021241747057065368,3
0.4498,30.004,0.99724,3.6853,0.200013333,1,0.17334687512898556,-0.02495693246688461,-0.04106485962722218,0.27443354022689165,0.1027739168284461,0.06202964595519006,0.016526556162862107,1
0.4498,30.003,1.1521,3.6517,0.206893103,1,0.09699960521878373,0.010341398336458951,-0.046208975404442756,0.250324822710827,-0.053435866949148474,0.08659734228625894,0.01233748413156718,1
0.4498,30.004,0.99724,3.6853,0.200013333,1,0.17334687512898556,-0.024193705104116815,-0.05301849643408787,0.22932226272823755,0.025638992220629007,0.028298262166499624,0.014954967088997365,3
0.4498,30.001,0.17074,3.6565,0.107139286,1,0.15221529073336484,-0.06968348552269163,-0.005882085314369761,-0.08403520352614578,-0.014086740652564912,0.022809787012811285,0.008427214534021914,3
0.4498,30.001,0.17074,3.6565,0.107139286,1,0.15221529073336484,-0.065771340833453,-0.033078181084420066,-0.042464431701228024,-0.08686809726990759,0.05909279321320355,0.00885907151037827,1
0.4498,30.001,0.17074,3.6565,0.107139286,1,0.15221529073336484,-0.019089166633784772,-0.023521093220915647,-0.013807280227192678,-0.0772219239117112,-0.003007101460825652,0.005304819652810693,2
0.4498,30.001,0.17074,3.6565,0.107139286,1,0.15221529073336484,-0.07679731175769121,-0.020672764563933015,-0.10451720952056348,-0.03504986776795704,0.01595144025981426,0.009858268946409225,5
0.4498,30.001,0.17074,3.6565,0.107139286,1,0.15221529073336484,-0.05149607158266008,-0.024543171343393625,-0.10401337920455261,-0.05689410215476528,0.0037840606411918996,0.009852212574332952,4
0.4498,30.004,0.99724,3.6853,0.200013333,1,0.17334687512898556,-0.04021102151833475,-0.034348623687401415,0.22073407439980655,0.024041000814177097,0.02075709399068728,0.01770250796340406,5
0.4498,30.004,0.99724,3.6853,0.200013333,1,0.17334687512898556,0.034204765053000304,-0.03074668524088338,0.16251140396576375,-0.02259563031489961,0.005272082381416112,0.00986875671427697,2
0.4498,30.004,0.99724,3.6853,0.200013333,1,0.17334687512898556,0.006038840382825583,-0.03144040621351451,0.20433994150022045,0.003038639309670543,0.0381174538412597,0.01616880579851568,4
0.4498,30.003,1.1521,3.6517,0.206893103,1,0.09699960521878373,-0.04095723590347916,-0.04765801028115675,0.22006530744489283,-0.033016694574616846,0.06637554433895275,0.019795871512033044,5
0.4498,30.003,1.1521,3.6517,0.206893103,1,0.09699960521878373,0.021979203808587044,-0.0460340689192526,0.1741957495774841,-0.06558398112654686,0.08832034044200554,0.011163881071843207,2
0.4498,30.003,1.1521,3.6517,0.206893103,1,0.09699960521878373,0.03913978726137429,-0.04603994639124721,0.2747450535488315,-0.003672558597900206,0.10326646247762256,0.015771235767751933,4
0.449466667,30.001,-8.3917,3.6462,0.0,1,-0.744188194223272,-0.04182345589390025,-0.02579404174350202,-0.3061223691061605,0.0163410931173712,-0.2320061000669375,0.008805305785499514,4
0.449466667,30.001,-8.3917,3.6462,0.0,1,-0.744188194223272,-0.09498827133327722,-0.013704216800397262,-0.3380295898439363,-0.03974591352045536,-0.18929358278866856,0.003914417857304215,5
0.449466667,30.001,-8.3917,3.6462,0.0,1,-0.744188194223272,-0.01937516700010747,-0.025284516024403274,-0.28228571551619097,-0.009313615028513595,-0.20628160450141877,0.0023108595237135887,2
0.449466667,30.001,-8.3917,3.6462,0.0,1,-0.744188194223272,-0.07429166581510799,-0.01701762186421547,-0.35167267475044356,-0.06056966441334225,-0.1963687998324167,0.011593925063498317,3
0.449466667,30.001,-8.3917,3.6462,0.0,1,-0.744188194223272,-0.06277537943184143,-0.0247203243066906,-0.3073262053891085,-0.057970054177567364,-0.2096252402663231,0.00826760737458244,1
0.446966667,30.003,-17.781,3.6302,0.0,1,-1.0635626421364783,0.006577022915007546,-0.02530103362281807,-0.7133139316411689,-0.03285059056244791,-0.20002581200329586,0.008963011265732347,4
0.446966667,30.003,-17.781,3.6302,0.0,1,-1.0635626421364783,-0.006014949451491702,-0.026850472275982612,-0.6993409187532962,-0.08904259909526445,-0.1808247264882084,0.010623673005029559,3
0.446966667,30.003,-17.781,3.6302,0.0,1,-1.0635626421364783,-0.024856466352939605,-0.019555923836305736,-0.6974192019831389,-0.08206400752766058,-0.1774746680422686,0.002312695486471057,5
0.446966667,30.003,-17.781,3.6302,0.0,1,-1.0635626421364783,0.023408270988147704,-0.02781451312068384,-0.7167247657501139,-0.0557109669491183,-0.21215460596140473,0.0017433190252631903,2
0.446966667,30.003,-17.781,3.6302,0.0,1,-1.0635626421364783,-0.02670703864976531,-0.02560484636807814,-0.7183538158494048,-0.07677885499084368,-0.19958492655539886,0.00826760737458244,1
0.401336664,10.001,3.6419,3.3612,8.998114286,3,0.1911673099902993,0.09671077988576143,0.007730224260594696,0.28076179859461264,-0.4790243326849304,0.16852394531364553,-0.05944374421145767,2
0.401336664,10.001,3.6419,3.3612,8.998114286,3,0.1911673099902993,0.07744629204738886,0.026625287298811598,0.22804660697001963,-0.5750758342235349,0.13032698435446946,-0.0748065583826974,3
0.401336664,10.001,3.6419,3.3612,8.998114286,3,0.1911673099902993,0.06873101982986554,0.011564130530459807,0.2272723698336631,-0.5455889468127861,0.058566906740888956,-0.07982450420036911,1
0.401336664,10.001,3.6419,3.3612,8.998114286,3,0.1911673099902993,0.07963239459553734,0.0015472738281823695,0.2230559642286971,-0.5009914809091424,0.07397618195624091,-0.05700938667636365,4
0.401336664,10.001,3.6419,3.3612,8.998114286,3,0.1911673099902993,0.07177754536387511,0.0017919381987303495,0.27317813637899235,-0.43287370151723736,0.08523446049075574,-0.028093118127435444,5
0.40130185,10.002,4.8899,3.2971,11.99985714,3,0.17444029289615703,0.08222443806240336,0.010426285322755574,0.3518932042340748,-0.5571177477715537,0.057481873203068974,-0.06689677251502872,1
0.40130185,10.002,4.8899,3.2971,11.99985714,3,0.17444029289615703,0.11372588213067501,-0.004250061812344938,0.32502143225981855,-0.5374107144051231,0.1681412767188158,-0.07434321995358914,2
0.40130185,10.002,4.8899,3.2971,11.99985714,3,0.17444029289615703,0.07024315487127751,0.020761312402319165,0.26186053273268045,-0.596162462553475,0.12172642986028222,-0.0748065583826974,3
0.40130185,10.002,4.8899,3.2971,11.99985714,3,0.17444029289615703,0.05644238835200668,0.0017308906256221235,0.3598764346097596,-0.5015073902055156,0.08523446049075574,-0.03971878778189421,5
0.40130185,10.002,4.8899,3.2971,11.99985714,3,0.17444029289615703,0.0625362900388427,0.0016352379810996354,0.3429071869025938,-0.6113011813443154,0.04428500444279052,-0.05700938667636365,4
0.400779733,10.002,3.147,3.4327,6.000865,3,0.22485860683240147,0.09671077988576143,0.0018192755221389234,0.2833494965301361,-0.42542704603634773,0.15403604790451936,-0.05898314890917391,2
0.400779733,10.002,3.147,3.4327,6.000865,3,0.22485860683240147,0.07007908580591903,0.010508362565888092,0.18501498168800026,-0.5311912714829669,0.04653392403852195,-0.07982450420036911,1
0.400779733,10.002,3.147,3.4327,6.000865,3,0.22485860683240147,0.08662476304220036,0.000768155858386308,0.21203305144794285,-0.440298114791367,0.07606895441771484,-0.05700938667636365,4
0.400779733,10.002,3.147,3.4327,6.000865,3,0.22485860683240147,0.07909594262484461,0.01691261199186556,0.2480144493188709,-0.40733403648715466,0.13032698435446946,-0.055764464472886174,3
0.400779733,10.002,3.147,3.4327,6.000865,3,0.22485860683240147,0.07614487800747156,-9.023013524711132e-05,0.24051503997994586,-0.40880045479978433,0.08579363505588844,-0.028093118127435444,5
0.400501242,10.002,1.7116,3.5161,3.00001,3,0.25000844813706896,0.06645277740433812,-9.023013524711132e-05,0.15892151368549093,-0.4225277273717802,0.08579363505588844,-0.028093118127435444,5
0.400501242,10.002,1.7116,3.5161,3.00001,3,0.25000844813706896,0.07112121297977865,0.017440150192705915,0.18613429623423144,-0.34807123518316074,0.12239836316759466,-0.07690397835103795,3
0.400501242,10.002,1.7116,3.5161,3.00001,3,0.25000844813706896,0.08449046119581909,-0.006053626553621143,0.22280286612862255,-0.355842573097907,0.14386434977757745,-0.057957979845814404,2
0.400501242,10.002,1.7116,3.5161,3.00001,3,0.25000844813706896,0.07463535982882603,0.01084881134913303,0.20339129571104422,-0.355964979773853,0.0490743863908574,-0.05672264285385609,1
0.400501242,10.002,1.7116,3.5161,3.00001,3,0.25000844813706896,0.08963994648540392,0.0038907781918533146,0.22846282774116844,-0.28643293349523447,0.081260362357134,-0.05700938667636365,4
0.400153869,2.002,26.069,3.5949,1.000112381,2,0.8634647917692335,0.0927475346752908,0.092836560793221,0.7997886435175314,-0.08654790348373353,0.07891272846842184,-0.07047518621198832,2
0.400153869,2.002,26.069,3.5949,1.000112381,2,0.8634647917692335,0.05990876179654151,0.08303064211737364,0.866666521235602,-0.02153006539680064,0.08458075882692356,-0.07785405270988122,3
0.400153869,2.002,26.069,3.5949,1.000112381,2,0.8634647917692335,0.07234400909859687,0.057237354156095537,0.8317090092669241,-0.09372628342360258,0.0515518569474807,-0.059710205891169606,4
0.400153869,2.002,26.069,3.5949,1.000112381,2,0.8634647917692335,0.0876612086314708,0.08025436623836868,0.8484279609983787,-0.010199676039628685,0.06496538437786512,-0.07021903105895035,1
0.400153869,2.002,26.069,3.5949,1.000112381,2,0.8634647917692335,0.06826873808982782,0.06467263961676509,0.833230850478867,-0.06244351752917282,0.08188403676031157,-0.08168285434134305,5
0.400144393,10.002,41.325,3.6038,0.99989,2,0.8801404609785942,0.08683695026207715,0.03590731664909981,0.8808553429227323,0.0031617171061225236,0.07695753694046288,-0.07738577321521006,1
0.400144393,10.002,41.325,3.6038,0.99989,2,0.8801404609785942,0.05420020535122603,0.030125514625106008,0.895814917559037,-0.020170960263349115,0.07959806279104668,-0.07785405270988122,3
0.400144393,10.002,41.325,3.6038,0.99989,2,0.8801404609785942,0.05649629540275782,0.019554048334248363,0.9160142118495423,0.013820534164551646,0.06859297264600173,-0.08168285434134305,5
0.400144393,10.002,41.325,3.6038,0.99989,2,0.8801404609785942,0.06199671722599305,0.009656049485784024,0.8648491597897373,-0.10030403800774365,0.0507365117513109,-0.05945175163913518,4
0.400144393,10.002,41.325,3.6038,0.99989,2,0.8801404609785942,0.07694233488640748,0.016852767220698298,0.8705527131119744,-0.06336159264668823,0.07987865831935778,-0.0775701327295974,2
0.400118354,10.003,0.73242,3.5974,1.000109,3,0.26424420736612614,0.025110396654345096,0.012959660368505866,0.11994587604887784,-0.1372266945033334,0.062319582530763,-0.05282060196623206,5
0.400118354,10.003,0.73242,3.5974,1.000109,3,0.26424420736612614,0.04610272016609088,0.0037934209522791206,0.13389654265949502,-0.12836969587253408,0.07261660276912153,-0.026118325958959757,4
0.400118354,10.003,0.73242,3.5974,1.000109,3,0.26424420736612614,-0.00019030863652005792,0.006206010353052988,0.0014792267885059118,-0.10817425068700687,0.08602563215157716,-0.03823066389421001,3
0.400118354,10.003,0.73242,3.5974,1.000109,3,0.26424420736612614,0.028418661446776242,0.0016623888514004648,0.07497304734250065,-0.12038893011864275,0.09995499129174278,-0.03278958203736693,2
0.400118354,10.003,0.73242,3.5974,1.000109,3,0.26424420736612614,0.02752492640633136,0.017944995992584156,0.013554265229031444,-0.08494695731671527,0.07506991427391768,-0.03253420035354793,1
0.400115473,10.003,26.259,3.5937,0.9998735,2,0.7539994640845042,0.061926275677978995,0.021499766905326397,0.8400531638751272,-0.06308262030477635,0.07813596796942875,-0.0804744607489556,5
0.400115473,10.003,26.259,3.5937,0.9998735,2,0.7539994640845042,0.07335966550279409,0.009656049485784024,0.8299472622177564,-0.09494082052260637,0.051911420145770534,-0.059710205891169606,4
0.400115473,10.003,26.259,3.5937,0.9998735,2,0.7539994640845042,0.08486105842865072,0.016852767220698298,0.7928539038728922,-0.0900487446738407,0.08029451370472089,-0.0690934010548517,2
0.400115473,10.003,26.259,3.5937,0.9998735,2,0.7539994640845042,0.0922500296169892,0.026633771023480222,0.8437663711747154,-0.027338634778279813,0.09317749558016658,-0.07021903105895035,1
0.400115473,10.003,26.259,3.5937,0.9998735,2,0.7539994640845042,0.050657692081294954,0.027235431869048626,0.8687243765091989,-0.021312348898500203,0.10083828021597582,-0.07785405270988122,3
0.400046667,2.002,-10.306,3.6094,0.0,1,-0.6288437996093947,-0.056738185120048,0.04358634253381752,-0.5925364757189527,-0.10716363062150776,-0.2062534394999966,0.003889751620590687,5
0.400046667,2.002,-10.306,3.6094,0.0,1,-0.6288437996093947,-0.015791508839465677,0.06005439708766062,-0.5197025861707516,-0.06364170312532223,-0.2100344749400392,0.0037387568317353726,2
0.400046667,2.002,-10.306,3.6094,0.0,1,-0.6288437996093947,-0.0540197100493242,0.05472129104658961,-0.39512795930262656,-0.13790720994235017,-0.19445934069808574,0.010623673005029559,3
0.400046667,2.002,-10.306,3.6094,0.0,1,-0.6288437996093947,-0.04508812059968477,0.058322778199799356,-0.564009234008845,-0.09205002147704362,-0.21761209596443223,0.00826760737458244,1
0.400046667,2.002,-10.306,3.6094,0.0,1,-0.6288437996093947,-0.040547970704501494,0.051015095255570485,-0.509105120425811,-0.13675462666898966,-0.20636155806831083,0.008963011265732347,4
0.400033333,10.003,-8.5977,3.6065,0.0,1,-0.759932201619745,-0.016154359499923884,-0.011057960542384535,-0.2893245882424526,-0.06820875715347938,-0.21422682877164334,0.0019206185452640056,2
0.400033333,2.003,10.458,3.6065,0.206882759,1,0.9627525225844142,0.01233312515745638,0.07596645714249461,0.44591961461352186,-0.1256562188710086,0.09679488388530444,0.01794170538894832,3
0.400033333,30.004,40.312,3.6436,0.206893103,1,1.3292473330601147,0.06321284440229646,-0.056592908729799093,0.8911968448269181,0.013639801950193941,0.1003208344837185,0.01460241451393813,4
0.400033333,30.004,40.312,3.6436,0.206893103,1,1.3292473330601147,0.05559528916841373,-0.056873530848824884,0.9090361352404579,-0.0014740088256075979,0.08706019525416195,0.01877000543056056,1
0.400033333,10.002,1.1216,3.6128,0.206896552,1,0.19768867379870986,0.029430523726623505,0.01980299163493328,0.2355524404370226,-0.10409683913225308,0.09880976063199341,0.01233748413156718,1
0.400033333,30.004,40.312,3.6436,0.206893103,1,1.3292473330601147,0.07290570010547526,-0.06814943245612085,0.9371662530768663,0.011520609622821212,0.08794009510194883,0.020502789486199616,2
0.400033333,10.002,1.1216,3.6128,0.206896552,1,0.19768867379870986,0.04634835393400863,0.0038907781918533146,0.27337152425898237,-0.16896231884384177,0.10298165427404456,0.01636566415429115,4
0.400033333,10.002,1.1216,3.6128,0.206896552,1,0.19768867379870986,-0.03668497578240931,0.011976560454349965,0.17253607218153774,-0.14125965215731412,0.08031341144582256,0.014168021599762142,5
0.400033333,2.003,10.458,3.6065,0.206882759,1,0.9627525225844142,-0.020477794791804626,0.06171179939759895,0.4504457897460088,-0.09844128967728466,0.07975423688068986,0.01640327341388911,5
0.400033333,30.004,40.312,3.6436,0.206893103,1,1.3292473330601147,0.027052249168045817,-0.06178906704066321,0.9375918020878453,0.027772473467048257,0.06930965960258618,0.025023345886729657,5
0.400033333,10.002,1.1216,3.6128,0.206896552,1,0.19768867379870986,0.024904869904275984,0.0015223710634745657,0.15979314596334007,-0.11011013270355761,0.10451094606658444,0.009075346891768277,2
0.400033333,30.004,40.312,3.6436,0.206893103,1,1.3292473330601147,0.018405649750202428,-0.07406862600008025,0.9208811763266567,0.011654283168027177,0.08683680610556621,0.023303715847432613,3
0.400033333,10.003,-8.5977,3.6065,0.0,1,-0.759932201619745,-0.06647827941022115,-0.006621497445739806,-0.3658662308845669,-0.14357330814818853,-0.20167368818656542,0.010623673005029559,3
0.400033333,2.003,10.458,3.6065,0.206882759,1,0.9627525225844142,0.03339792258339003,0.05617108721053228,0.47044243681943043,-0.1366766341496259,0.1034710741409799,0.01636566415429115,4
0.400033333,10.003,-8.5977,3.6065,0.0,1,-0.759932201619745,-0.0606565608351957,-0.0028712998365517705,-0.3687828555598389,-0.15845795535482465,-0.21172985984245316,0.008963011265732347,4
0.400033333,2.003,10.458,3.6065,0.206882759,1,0.9627525225844142,0.07544432088412577,0.0735163886693772,0.5021008932637051,-0.08842927711317315,0.09642428584280424,0.017003094556275754,1
0.400033333,10.003,-8.5977,3.6065,0.0,1,-0.759932201619745,-0.09034645593725145,-0.0005286675819661468,-0.3541612635878846,-0.13319534417241813,-0.20153229248244314,0.002312695486471057,5
0.400033333,10.002,1.1216,3.6128,0.206896552,1,0.19768867379870986,-0.0006036613209289499,0.015473383130738512,0.22968271407531574,-0.13098620708566158,0.09698138710315106,0.01834409383125603,3
0.400033333,2.003,10.458,3.6065,0.206882759,1,0.9627525225844142,0.11416612085653469,0.07875377524644137,0.45274823530751745,-0.09386789918062277,0.09467372087063268,0.015640384880825878,2
0.400033333,10.003,-8.5977,3.6065,0.0,1,-0.759932201619745,-0.044162765427900014,0.0001503809355199337,-0.2997665881435387,-0.0871251788455993,-0.23124242172110826,0.00826760737458244,1
0.400009464,10.002,-17.2,3.5725,0.0,2,-1.2902846471561802,0.026143906242214143,-0.004801770888152532,-0.6749021898931824,-0.15892023672233335,-0.194820242295973,-0.014502196097746492,2
0.400009464,10.002,-17.2,3.5725,0.0,2,-1.2902846471561802,0.004762823008932173,0.0028754366654902695,-0.6621454543201253,-0.20556416906532832,-0.1951332202355843,-0.03909486363409087,3
0.400009464,10.002,-17.2,3.5725,0.0,2,-1.2902846471561802,0.011352989930892364,-0.001042113588191569,-0.654849645011127,-0.23256642904831096,-0.1998451024550013,-0.02116782302968204,4
0.400009464,10.002,-17.2,3.5725,0.0,2,-1.2902846471561802,-0.06097048326249933,0.0020026839314959944,-0.6697349534905516,-0.17323012343607844,-0.20967485332512298,-0.03769640161190182,1
0.400009464,10.002,-17.2,3.5725,0.0,2,-1.2902846471561802,0.0005322138732299209,-0.003478259384864941,-0.6543745450070128,-0.11340477083344012,-0.18489947688765823,0.00045791320502758026,5
0.400006667,2.002,26.03,3.6251,0.206896552,1,1.402077324722168,0.06732526521431283,0.06263018032768741,0.8919140357500873,0.009925308264791965,0.11426807423762511,0.015541448569856585,4
0.400006667,2.002,26.03,3.6251,0.206896552,1,1.402077324722168,0.023137879203713966,0.08750123096164315,0.9099143409729004,-0.053960209391079844,0.10065591978665907,0.019793026596307755,3
0.400006667,2.002,26.03,3.6251,0.206896552,1,1.402077324722168,0.08642081779078581,0.09439347211737185,0.8793477287935093,-0.020240882486104964,0.0929454446467571,0.018729399289004505,2
0.400006667,2.002,26.03,3.6251,0.206896552,1,1.402077324722168,0.03519008897128515,0.06563525827368721,0.9118795901129488,-0.01253543611150235,0.083247526709456,0.019395495974458755,5
0.400006667,2.002,26.03,3.6251,0.206896552,1,1.402077324722168,0.033460181995760646,0.08025436623836868,0.8955887212743983,-0.03440235365414992,0.09518920902512036,0.019604505982715636,1
0.400000111,10.001,-7.2224,3.561,0.0,2,-0.8489529149592313,-0.05991938116843812,-0.0009814169688615948,-0.2699490267876536,-0.23728783822152763,-0.17151214475044982,-0.011746931185480208,5
0.400000111,10.001,-7.2224,3.561,0.0,2,-0.8489529149592313,-0.001523142175283283,-0.0018556434696074574,-0.285025371221127,-0.3050028076837771,-0.2144762562843971,-0.02116782302968204,4
0.400000111,10.001,-7.2224,3.561,0.0,2,-0.8489529149592313,-0.00502015421167016,0.012803556320723147,-0.2733459536335431,-0.30621739556547256,-0.19203736342140473,-0.03909486363409087,3
0.400000111,10.001,-7.2224,3.561,0.0,2,-0.8489529149592313,0.013496859192382544,0.0007825801381841302,-0.22412498331395908,-0.3207402306154836,-0.19625348792411387,-0.015956706795841456,2
0.400000111,10.001,-7.2224,3.561,0.0,2,-0.8489529149592313,-0.05963693204656011,0.01348605474922806,-0.27497664001537486,-0.27351370025426147,-0.21296371328207897,-0.03769640161190182,1
0.400000026,30.001,27.822,3.643,0.0,2,0.6557688906113732,0.016348335008660796,-0.03339521893853089,0.8730576983210631,0.035936489151790735,-0.1821253499283921,-0.07467164743575268,1
0.400000026,30.001,27.822,3.643,0.0,2,0.6557688906113732,0.03302152522373945,-0.03176811864017509,0.8755663439328782,0.018234211928211154,-0.17593487852369435,-0.08682403011480347,3
0.400000026,30.001,27.822,3.643,0.0,2,0.6557688906113732,0.05199297468177974,-0.024046242592157797,0.8636770286143292,0.06600429034093395,-0.14408770131645723,-0.06991464372724294,5
0.400000026,30.001,27.822,3.643,0.0,2,0.6557688906113732,0.07203726066160016,-0.04262474636081606,0.8475837147748098,0.03482268610154279,-0.16624622966861352,-0.06315336745232343,2
0.400000026,30.001,27.822,3.643,0.0,2,0.6557688906113732,0.09031899029272608,-0.03145213863812387,0.8529046456364449,0.05145634431857616,-0.19156955998332706,-0.052699089385569095,4
0.4,30.003,26.0,3.6381,0.206889655,1,0.9025121538581928,0.005265996432572137,-0.0790229062200524,0.8727418099693023,0.009274304845603184,0.08739823069248814,0.023450130615383386,3
0.4,30.003,11.431,3.6277,0.206893103,1,0.33151273666873105,0.06040519652888179,-0.05269410953391343,0.5931516662542708,-0.0019608363369479774,0.10191299843951128,0.01607161806896329,4
0.4,10.003,40.298,3.6413,0.206896552,1,1.3996487278365422,0.04332757542608306,0.02039703457208816,0.926094856467098,0.011876470018178225,0.09927261359989643,0.019604505982715636,1
0.4,10.004,25.178,3.6345,0.206896552,1,1.3455775534979455,0.029663944465573876,-0.0009463739808415994,0.8152036991319619,-0.01041296442039311,0.09430018994025886,0.01694779417710379,1
0.4,10.003,40.298,3.6413,0.206896552,1,1.3996487278365422,0.05514437381061725,0.015048875657375902,0.9017506305011921,0.037397732045501474,0.11406854079919868,0.01460241451393813,4
0.4,10.004,25.178,3.6345,0.206896552,1,1.3455775534979455,0.07023911131313071,0.013761574062518775,0.8303631656686775,0.024638010701164604,0.1152239228237886,0.015541448569856585,4
0.4,2.003,39.892,3.6305,0.206893103,1,1.4497559854192885,0.025876399206463247,0.07401762978697661,0.9358346646372229,0.011111908887978644,0.09730913336738013,0.019604505982715636,1
0.4,30.003,26.0,3.6381,0.206889655,1,0.9025121538581928,0.07887558798422106,-0.06683912550099194,0.8548367623379454,0.0177782873949036,0.08857433498604222,0.020502789486199616,2
0.4,30.003,11.431,3.6277,0.206893103,1,0.33151273666873105,0.008497918711509556,-0.06476034587481991,0.5745548404077999,-0.07829936371883378,0.08494704050477594,0.01977091113338247,1
0.4,10.003,11.403,3.6279,0.206896552,1,0.7689951549622164,0.025481220216024666,0.02974120296421461,0.5967529295687564,-0.04897049779072404,0.09715945885051042,0.01977091113338247,1
0.4,2.003,1.3104,3.5857,0.2069,1,0.18758347756196647,0.009633476072922349,0.0618750238919165,0.2028704799641855,-0.2856887433445081,0.0955300242814701,0.013942393038887531,1
0.4,2.003,39.892,3.6305,0.206893103,1,1.4497559854192885,0.06042205693083815,0.06263018032768741,0.9171212775795721,0.009925308264791965,0.11356792469916399,0.01519684290047735,4
0.4,10.003,11.403,3.6279,0.206896552,1,0.7689951549622164,0.0615267674671486,0.013982608711812646,0.6015336314751767,0.020102047184482216,0.11530259632854722,0.01607161806896329,4
0.4,2.003,1.3104,3.5857,0.2069,1,0.18758347756196647,0.05508294438244775,0.05147208286216483,0.23858161797514185,-0.33206338324831447,0.09985387378314044,0.015398841155692934,4
0.4,10.003,11.403,3.6279,0.206896552,1,0.7689951549622164,0.009234293105255347,0.017374239658238366,0.6369608624442481,-0.02518671906553209,0.10390630294277799,0.020658184830099343,3
0.4,10.004,25.178,3.6345,0.206896552,1,1.3455775534979455,0.02959312053368194,-0.004007218945771456,0.825090155537473,0.04287977290339768,0.09650162548583467,0.023450130615383386,3
0.4,30.003,26.0,3.6381,0.206889655,1,0.9025121538581928,0.027410039879905524,-0.056873530848824884,0.8784161766339094,-0.00025514388922601936,0.08616857813671232,0.019604505982715636,1
0.4,10.004,25.178,3.6345,0.206896552,1,1.3455775534979455,0.03315605831798166,0.02096725444542244,0.829469710928388,-0.02270792628172785,0.0832910168566741,0.019535446991212665,5
0.4,10.003,40.298,3.6413,0.206896552,1,1.3996487278365422,0.02384034569375217,0.02096725444542244,0.9603950511815492,0.060448125230614096,0.08284328490728513,0.025023345886729657,5
0.4,2.003,39.892,3.6305,0.206893103,1,1.4497559854192885,0.021785706001101062,0.06563525827368721,0.9796218772570137,-0.004667669998016208,0.083247526709456,0.019395495974458755,5
0.4,2.003,1.3104,3.5857,0.2069,1,0.18758347756196647,-0.006270788077090401,0.06658350433805026,0.23837465974967928,-0.17940295854117722,0.09633232154155849,0.01834409383125603,3
0.4,30.003,11.431,3.6277,0.206893103,1,0.33151273666873105,0.028796725277788936,-0.05510858300840482,0.6722521059587598,-0.09243959052488208,0.07278839347884059,0.019902914869599043,5
0.4,30.003,26.0,3.6381,0.206889655,1,0.9025121538581928,0.0685232713422738,-0.053799663032405076,0.8568980073067359,0.020698065725155174,0.10185385130462236,0.014947020183317363,4
0.4,10.003,40.298,3.6413,0.206896552,1,1.3996487278365422,0.07539915100322105,0.012831163089722396,0.9644152081245556,0.02964694167021662,0.10380036695627495,0.020553446486592294,2
0.4,30.003,11.431,3.6277,0.206893103,1,0.33151273666873105,0.009011884748179,-0.06781050744932145,0.6232968689140398,-0.04674836553982459,0.08966415678791236,0.020658184830099343,3
0.4,2.003,39.892,3.6305,0.206893103,1,1.4497559854192885,0.007358591416559648,0.07993769614491612,0.952187970476225,0.02007359765470028,0.10122461032879074,0.023303715847432613,3
0.4,2.003,1.3104,3.5857,0.2069,1,0.18758347756196647,0.037076649989467116,0.06455788773484528,0.1712334955803817,-0.23264987901318818,0.07837698697810992,0.011280667558312417,2
0.4,30.003,11.431,3.6277,0.206893103,1,0.33151273666873105,0.10400597380241379,-0.060027381074614826,0.5462173820007592,-0.1042264332214836,0.08690701264655218,0.015650203418917954,2
0.4,10.003,11.403,3.6279,0.206896552,1,0.7689951549622164,0.02960297671146691,0.017043795569334177,0.6793758479179814,-0.05870652926620096,0.08632201878353954,0.019902914869599043,5
0.4,2.003,39.892,3.6305,0.206893103,1,1.4497559854192885,0.08304058876470663,0.09439347211737185,0.9622038702107966,0.015048089656047522,0.0964070236007683,0.018729399289004505,2
0.4,30.003,26.0,3.6381,0.206889655,1,0.9025121538581928,0.0334094482799992,-0.06178906704066321,0.8895852667943109,0.008495743786916136,0.06930965960258618,0.022808401104994117,5
0.4,2.003,1.3104,3.5857,0.2069,1,0.18758347756196647,-0.046033584900433196,0.05709515173686668,0.1657792937476188,-0.20652020864654333,0.08438818419585005,0.014168021599762142,5
0.4,10.004,25.178,3.6345,0.206896552,1,1.3455775534979455,0.080956829728093,-0.02861731620039791,0.8037166350288316,0.021051941993646323,0.09890381530625746,0.02063768015243113,2
0.4,10.003,40.298,3.6413,0.206896552,1,1.3996487278365422,0.006976431784860324,0.024142485896591098,0.9487159933801741,0.020291314162313938,0.10178527178999502,0.023303715847432613,3
0.4,10.003,11.403,3.6279,0.206896552,1,0.7689951549622164,0.10700259326724336,0.00776223361492157,0.5758689145604149,-0.03454885701765306,0.10841374590760097,0.01570086041931063,2
0.39999182,10.003,2.8287,3.5792,0.0,2,-0.0708432495764062,-0.027555065471678974,-0.0065052829403430225,0.21644509717356414,-0.16148910856922158,-0.1786823492462281,-0.060983344225678596,3
0.39999182,10.003,2.8287,3.5792,0.0,2,-0.0708432495764062,0.004674079678952694,0.003260363385779783,0.17147297729272395,-0.1676059327297844,-0.15372376611223446,-0.018813990568742157,5
0.39999182,10.003,2.8287,3.5792,0.0,2,-0.0708432495764062,0.09472623885143548,-0.009169435636140406,0.238842087732628,-0.18133859455003404,-0.1735053260042332,-0.05109733427409083,2
0.39999182,10.003,2.8287,3.5792,0.0,2,-0.0708432495764062,0.005453211685235147,0.0021400417480617762,0.23357929944526404,-0.22354636243078857,-0.20161018700222486,-0.06879608125425875,1
0.39999182,10.003,2.8287,3.5792,0.0,2,-0.0708432495764062,0.09403796011698433,-0.0016543349286075682,0.22651416752603837,-0.2808715871676395,-0.20006936409685294,-0.053787798839621245,4
0.399983333,2.003,-18.223,3.5891,0.0,1,-1.0455016974813043,0.03043325109698344,0.044747248020139525,-0.7237647776235826,-0.14273443187237717,-0.20142341445665807,0.006533755101263523,2
0.399983333,2.003,-18.223,3.5891,0.0,1,-1.0455016974813043,-0.02203778705210425,0.04065984041895718,-0.6661433506431058,-0.2163844732264988,-0.19973487436422147,0.006625645994208753,4
0.399983333,2.003,-18.223,3.5891,0.0,1,-1.0455016974813043,-0.058287338349909984,0.050682041151449087,-0.7155178909818641,-0.08417888617143035,-0.2130605447202106,0.01218460532836616,1
0.399983333,2.003,-18.223,3.5891,0.0,1,-1.0455016974813043,-0.053910487923130856,0.04208091859472916,-0.693365261736326,-0.14705098636564798,-0.18917293364880605,0.010386018445715309,3
0.399983333,2.003,-18.223,3.5891,0.0,1,-1.0455016974813043,-0.023787777399411424,0.03287980793858878,-0.6903859006986022,-0.1315628611156717,-0.20518365268129857,0.003889751620590687,5
0.399979176,10.002,1.0899,3.6544,0.0,3,0.27978491119118026,-0.016123326205124612,0.0034833834765595384,0.25606698231305924,0.013979225771035999,-0.20303288349299692,-0.05128631502855569,1
0.399979176,10.002,1.0899,3.6544,0.0,3,0.27978491119118026,-0.04473690925166011,0.0017150129785295576,0.2151177412911784,0.03154729976668023,-0.16666083798394538,-0.06368466713232919,3
0.399979176,10.002,1.0899,3.6544,0.0,3,0.27978491119118026,-0.00814405262004584,-0.006698653112398461,0.20937651296611876,0.022233374572824687,-0.15259704157011583,-0.05675814297050238,5
0.399979176,10.002,1.0899,3.6544,0.0,3,0.27978491119118026,0.06903212358709425,-0.009453762187622488,0.16221494789235294,-0.011428905463544652,-0.17515512799145655,-0.021709949234500526,2
0.399979176,10.002,1.0899,3.6544,0.0,3,0.27978491119118026,0.01271337465266697,-0.0007457105384673923,0.22969982192502358,0.03191449715741328,-0.20753989946038928,-0.021388337849639356,4
0.399976856,10.002,12.786,3.5786,0.0,2,0.44427905413074814,0.030444652378791945,0.00258970407419838,0.4954130744363647,-0.25223304180894046,-0.19006493033317384,-0.041151150693185624,4
0.399976856,10.002,12.786,3.5786,0.0,2,0.44427905413074814,-0.015277776317670941,0.00892913475050591,0.5492914721905254,-0.12882481381879188,-0.18872908855613788,-0.07210093351313844,3
0.399976856,10.002,12.786,3.5786,0.0,2,0.44427905413074814,0.12993763776961714,-0.002929573084693402,0.5446669690636918,-0.13382182857138106,-0.16237761007389054,-0.06915758107788861,2
0.399976856,10.002,12.786,3.5786,0.0,2,0.44427905413074814,0.0633373977150768,-0.0018311007053125649,0.6065186927421018,-0.1164487646589987,-0.17661028132308274,-0.05470216895453632,5
0.399976856,10.002,12.786,3.5786,0.0,2,0.44427905413074814,0.013947710848005954,0.015484559973701835,0.5258167651784607,-0.22449483430711553,-0.19743064495152793,-0.06964577951352112,1
0.399966667,10.003,-16.021,3.5485,0.206896552,1,-0.8106256722438497,0.0017522646440193057,0.0016518490394810215,-0.638055325638852,-0.3229401606251486,0.06564300397469197,0.007394428374245763,2
0.399966667,10.003,-16.021,3.5485,0.206896552,1,-0.8106256722438497,-0.06336895657004789,0.01315197266289033,-0.6294711341965012,-0.28026891134912146,0.09623452523723244,0.013089572945609688,1
0.399966667,10.003,-16.021,3.5485,0.206896552,1,-0.8106256722438497,-0.055120706167072056,0.009054327241610736,-0.6074234071746468,-0.2890848068986088,0.05254563314607367,0.009852541922591627,5
0.399966667,10.003,-16.021,3.5485,0.206896552,1,-0.8106256722438497,-0.09148169205989688,0.004927521648351103,-0.605520422894042,-0.2408521061320789,0.09510172350564972,0.007412179443053901,4
0.399966667,10.003,-16.021,3.5485,0.206896552,1,-0.8106256722438497,-0.11005860799486981,0.014514514050679281,-0.5730013053957372,-0.2655738981021568,0.09870165354310302,0.013760481304489076,3
0.399946667,2.004,-7.7797,3.5527,0.206896552,1,-0.45875827289536925,-0.10424304165528156,0.052616209767293184,-0.2701793324481696,-0.3442064073495567,0.0706981083820574,0.009934466914273798,5
0.399946667,2.004,-7.7797,3.5527,0.206896552,1,-0.45875827289536925,-0.11254627958638594,0.05200754767050966,-0.2708209359366447,-0.3367156978836283,0.10525592855992727,0.007412179443053901,4
0.399946667,2.004,-7.7797,3.5527,0.206896552,1,-0.45875827289536925,-0.06215802610386163,0.04455010621226393,-0.2713744895113632,-0.35482047769008207,0.09648934993310831,0.013089572945609688,1
0.399946667,2.004,-7.7797,3.5527,0.206896552,1,-0.45875827289536925,-0.17984900149633176,0.06455788773484528,-0.2059685560670914,-0.35847088223323226,0.07733165279554668,0.0054668810591101645,2
0.399946667,2.004,-7.7797,3.5527,0.206896552,1,-0.45875827289536925,-0.1338218806896475,0.06267009420669638,-0.2817798875947483,-0.338003802690655,0.10119573301373748,0.013760481304489076,3
0.399933333,10.002,-8.417,3.5792,0.206896552,1,-0.4437679679806422,-0.13115800263825805,0.020166409293888136,-0.3011066311551258,-0.26653547188965604,0.10406151502393186,0.0122040952462703,1
0.399933333,30.004,-7.0361,3.61,0.107139286,1,-0.40890224947320447,-0.18567993741336977,-0.04186352986143902,-0.20954395415727048,-0.14535738623002545,0.05669378537684679,0.011088888726662844,1
0.399933333,30.004,-7.0361,3.61,0.107139286,1,-0.40890224947320447,-0.2525228111259639,-0.031729062020313,-0.1518282792280661,-0.10014491233392618,0.01199480484938249,0.0008256990090012551,2
0.399933333,30.004,-7.0361,3.61,0.107139286,1,-0.40890224947320447,-0.13958668485749512,-0.03540242366027087,-0.22933159349951893,-0.14084548078943043,0.024737292195204645,0.006414075628854334,5
0.399933333,30.004,-7.0361,3.61,0.107139286,1,-0.40890224947320447,-0.17173988434049534,-0.04181227765278891,-0.20465207580011338,-0.15004686622763985,0.015522315150301438,0.011136880209669471,3
0.399933333,30.005,-15.684,3.5653,0.206889655,1,-0.815064142414132,-0.1422292221756652,-0.029086353587335908,-0.5448983239516383,-0.3267671781778336,0.06787439966807142,0.0051515277475118635,2
0.399933333,10.002,-8.417,3.5792,0.206896552,1,-0.4437679679806422,-0.12562905709259212,0.011976560454349965,-0.3030588100478053,-0.18477611105889083,0.09291079520015046,0.009819690864533185,5
0.399933333,30.004,-7.0361,3.61,0.107139286,1,-0.40890224947320447,-0.17173988434049534,-0.04181227765278891,-0.20465207580011338,-0.15004686622763985,0.015522315150301438,0.011136880209669471,3
0.399933333,30.004,-7.0361,3.61,0.107139286,1,-0.40890224947320447,-0.11724499178817496,-0.028925698497332633,-0.25818667326355355,-0.19793268056353555,0.027246510351542384,0.007612205841578543,4
0.399933333,30.005,-15.684,3.5653,0.206889655,1,-0.815064142414132,-0.10099623770074687,-0.044474953499156984,-0.5981773464730941,-0.2509666145197116,0.08849374980665743,0.0122040952462703,1
0.399933333,30.005,-15.684,3.5653,0.206889655,1,-0.815064142414132,-0.061517200437374416,-0.03210460556903854,-0.5972958941478282,-0.2732935738563538,0.045902884125243876,0.009852541922591627,5
0.399933333,30.005,-15.684,3.5653,0.206889655,1,-0.815064142414132,-0.11462868593633174,-0.03757396327797324,-0.5748471341398544,-0.26620547473197803,0.09041350481798872,0.007412179443053901,4
0.399933333,10.002,-8.417,3.5792,0.206896552,1,-0.4437679679806422,-0.1886331827894901,0.017102601347723977,-0.3572866302728653,-0.23431763041997328,0.104699554645631,0.011600029477849603,3
0.399933333,30.005,-15.684,3.5653,0.206889655,1,-0.815064142414132,-0.061517200437374416,-0.03210460556903854,-0.5972958941478282,-0.2732935738563538,0.045902884125243876,0.009852541922591627,5
0.399933333,30.004,-7.0361,3.61,0.107139286,1,-0.40890224947320447,-0.18567993741336977,-0.04186352986143902,-0.20954395415727048,-0.14535738623002545,0.05669378537684679,0.011088888726662844,1
0.399933333,30.005,-15.684,3.5653,0.206889655,1,-0.815064142414132,-0.1422292221756652,-0.029086353587335908,-0.5448983239516383,-0.3267671781778336,0.06787439966807142,0.0051515277475118635,2
0.399933333,30.005,-15.684,3.5653,0.206889655,1,-0.815064142414132,-0.1425172618034412,-0.05373546784510836,-0.532253063376993,-0.27213281646720133,0.08692499195894925,0.013760481304489076,3
0.399933333,10.002,-8.417,3.5792,0.206896552,1,-0.4437679679806422,-0.24893564089667053,-0.0027158157085068525,-0.3093848984775832,-0.2168295619264245,0.08691347207641228,0.005202184747904539,2
0.399933333,30.004,-7.0361,3.61,0.107139286,1,-0.40890224947320447,-0.2525228111259639,-0.031729062020313,-0.1518282792280661,-0.10014491233392618,0.01199480484938249,0.0008256990090012551,2
0.399933333,30.004,-7.0361,3.61,0.107139286,1,-0.40890224947320447,-0.13958668485749512,-0.03540242366027087,-0.22933159349951893,-0.14084548078943043,0.024737292195204645,0.006414075628854334,5
0.399933333,30.005,-15.684,3.5653,0.206889655,1,-0.815064142414132,-0.11462868593633174,-0.03757396327797324,-0.5748471341398544,-0.26620547473197803,0.09041350481798872,0.007412179443053901,4
0.399933333,30.005,-15.684,3.5653,0.206889655,1,-0.815064142414132,-0.1425172618034412,-0.05373546784510836,-0.532253063376993,-0.27213281646720133,0.08692499195894925,0.013760481304489076,3
0.399933333,10.002,-8.417,3.5792,0.206896552,1,-0.4437679679806422,-0.14304465275024994,0.0037934209522791206,-0.3240804394823499,-0.32362109678331763,0.10688113531330601,0.007412179443053901,4
0.399933333,30.005,-15.684,3.5653,0.206889655,1,-0.815064142414132,-0.10099623770074687,-0.044474953499156984,-0.5981773464730941,-0.2509666145197116,0.08849374980665743,0.0122040952462703,1
0.399933333,30.004,-7.0361,3.61,0.107139286,1,-0.40890224947320447,-0.11724499178817496,-0.028925698497332633,-0.25818667326355355,-0.19793268056353555,0.027246510351542384,0.007612205841578543,4
0.39991,10.004,-17.719,3.596,0.0,1,-1.0726629017308935,-0.05882337314571487,-0.008944671485805885,-0.6820553656620905,-0.11050878324196674,-0.19227150691556744,0.010386018445715309,3
0.39991,10.004,-17.719,3.596,0.0,1,-1.0726629017308935,-0.05591942227794789,-0.0031338772957678882,-0.6690221771085635,-0.1182247731089592,-0.19728560308227316,0.006825672392733395,4
0.39991,10.004,-17.719,3.596,0.0,1,-1.0726629017308935,-0.02157003649510443,0.0024408213992137464,-0.6762801559921354,-0.13548233764711767,-0.2049173964606598,0.002312695486471057,5
0.39991,10.004,-17.719,3.596,0.0,1,-1.0726629017308935,-0.0869569398261956,-0.005887996854726225,-0.6752828601864167,-0.08904994356445968,-0.21978141053579747,0.01129912762902677,1
0.39991,10.004,-17.719,3.596,0.0,1,-1.0726629017308935,-0.10805379041703418,-0.018130494679207913,-0.6554809101927094,-0.10814187927520834,-0.20663780849892646,-0.0002523696888238192,2
0.3999,30.004,-15.107,3.5821,0.10715,1,-0.7882379170453189,-0.06504048344679177,-0.03409148988779634,-0.6035256832372398,-0.20258518713060766,0.0008699930529110134,0.005597118875011802,5
0.3999,30.004,-6.7914,3.5973,0.206893103,1,-0.4346118785727642,-0.14837082204641774,-0.03963663268368691,-0.23726105955662205,-0.20573909321567044,0.09575724448775873,0.007872579181566834,4
0.3999,30.003,-15.8,3.63,0.103448276,1,-0.7827665953259771,-0.15685970380058278,-0.02755013483809307,-0.6362920179381035,-0.10704921805299819,0.03012489216402173,0.01130015327828005,1
0.3999,30.005,-7.337,3.6458,0.199996667,1,-0.3915950072997767,-0.1894691035221331,-0.0324663321627304,-0.23557786132907496,-0.0164692233200185,0.016983229513280095,0.007454500361345709,4
0.3999,30.004,-6.7914,3.5973,0.206893103,1,-0.4346118785727642,-0.13873678904026746,-0.04765801028115675,-0.22265938902739435,-0.15141251253546215,0.0738410359597765,0.010349910124205053,5
0.3999,30.004,-15.107,3.5821,0.10715,1,-0.7882379170453189,-0.15259520730935036,-0.021361078214249575,-0.5585864544840297,-0.21811874242848717,0.005785974806640297,0.004456493710167706,2
0.3999,30.004,-15.107,3.5821,0.10715,1,-0.7882379170453189,-0.06504048344679177,-0.03409148988779634,-0.6035256832372398,-0.20258518713060766,0.0008699930529110134,0.005597118875011802,5
0.3999,30.004,-6.7914,3.5973,0.206893103,1,-0.4346118785727642,-0.25203127522952856,-0.048326752653811124,-0.16140797595784534,-0.13403161005116998,0.09570224178722128,0.004902925649657846,2
0.3999,30.003,-15.412,3.622,0.200003333,1,-0.7766253158450834,-0.07212206229101867,-0.03409148988779634,-0.6187519795680418,-0.1449776035780087,0.008077684415038675,0.005597118875011802,5
0.3999,30.003,-15.412,3.622,0.200003333,1,-0.7766253158450834,-0.15077693939063466,-0.037592456929851324,-0.621216562835034,-0.11342127620009705,0.0545627629943192,0.01130015327828005,1
0.3999,30.004,-6.7914,3.5973,0.206893103,1,-0.4346118785727642,-0.17783440731232986,-0.04874602643074468,-0.200113478587009,-0.1371416924172081,0.09305995892733336,0.011501962773036212,1
0.3999,30.003,-15.8,3.63,0.103448276,1,-0.7827665953259771,-0.07212206229101867,-0.03409148988779634,-0.6377049852674826,-0.1259249188611284,-0.002009983176831156,0.005597118875011802,5
0.3999,30.005,-7.337,3.6458,0.199996667,1,-0.3915950072997767,-0.1894691035221331,-0.0324663321627304,-0.23557786132907496,-0.0164692233200185,0.016983229513280095,0.007454500361345709,4
0.3999,30.004,-6.7914,3.5973,0.206893103,1,-0.4346118785727642,-0.14837082204641774,-0.03963663268368691,-0.23726105955662205,-0.20573909321567044,0.09575724448775873,0.007872579181566834,4
0.3999,30.003,-15.412,3.622,0.200003333,1,-0.7766253158450834,-0.1651451611149241,-0.03338770842878148,-0.5560430617630482,-0.18410707089933567,0.009084439880389254,0.011136880209669471,3
0.3999,30.005,-7.337,3.6458,0.199996667,1,-0.3915950072997767,-0.20426840679574526,-0.04028105794073781,-0.2619121974124573,-0.08387426906265319,0.058083309275098145,0.01130015327828005,1
0.3999,30.004,-6.7914,3.5973,0.206893103,1,-0.4346118785727642,-0.18267473443906057,-0.06035810323664918,-0.19086852116044611,-0.14464042431558483,0.0904014657784137,0.01211450801230967,3
0.3999,30.005,-7.337,3.6458,0.199996667,1,-0.3915950072997767,-0.1879244874001597,-0.040808655635337344,-0.2568238345277496,-0.08350515010184609,0.015976660975429696,0.01210713226813823,3
0.3999,30.004,-6.7914,3.5973,0.206893103,1,-0.4346118785727642,-0.13873678904026746,-0.04765801028115675,-0.22265938902739435,-0.15141251253546215,0.0738410359597765,0.010349910124205053,5
0.3999,30.005,-7.337,3.6458,0.199996667,1,-0.3915950072997767,-0.13812031037639827,-0.03540242366027087,-0.27749584168661384,-0.06304071759339422,0.025726853681262582,0.00719884124584496,5
0.3999,30.003,-15.8,3.63,0.103448276,1,-0.7827665953259771,-0.1466114042699337,-0.026051090317196213,-0.6381197785626864,-0.09650253998697736,-0.007412553017493337,0.0001100174430757761,2
0.3999,30.005,-7.337,3.6458,0.199996667,1,-0.3915950072997767,-0.22930461906827987,-0.03074668524088338,-0.19504469189152587,-0.04177080359659158,0.010852301290724427,0.0006775579415261746,2
0.3999,30.004,-6.7914,3.5973,0.206893103,1,-0.4346118785727642,-0.25203127522952856,-0.048326752653811124,-0.16140797595784534,-0.13403161005116998,0.09570224178722128,0.004902925649657846,2
0.3999,30.003,-15.412,3.622,0.200003333,1,-0.7766253158450834,-0.1574917727895081,-0.026051090317196213,-0.5670281815523048,-0.11547291118069553,-0.00029431312112137675,0.0001100174430757761,2
0.3999,30.004,-15.107,3.5821,0.10715,1,-0.7882379170453189,-0.1663927737440099,-0.03464338770834729,-0.519744850769639,-0.2564487156586256,0.015364034741360229,0.011136880209669471,3
0.3999,30.003,-15.412,3.622,0.200003333,1,-0.7766253158450834,-0.07212206229101867,-0.03409148988779634,-0.6187519795680418,-0.1449776035780087,0.008077684415038675,0.005597118875011802,5
0.3999,30.005,-7.337,3.6458,0.199996667,1,-0.3915950072997767,-0.13812031037639827,-0.03540242366027087,-0.27749584168661384,-0.06304071759339422,0.025726853681262582,0.00719884124584496,5
0.3999,30.003,-15.412,3.622,0.200003333,1,-0.7766253158450834,-0.15077693939063466,-0.037592456929851324,-0.621216562835034,-0.11342127620009705,0.0545627629943192,0.01130015327828005,1
0.3999,30.003,-15.412,3.622,0.200003333,1,-0.7766253158450834,-0.14863601149525493,-0.025926920813508333,-0.6064809987065383,-0.16260448893299326,0.02158542291028425,0.007612205841578543,4
0.3999,30.004,-15.107,3.5821,0.10715,1,-0.7882379170453189,-0.13910435750614852,-0.028720166510902347,-0.5548414495470934,-0.27764793164795265,0.02750021266983822,0.007412179443053901,4
0.3999,30.003,-15.8,3.63,0.103448276,1,-0.7827665953259771,-0.13368915401428239,-0.03238408641132992,-0.6155866345996037,-0.13627500760252587,0.006033534195448737,0.011136880209669471,3
0.3999,30.004,-15.107,3.5821,0.10715,1,-0.7882379170453189,-0.15259520730935036,-0.021361078214249575,-0.5585864544840297,-0.21811874242848717,0.005785974806640297,0.004456493710167706,2
0.3999,30.003,-15.412,3.622,0.200003333,1,-0.7766253158450834,-0.1651451611149241,-0.03338770842878148,-0.5560430617630482,-0.18410707089933567,0.009084439880389254,0.011136880209669471,3
0.3999,30.003,-15.412,3.622,0.200003333,1,-0.7766253158450834,-0.1574917727895081,-0.026051090317196213,-0.5670281815523048,-0.11547291118069553,-0.00029431312112137675,0.0001100174430757761,2
0.3999,30.005,-7.337,3.6458,0.199996667,1,-0.3915950072997767,-0.1879244874001597,-0.040808655635337344,-0.2568238345277496,-0.08350515010184609,0.015976660975429696,0.01210713226813823,3
0.3999,30.003,-15.8,3.63,0.103448276,1,-0.7827665953259771,-0.1466114042699337,-0.026051090317196213,-0.6381197785626864,-0.09650253998697736,-0.007412553017493337,0.0001100174430757761,2
0.3999,30.004,-15.107,3.5821,0.10715,1,-0.7882379170453189,-0.1663927737440099,-0.03464338770834729,-0.519744850769639,-0.2564487156586256,0.015364034741360229,0.011136880209669471,3
0.3999,30.004,-6.7914,3.5973,0.206893103,1,-0.4346118785727642,-0.18267473443906057,-0.06035810323664918,-0.19086852116044611,-0.14464042431558483,0.0904014657784137,0.01211450801230967,3
0.3999,30.005,-7.337,3.6458,0.199996667,1,-0.3915950072997767,-0.20426840679574526,-0.04028105794073781,-0.2619121974124573,-0.08387426906265319,0.058083309275098145,0.01130015327828005,1
0.3999,30.004,-6.7914,3.5973,0.206893103,1,-0.4346118785727642,-0.17783440731232986,-0.04874602643074468,-0.200113478587009,-0.1371416924172081,0.09305995892733336,0.011501962773036212,1
0.3999,30.004,-15.107,3.5821,0.10715,1,-0.7882379170453189,-0.12814646950777386,-0.037592456929851324,-0.5917971431626938,-0.23632717728381977,0.05104343281127512,0.0122040952462703,1
0.3999,30.004,-15.107,3.5821,0.10715,1,-0.7882379170453189,-0.12814646950777386,-0.037592456929851324,-0.5917971431626938,-0.23632717728381977,0.05104343281127512,0.0122040952462703,1
0.3999,30.003,-15.8,3.63,0.103448276,1,-0.7827665953259771,-0.1456416880013421,-0.0285389857692644,-0.64062104962999,-0.06323619957780466,0.008040646968875081,0.007612205841578543,4
0.3999,30.003,-15.8,3.63,0.103448276,1,-0.7827665953259771,-0.15685970380058278,-0.02755013483809307,-0.6362920179381035,-0.10704921805299819,0.03012489216402173,0.01130015327828005,1
0.3999,30.004,-15.107,3.5821,0.10715,1,-0.7882379170453189,-0.13910435750614852,-0.028720166510902347,-0.5548414495470934,-0.27764793164795265,0.02750021266983822,0.007412179443053901,4
0.3999,30.003,-15.8,3.63,0.103448276,1,-0.7827665953259771,-0.1456416880013421,-0.0285389857692644,-0.64062104962999,-0.06323619957780466,0.008040646968875081,0.007612205841578543,4
0.3999,30.003,-15.8,3.63,0.103448276,1,-0.7827665953259771,-0.07212206229101867,-0.03409148988779634,-0.6377049852674826,-0.1259249188611284,-0.002009983176831156,0.005597118875011802,5
0.3999,30.003,-15.8,3.63,0.103448276,1,-0.7827665953259771,-0.13368915401428239,-0.03238408641132992,-0.6155866345996037,-0.13627500760252587,0.006033534195448737,0.011136880209669471,3
0.3999,30.005,-7.337,3.6458,0.199996667,1,-0.3915950072997767,-0.22930461906827987,-0.03074668524088338,-0.19504469189152587,-0.04177080359659158,0.010852301290724427,0.0006775579415261746,2
0.3999,30.003,-15.412,3.622,0.200003333,1,-0.7766253158450834,-0.14863601149525493,-0.025926920813508333,-0.6064809987065383,-0.16260448893299326,0.02158542291028425,0.007612205841578543,4
0.399893333,2.003,-17.536,3.5151,0.2069,1,-0.9155298917402075,-0.06095737929950701,0.04882228976232,-0.6217019944544881,-0.30487972548697145,0.09361116516462062,0.013205344178713859,3
0.399893333,2.003,-17.536,3.5151,0.2069,1,-0.9155298917402075,-0.11869348764244933,0.045566937241819684,-0.6337483168643666,-0.322656016277615,0.06636263952648733,0.0054668810591101645,2
0.399893333,2.003,-17.536,3.5151,0.2069,1,-0.9155298917402075,-0.018770256409188734,0.03464952651644126,-0.6488357430463657,-0.38686671905219555,0.04236565332394093,0.009272170751355589,5
0.399893333,2.003,-17.536,3.5151,0.2069,1,-0.9155298917402075,-0.09312225858913735,0.046530744197079914,-0.6488897514995188,-0.30946342563955115,0.07709791606175713,0.0122040952462703,1
0.399893333,2.003,-17.536,3.5151,0.2069,1,-0.9155298917402075,-0.07503765560220926,0.0427628513192758,-0.6624843120877631,-0.24138486460084096,0.08915405686595478,0.007412179443053901,4
0.399883333,2.002,-17.588,3.5304,0.206896552,1,-0.8645851869555207,-0.07098123676376417,0.05051946380059235,-0.6488897514995188,-0.2699294304358773,0.09097143081831746,0.0122040952462703,1
0.399883333,2.002,-17.588,3.5304,0.206896552,1,-0.8645851869555207,-0.117069584124838,0.04885083114088047,-0.6405164342996431,-0.3031853635120206,0.07040435482806061,0.0054668810591101645,2
0.399883333,2.002,-17.588,3.5304,0.206896552,1,-0.8645851869555207,-0.02493142334627919,0.04190967517206445,-0.6711158624384552,-0.26809157932177186,0.05146408368367702,0.009934466914273798,5
0.399883333,2.002,-17.588,3.5304,0.206896552,1,-0.8645851869555207,-0.06095737929950701,0.04882228976232,-0.6299454708676785,-0.2915958124259487,0.09361116516462062,0.013760481304489076,3
0.399883333,2.002,-17.588,3.5304,0.206896552,1,-0.8645851869555207,-0.07503765560220926,0.0427628513192758,-0.6624843120877631,-0.24138486460084096,0.08915405686595478,0.007412179443053901,4
0.3998,30.003,0.47786,3.6517,0.206889655,1,-0.0069275925419772805,-0.10162665243260563,-0.047065872340463104,0.04856355824740603,-0.002931681980844587,0.11755105642136186,0.007714873701333999,4
0.3998,30.003,0.47786,3.6517,0.206889655,1,-0.0069275925419772805,-0.09760811239277245,-0.04579935010231566,-0.021605125939822757,-0.04405041013495065,0.09589710175263462,0.012325309277512133,3
0.3998,30.003,0.47786,3.6517,0.206889655,1,-0.0069275925419772805,-0.06575200210791081,-0.04765801028115675,0.0070178287476301195,-0.09914297746436204,0.07062798770843073,0.01382325888145715,5
0.3998,30.003,0.47786,3.6517,0.206889655,1,-0.0069275925419772805,-0.12162599164381391,-0.04718684231484076,-0.026378976642154158,-0.08277088038623333,0.09524390704929829,0.011501962773036212,1
0.3998,30.003,0.47786,3.6517,0.206889655,1,-0.0069275925419772805,-0.16301704704761505,-0.0460340689192526,0.02055430158681702,-0.04950562903191894,0.09024786337511614,0.005470466148108244,2
0.399766667,30.003,0.86228,3.6222,0.107142857,1,-0.023788196207703734,-0.14492957772687076,-0.030418755065184086,0.08173161621845793,-0.11692571909516118,0.008047067138832062,0.0012324001407250762,2
0.399766667,30.003,0.86228,3.6222,0.107142857,1,-0.023788196207703734,-0.06762666134862229,-0.027061021509580313,0.17159807342337444,-0.1865118829277344,0.03778336935909465,0.008384712440893054,4
0.399766667,30.003,0.18245,3.616,0.206896552,1,-0.0580956165805147,-0.10437029278604314,-0.0368433869862929,-0.02227107087848708,-0.15809844948584215,0.0931470295181498,0.007872579181566834,4
0.399766667,30.003,0.18245,3.616,0.206896552,1,-0.0580956165805147,-0.1211878625000827,-0.04874602643074468,-0.03327894836198539,-0.1260036848508753,0.094664336591959,0.011501962773036212,1
0.399766667,30.003,0.18245,3.616,0.206896552,1,-0.0580956165805147,-0.10039299266209127,-0.05765023081796244,-0.02468988532142248,-0.13358799530542456,0.089193435345951,0.01211450801230967,3
0.399766667,30.003,0.86228,3.6222,0.107142857,1,-0.023788196207703734,-0.12752891020703827,-0.04186352986143902,0.02310678463894874,-0.13953532763058318,0.057649426274001596,0.012644245633855461,1
0.399766667,30.003,0.18245,3.616,0.206896552,1,-0.0580956165805147,-0.05687895582523197,-0.04765801028115675,-0.02332810597959906,-0.17415128840715624,0.07074549205368384,0.010927897836081684,5
0.399766667,30.003,0.86228,3.6222,0.107142857,1,-0.023788196207703734,-0.05927352014929056,-0.03540242366027087,0.16519752309657634,-0.17538030862342566,0.01868680419633165,0.009945449610240758,5
0.399766667,30.003,0.86228,3.6222,0.107142857,1,-0.023788196207703734,-0.09141592786443653,-0.040438564394135026,0.04794597890751902,-0.16314254137105308,0.010663883613597136,0.011391938189044595,3
0.399766667,30.003,0.18245,3.616,0.206896552,1,-0.0580956165805147,-0.17829155896790325,-0.04701644569868222,0.0013728779152734204,-0.10138818038627505,0.09278399321017787,0.004902925649657846,2
0.399466667,30.004,-8.7975,3.6123,0.0,1,-0.8143383548391173,-0.14948270659922855,-0.03536964671453461,-0.3619759051594883,-0.1453833836328704,-0.17874452238087543,0.010386018445715309,3
0.399466667,30.004,-8.7975,3.6123,0.0,1,-0.8143383548391173,-0.210769384088926,-0.03291012622881681,-0.3503856798517518,-0.06348516768193804,-0.20178435607347636,-0.0002569538727402687,2
0.399466667,30.004,-8.7975,3.6123,0.0,1,-0.8143383548391173,-0.12931376482709311,-0.029696577843278647,-0.3818399863515515,-0.1596855999249965,-0.21145151627250017,0.006825672392733395,4
0.399466667,30.004,-8.7975,3.6123,0.0,1,-0.8143383548391173,-0.09458761676680297,-0.02252541281748563,-0.34739451478701083,-0.13827897517941892,-0.17697750612627716,0.002312695486471057,5
0.399466667,30.004,-8.7975,3.6123,0.0,1,-0.8143383548391173,-0.15618001688591904,-0.030675656211096792,-0.33482026003533977,-0.09875823280075564,-0.2075898527377285,0.010149946252349764,1
0.396966667,30.002,-17.949,3.5957,0.0,1,-1.1129971504669998,-0.04958387425285764,-0.01941619096440263,-0.6676881830906496,-0.10859487026929855,-0.2055682733724825,0.006825672392733395,4
0.396966667,30.002,-17.949,3.5957,0.0,1,-1.1129971504669998,-0.09238006207480794,-0.02285474801203236,-0.6721819103253074,-0.08792211581254378,-0.20162031408399345,0.01129912762902677,1
0.396966667,30.002,-17.949,3.5957,0.0,1,-1.1129971504669998,-0.10072078434051945,-0.021899228055845016,-0.6582784488447941,-0.10890861253603362,-0.20663780849892646,-0.0002523696888238192,2
0.396966667,30.002,-17.949,3.5957,0.0,1,-1.1129971504669998,-0.05976664811867522,-0.021541584071237595,-0.674196982360445,-0.11158074515988119,-0.18551773991785012,0.010386018445715309,3
0.396966667,30.002,-17.949,3.5957,0.0,1,-1.1129971504669998,-0.021793042267672716,-0.014148430870845915,-0.6713366775587201,-0.1396064818603918,-0.18892447372432797,0.002312695486471057,5
0.350033333,30.0,11.186,3.5942,0.206896552,1,0.1386486460619358,-0.0888110536034219,-0.05918023064616136,0.5383155992231332,-0.11661896775243803,0.08574167067650705,0.015863697081804275,1
0.350033333,30.0,11.186,3.5942,0.206896552,1,0.1386486460619358,-0.15622061666334047,-0.03689709960017353,0.4564282998186536,-0.13647114267223515,0.0971770560531877,0.00802029757760465,2
0.350033333,2.003,-7.9179,3.5772,0.0,1,-0.7339155085461405,-0.08312660183873959,0.04358634253381752,-0.283248282414861,-0.1771362161030993,-0.20375467679696158,0.003889751620590687,5
0.350033333,2.003,-7.9179,3.5772,0.0,1,-0.7339155085461405,-0.09423222495708615,0.05140199887217022,-0.3101559005014133,-0.2881400769087486,-0.22309154722024688,0.006625645994208753,4
0.350033333,10.004,-9.7852,3.5727,0.0,1,-0.8685770186181017,-0.12702753423276592,-0.015420927033992483,-0.39431617672089486,-0.2312594747741241,-0.1912746679375414,0.010351270120590925,3
0.350033333,2.003,-7.9179,3.5772,0.0,1,-0.7339155085461405,-0.10666157185594784,0.05494482047855854,-0.29599866120610385,-0.19705219494644552,-0.19414672667626293,0.010386018445715309,3
0.350033333,10.004,-9.7852,3.5727,0.0,1,-0.8685770186181017,-0.05212418089620769,-0.0005286675819661468,-0.539274035077542,-0.17871955626178532,-0.2104421688360162,0.002312695486471057,5
0.350033333,30.0,11.186,3.5942,0.206896552,1,0.1386486460619358,-0.049960285581182685,-0.026310932482592763,0.514526808981318,-0.1172864504577592,0.1103142420842778,0.011495749121531845,4
0.350033333,30.0,11.186,3.5942,0.206896552,1,0.1386486460619358,-0.05905988145415904,-0.02145790682872757,0.5936541832616785,-0.06666741613764315,0.09906815114140045,0.020149676594883204,3
0.350033333,2.003,-7.9179,3.5772,0.0,1,-0.7339155085461405,-0.1562670656107366,0.06045430461410433,-0.25482439577346666,-0.19528423622832633,-0.19130070643033834,0.004533482203260064,2
0.350033333,10.004,-9.7852,3.5727,0.0,1,-0.8685770186181017,-0.0983921700049541,-0.006037146402522921,-0.43689019643468785,-0.2206110161356628,-0.21755732187535615,0.011053888220340013,1
0.350033333,2.003,-7.9179,3.5772,0.0,1,-0.7339155085461405,-0.10227403072960442,0.05934500665869564,-0.28760502903489393,-0.24410622539930046,-0.21632543808344054,0.011053888220340013,1
0.350033333,2.003,25.353,3.5906,0.206893103,1,1.3679653086964765,0.03499016329995357,0.06563525827368721,0.8631063509685919,-0.09162062820512801,0.08765252706361934,0.019395495974458755,5
0.350033333,10.004,-9.7852,3.5727,0.0,1,-0.8685770186181017,-0.16124104127753525,-0.020441363765858114,-0.4429318500566296,-0.18673328650998883,-0.19174244149122388,0.0040895223943516615,2
0.350033333,2.003,25.353,3.5906,0.206893103,1,1.3679653086964765,0.028517875079996882,0.06350519297411665,0.8042700349376537,-0.24454588383436204,0.10777465074963402,0.010881753605790436,4
0.350033333,10.004,-9.7852,3.5727,0.0,1,-0.8685770186181017,-0.08635862432071008,-0.007828231828752905,-0.4649351462966297,-0.2568670267309062,-0.2257456650934182,0.006625645994208753,4
0.350033333,2.003,25.353,3.5906,0.206893103,1,1.3679653086964765,-0.032605653619684746,0.08236005376558751,0.8122485450003296,-0.09378215225413442,0.10074721681710798,0.019284518361091615,3
0.350033333,2.003,25.353,3.5906,0.206893103,1,1.3679653086964765,-0.07526379979448393,0.08807048668153585,0.8213597125164234,-0.14335501599591224,0.07053758746711537,0.008947062082588672,2
0.350033333,2.003,25.353,3.5906,0.206893103,1,1.3679653086964765,-0.024545676747802645,0.08842583077843301,0.8722182271210477,-0.05978622642578557,0.09354385898797773,0.01443065254483372,1
0.350033333,30.0,11.186,3.5942,0.206896552,1,0.1386486460619358,-0.024673851546831427,-0.02453430836787447,0.5012387670669705,-0.18384694472886623,0.08641767180059105,0.016116535919718445,5
0.350026667,2.002,1.064,3.5459,0.206896552,1,-0.06309238488542376,-0.06948412892903434,0.06205041580251418,0.18549057060852647,-0.32710445585427805,0.09561536440829514,0.02084013108629733,3
0.350026667,2.002,1.064,3.5459,0.206896552,1,-0.06309238488542376,-0.05202941703144461,0.05793179166852497,0.18274494312005118,-0.3927591338427737,0.09214252481120638,0.013817467724438757,1
0.350026667,2.002,1.064,3.5459,0.206896552,1,-0.06309238488542376,-0.03105383449816145,0.052616209767293184,0.1733148554712534,-0.36385109388735143,0.06292606074595825,0.012760038189589977,5
0.350026667,2.002,1.064,3.5459,0.206896552,1,-0.06309238488542376,-0.1015019947080873,0.06455788773484528,0.16849315987608862,-0.36095812008716166,0.07378532866365277,0.007561058141291142,2
0.350026667,2.002,1.064,3.5459,0.206896552,1,-0.06309238488542376,-0.060797634718474,0.051858986478764565,0.20288747920654715,-0.3365590817409975,0.10216556975559797,0.01082297220826149,4
0.350013333,2.004,-18.482,3.5518,0.0,1,-1.1099851320306886,-0.08933901661250275,0.044747248020139525,-0.6528881150600501,-0.2526462510565761,-0.18612989933695645,0.004725452931597829,2
0.350013333,2.004,-18.482,3.5518,0.0,1,-1.1099851320306886,-0.0416710872517433,0.041046744035556915,-0.6628490117331967,-0.22220921504078434,-0.20846039387979545,0.006625645994208753,4
0.350013333,2.004,-18.482,3.5518,0.0,1,-1.1099851320306886,-0.04508499137155013,0.041587291904725134,-0.657332249134779,-0.22602407345199027,-0.18578909762902185,0.012546470272354782,3
0.350013333,2.004,-18.482,3.5518,0.0,1,-1.1099851320306886,-0.06835398765368154,0.03735495748929679,-0.6492464373144321,-0.23772952045081183,-0.19659843502595323,0.011053888220340013,1
0.350013333,2.004,-18.482,3.5518,0.0,1,-1.1099851320306886,-0.016017512263497336,0.032449646297609436,-0.6798219331912696,-0.2306641531875357,-0.18282950907479972,0.006324290921911597,5
0.35,30.002,40.318,3.6126,0.206893103,1,1.1096407618047002,-0.07545386404148303,-0.050489639895968136,0.9340844613383524,-0.029332438907586036,0.09094328413484618,0.009560796860605479,2
0.35,10.002,10.458,3.5925,0.206886207,1,0.5209153788408406,-0.0796948357092333,0.025303394799120724,0.4233256121445447,-0.11411430005682632,0.09753524647734593,0.01743319715373218,3
0.35,2.003,10.902,3.5695,0.20687931,1,0.6501613970069227,-0.06351409258117201,0.06792149715824053,0.5350938929314725,-0.22139166024513543,0.10330870521895122,0.020709390579722823,3
0.35,10.002,1.7849,3.574,0.206893103,1,-0.015972022322929838,-0.04879874459234998,0.004277681808453053,0.21040503331227228,-0.30436435038238413,0.11164351440849714,0.01082297220826149,4
0.35,30.002,40.318,3.6126,0.206893103,1,1.1096407618047002,0.0051430330437142405,-0.0370116961048916,0.9255928946495987,-0.10172284435015172,0.10846437479718589,0.01150397093500942,4
0.35,10.002,1.7849,3.574,0.206893103,1,-0.015972022322929838,-0.04298981925006956,0.011976560454349965,0.16321537869051098,-0.2077532676840201,0.08438818419585005,0.014168021599762142,5
0.35,2.003,10.902,3.5695,0.20687931,1,0.6501613970069227,-0.025077584317186846,0.05723285742802545,0.5085003440780566,-0.2713729094108567,0.06948701601009816,0.014995290003716945,5
0.35,10.003,25.883,3.6032,0.206889655,1,1.3094835790943293,-0.020393652450584342,0.03170602071331814,0.9249289535172284,-0.03354363378603011,0.10166862939309794,0.019284518361091615,3
0.35,10.002,1.7849,3.574,0.206893103,1,-0.015972022322929838,-0.057091539334505795,0.020297963683260603,0.2203330375510268,-0.28492418221430854,0.0974935045139864,0.014801841138396412,1
0.35,10.003,25.883,3.6032,0.206889655,1,1.3094835790943293,0.01458141541108489,0.01592388830380514,0.903054072598461,-0.09326177770271897,0.11090243124053814,0.011848576604388655,4
0.35,30.002,40.318,3.6126,0.206893103,1,1.1096407618047002,0.02402322021778673,-0.03948315855814144,0.9645324611954856,-0.030293104266747833,0.0777637152117677,0.019108758480288087,5
0.35,10.003,40.813,3.6081,0.206893103,1,1.3697239478205507,0.0248294716514647,0.02096725444542244,0.982260145774344,-0.010980024938471616,0.08296078925253823,0.019108758480288087,5
0.35,2.003,40.576,3.5973,0.206893103,1,1.4193566519888645,-0.06900366023532115,0.09439347211737185,0.9733085917844437,-0.04709366536699235,0.09048274078173563,0.009926597843877972,2
0.35,2.003,40.576,3.5973,0.206893103,1,1.4193566519888645,-0.025720049320079853,0.08750123096164315,0.9727304757107049,-0.03467752989381552,0.10125286287453492,0.019138103593140842,3
0.35,30.002,40.318,3.6126,0.206893103,1,1.1096407618047002,-0.03265503997477936,-0.06733135711634532,0.9233141263498692,-0.05761611556168646,0.09458233756304253,0.019138103593140842,3
0.35,10.002,10.458,3.5925,0.206886207,1,0.5209153788408406,-0.06672206669900334,0.0319393284607213,0.43556985425297173,-0.12319740903563797,0.09838776607532054,0.015863697081804275,1
0.35,2.003,40.576,3.5973,0.206893103,1,1.4193566519888645,0.015047902582446114,0.06350519297411665,0.9507536281947978,-0.09741045780479908,0.10936795964778867,0.01150397093500942,4
0.35,10.003,25.883,3.6032,0.206889655,1,1.3094835790943293,0.03421569971367717,0.02096725444542244,0.9143912395706866,-0.014703017002902925,0.08296078925253823,0.019108758480288087,5
0.35,2.003,10.902,3.5695,0.20687931,1,0.6501613970069227,-0.14565710756229236,0.07911997086368501,0.483669421703089,-0.18075517430435867,0.07302151840878651,0.009103379640728236,2
0.35,2.003,40.576,3.5973,0.206893103,1,1.4193566519888645,-0.01583763422910124,0.09645635149325243,0.9378588257636875,-0.034368622379843144,0.09730913336738013,0.01593583631562069,1
0.35,10.002,10.458,3.5925,0.206886207,1,0.5209153788408406,-0.033716184427030386,0.016593208115082234,0.41409857183229176,-0.19063057326246052,0.08382900963071734,0.01640327341388911,5
0.35,10.003,40.813,3.6081,0.206893103,1,1.3697239478205507,-0.026102208951779175,0.03170602071331814,0.969258498614654,-0.03445981338620186,0.1018135243357392,0.019138103593140842,3
0.35,30.002,40.318,3.6126,0.206893103,1,1.1096407618047002,-0.049211343072820456,-0.07072538723121397,0.885993953528814,-0.06175184719962999,0.08785482542589307,0.01593583631562069,1
0.35,10.002,10.458,3.5925,0.206886207,1,0.5209153788408406,-0.079833368237596,0.008976686156820506,0.41742800891166554,-0.11418860101141036,0.1127848877327051,0.011789795206859709,4
0.35,10.003,40.813,3.6081,0.206893103,1,1.3697239478205507,-0.023849191966000945,0.017373021662933752,0.9081920426897705,-0.03360406124964357,0.09927261359989643,0.01593583631562069,1
0.35,10.003,25.883,3.6032,0.206889655,1,1.3094835790943293,-0.09107801466598175,0.016712749432772397,0.8550208115694113,-0.04343842523638159,0.09630452795652672,0.009611453860998154,2
0.35,2.003,40.576,3.5973,0.206893103,1,1.4193566519888645,0.021785706001101062,0.06563525827368721,0.9848240608314518,-0.00986985354218632,0.083247526709456,0.019395495974458755,5
0.35,10.002,10.458,3.5925,0.206886207,1,0.5209153788408406,-0.14731573167489842,0.009395273139234632,0.3973390756727895,-0.10287342576426454,0.10002021574648097,0.007695335056632757,2
0.35,10.003,40.813,3.6081,0.206893103,1,1.3697239478205507,0.016063558986643328,0.01592388830380514,0.94899188114563,-0.09862499490380287,0.1097275228460785,0.01150397093500942,4
0.35,10.002,1.7849,3.574,0.206893103,1,-0.015972022322929838,-0.08508808173035504,0.01569691256270744,0.22072067797183992,-0.19231777427252383,0.09707268413359998,0.017835585596039892,3
0.35,2.003,10.902,3.5695,0.20687931,1,0.6501613970069227,-0.04217710515571525,0.07453861712827348,0.514663020838052,-0.29513909325236454,0.09496386594488286,0.01493933379650116,1
0.35,2.003,10.902,3.5695,0.20687931,1,0.6501613970069227,-0.041437673333566634,0.05655799082713202,0.4823259435012005,-0.29302392272278666,0.1084496096422663,0.010528926122933626,4
0.35,10.003,25.883,3.6032,0.206889655,1,1.3094835790943293,-0.024982275602815206,0.017373021662933752,0.8713973722280934,-0.03363779252395034,0.09838099648244679,0.01593583631562069,1
0.35,10.002,1.7849,3.574,0.206893103,1,-0.015972022322929838,-0.1181839771126397,-0.0027158157085068525,0.2485289127303986,-0.22914336329791696,0.07818328621564433,0.007943920139223338,2
0.35,10.003,40.813,3.6081,0.206893103,1,1.3697239478205507,-0.07245724457665347,0.016712749432772397,0.9672642689780332,-0.010063758147880434,0.09625569117022678,0.009611453860998154,2
0.349966667,10.002,-8.6493,3.5382,0.206893103,1,-0.6041391071521631,-0.22205555484630168,-0.0027158157085068525,-0.3246501460945001,-0.3837694175820798,0.07838086647505406,0.005394155476242304,2
0.349966667,10.002,-8.6493,3.5382,0.206893103,1,-0.6041391071521631,-0.1659982467419468,0.004180324568878859,-0.35764719840604814,-0.33186762638855727,0.10812512863893062,0.007412179443053901,4
0.349966667,10.002,-8.6493,3.5382,0.206893103,1,-0.6041391071521631,-0.15153995337430387,0.007497618484776467,-0.33253991215489803,-0.37017424498684703,0.06974266171222553,0.009592719380743802,5
0.349966667,10.002,-8.6493,3.5382,0.206893103,1,-0.6041391071521631,-0.13889804255682975,0.015200948611600325,-0.3027821578225121,-0.35429799208184704,0.10126398165710271,0.0122040952462703,1
0.349966667,10.002,-8.6493,3.5382,0.206893103,1,-0.6041391071521631,-0.16356667243206174,0.01927605501259677,-0.34522222315426915,-0.39130277038086203,0.10225886067113606,0.013760481304489076,3
0.349946667,2.002,-8.4529,3.5141,0.206886207,1,-0.6276992884334099,-0.14435345880803652,0.04535606111166999,-0.31979094695299864,-0.5067192590143531,0.06043983441079035,0.00893042321782559,5
0.349946667,2.002,-8.4529,3.5141,0.206886207,1,-0.6276992884334099,-0.14527106091147288,0.05239445128710941,-0.32208244953770193,-0.3348480593925342,0.10694149764836766,0.007412179443053901,4
0.349946667,2.002,-8.4529,3.5141,0.206886207,1,-0.6276992884334099,-0.22242419633665123,0.061273993835784496,-0.31483661855978423,-0.4011937384633347,0.07334523552621248,0.0054668810591101645,2
0.349946667,2.002,-8.4529,3.5141,0.206886207,1,-0.6276992884334099,-0.16594040323601802,0.054171481245430184,-0.3023909796308726,-0.39446206199703737,0.0847584768140223,0.0122040952462703,1
0.349946667,2.002,-8.4529,3.5141,0.206886207,1,-0.6276992884334099,-0.18797958262526662,0.054326717391377316,-0.3419798845332116,-0.40885127395857124,0.10013813890720485,0.013205344178713859,3
0.349933333,30.004,25.99,3.6064,0.20687931,1,0.6674407242736191,-0.030997619996778667,-0.06178906704066321,0.8764438645646442,-0.04843607826158405,0.06900647910078987,0.016716525596566497,5
0.349933333,10.004,-16.195,3.5107,0.206910345,1,-0.9119846985853278,-0.10196213719667867,-0.0016875090601388364,-0.6154819707665592,-0.32771469705039635,0.08459316237829625,0.0122040952462703,1
0.349933333,30.004,25.99,3.6064,0.20687931,1,0.6674407242736191,-0.04575381863862276,-0.056894202209077774,0.8721201733523049,-0.10107782664708793,0.10145784957683646,0.011848576604388655,4
0.349933333,30.004,25.99,3.6064,0.20687931,1,0.6674407242736191,-0.047757258152996654,-0.07712852717610076,0.849199283067137,-0.06296665845206008,0.08708291254937649,0.01593583631562069,1
0.349933333,10.004,-16.195,3.5107,0.206910345,1,-0.9119846985853278,-0.13217102695722133,-0.014719287990010344,-0.5721133528457721,-0.35081907782470806,0.11188744864950423,0.005343498475849628,2
0.349933333,10.004,-16.195,3.5107,0.206910345,1,-0.9119846985853278,-0.1624681797856465,0.0005253635486587882,-0.5846686859917827,-0.35608178039314226,0.08430433397879825,0.007412179443053901,4
0.349933333,10.004,-16.195,3.5107,0.206910345,1,-0.9119846985853278,-0.08735570277116494,0.0012183099426329137,-0.5537049064552412,-0.3602914949366823,0.10713621980597964,0.01175248780520633,3
0.349933333,10.004,-16.195,3.5107,0.206910345,1,-0.9119846985853278,-0.07835331316106021,0.001794178585987538,-0.5802620729245246,-0.4153802248369902,0.05155326437903568,0.00884849822614342,5
0.349933333,30.004,25.99,3.6064,0.20687931,1,0.6674407242736191,-0.06034582758817123,-0.09236197269288823,0.8672617974615423,-0.06101889749872498,0.08636318124190438,0.019284518361091615,3
0.349933333,30.004,25.99,3.6064,0.20687931,1,0.6674407242736191,-0.09407463413081132,-0.07493022832553833,0.8271643120027147,-0.03404722043313086,0.08279868626734242,0.009560796860605479,2
0.3499,30.004,-15.34,3.5419,0.107139286,1,-0.891578901764722,-0.09021872895304113,-0.03118971490301192,-0.5724116773251444,-0.3055680664116517,0.01093468553153798,0.009000710505060851,5
0.3499,10.002,-18.662,3.5625,0.0,1,-1.126736867560163,-0.05444013651489513,0.0021827722573652866,-0.6416246976330876,-0.2148491618700791,-0.18584030419006012,0.012546470272354782,3
0.3499,30.004,-14.985,3.5885,0.19999,1,-0.8871404315944396,-0.15259520730935036,-0.021361078214249575,-0.5585864544840297,-0.21811874242848717,0.005785974806640297,0.004456493710167706,2
0.3499,30.004,-15.34,3.5419,0.107139286,1,-0.891578901764722,-0.13426093148853396,-0.03038823342183605,-0.5754403129010461,-0.2938876564009115,0.05115345546044409,0.0122040952462703,1
0.3499,30.003,-15.681,3.5247,0.206893103,1,-0.9156415513671328,-0.08317431188654155,-0.020167245662305502,-0.550467946655117,-0.4184455449972302,0.041314308668952436,0.00884849822614342,5
0.3499,30.004,-7.0268,3.5594,0.206906897,1,-0.5812767985391996,-0.14134927143575624,-0.03963663268368691,-0.24205775392707438,-0.3237952293083072,0.10945391877088696,0.007672552783042193,4
0.3499,30.004,-14.985,3.5885,0.19999,1,-0.8871404315944396,-0.09844900466967374,-0.03409148988779634,-0.5927468262426555,-0.20258518713060766,-0.00042711869115009905,0.005255371341481805,5
0.3499,10.002,-18.662,3.5625,0.0,1,-1.126736867560163,-0.07247927227144828,0.002497655979823321,-0.6543753527919762,-0.20856450743041932,-0.21421335847582668,0.011053888220340013,1
0.3499,30.004,-7.0268,3.5594,0.206906897,1,-0.5812767985391996,-0.16447101269412087,-0.05708990453742444,-0.19634218700928613,-0.31877901538158765,0.08792637117410777,0.014274959838949143,3
0.3499,30.003,-15.681,3.5247,0.206893103,1,-0.9156415513671328,-0.12492103525903075,-0.03036216335836798,-0.5905157680041156,-0.3078631823277101,0.07797374513931572,0.0122040952462703,1
0.3499,30.004,-7.0268,3.5594,0.206906897,1,-0.5812767985391996,-0.2136180105060339,-0.03345401833532378,-0.16994456075888592,-0.3521532270219177,0.08032387603772805,0.005867209313437343,2
0.3499,10.002,-18.662,3.5625,0.0,1,-1.126736867560163,-0.047377948709763584,0.0010070785915013403,-0.6655286449845881,-0.18934053853619845,-0.18450022224336862,0.0059825433883816,5
0.3499,30.004,-14.985,3.5885,0.19999,1,-0.8871404315944396,-0.13393815055344022,-0.037592456929851324,-0.5917971431626938,-0.23632717728381977,0.0519577672239393,0.0122040952462703,1
0.3499,30.004,-6.1091,3.5726,0.107139286,1,-0.5511845290828201,-0.16395733903860674,-0.029854267206974327,-0.22953125418396667,-0.32153681755531577,0.012307349496986718,0.007672552783042193,4
0.3499,30.004,-6.1091,3.5726,0.107139286,1,-0.5511845290828201,-0.18765274382691133,-0.039968248133081946,-0.19768999748164787,-0.26495387554983607,0.014514955866325181,0.011616610419005156,3
0.3499,30.004,-15.34,3.5419,0.107139286,1,-0.891578901764722,-0.14224890359211714,-0.021361078214249575,-0.5328129824291682,-0.35248550359508957,-0.004808781677274965,0.00464846443850547,2
0.3499,30.003,-15.681,3.5247,0.206893103,1,-0.9156415513671328,-0.15991161692450986,-0.05179929814534262,-0.47817640667781236,-0.3512260168406647,0.0847092728476855,0.013760481304489076,3
0.3499,30.004,-6.1091,3.5726,0.107139286,1,-0.5511845290828201,-0.16395733903860674,-0.029854267206974327,-0.22953125418396667,-0.32153681755531577,0.012307349496986718,0.007672552783042193,4
0.3499,30.004,-7.0268,3.5594,0.206906897,1,-0.5812767985391996,-0.2136180105060339,-0.03345401833532378,-0.16994456075888592,-0.3521532270219177,0.08032387603772805,0.005867209313437343,2
0.3499,30.003,-15.681,3.5247,0.206893103,1,-0.9156415513671328,-0.1530766734899953,-0.03570928629022092,-0.5624922664347105,-0.26021685035666453,0.09063426642911508,0.007412179443053901,4
0.3499,30.004,-14.985,3.5885,0.19999,1,-0.8871404315944396,-0.09844900466967374,-0.03409148988779634,-0.5927468262426555,-0.20258518713060766,-0.00042711869115009905,0.005255371341481805,5
0.3499,30.004,-6.1091,3.5726,0.107139286,1,-0.5511845290828201,-0.15807789503131062,-0.03540242366027087,-0.20895208404399454,-0.22024818485137077,0.01623248908901587,0.006072328095324337,5
0.3499,30.004,-14.985,3.5885,0.19999,1,-0.8871404315944396,-0.16310265828389675,-0.028720166510902347,-0.5464578083786182,-0.26989011792233214,0.01326836118940264,0.007412179443053901,4
0.3499,30.004,-7.0268,3.5594,0.206906897,1,-0.5812767985391996,-0.14358560100197792,-0.03341553934151307,-0.21881471534026786,-0.352153626549989,0.06477692464599386,0.010327751142904162,5
0.3499,30.004,-6.1091,3.5726,0.107139286,1,-0.5511845290828201,-0.15807789503131062,-0.03540242366027087,-0.20895208404399454,-0.22024818485137077,0.01623248908901587,0.006072328095324337,5
0.3499,30.004,-7.0268,3.5594,0.206906897,1,-0.5812767985391996,-0.14134927143575624,-0.03963663268368691,-0.24205775392707438,-0.3237952293083072,0.10945391877088696,0.007672552783042193,4
0.3499,30.004,-7.0268,3.5594,0.206906897,1,-0.5812767985391996,-0.13591377556324005,-0.04874602643074468,-0.2206808510934934,-0.34803025958361106,0.0922779021365568,0.012405904741026461,1
0.3499,30.004,-6.1091,3.5726,0.107139286,1,-0.5511845290828201,-0.2395507949963212,-0.02572874296223745,-0.17440779615484645,-0.2243611894582864,0.016579884651582687,0.005172175276093185,2
0.3499,30.004,-7.0268,3.5594,0.206906897,1,-0.5812767985391996,-0.14358560100197792,-0.03341553934151307,-0.21881471534026786,-0.352153626549989,0.06477692464599386,0.010327751142904162,5
0.3499,30.004,-14.985,3.5885,0.19999,1,-0.8871404315944396,-0.13393815055344022,-0.037592456929851324,-0.5917971431626938,-0.23632717728381977,0.0519577672239393,0.0122040952462703,1
0.3499,30.004,-15.34,3.5419,0.107139286,1,-0.891578901764722,-0.13426093148853396,-0.03038823342183605,-0.5754403129010461,-0.2938876564009115,0.05115345546044409,0.0122040952462703,1
0.3499,30.003,-15.681,3.5247,0.206893103,1,-0.9156415513671328,-0.12492103525903075,-0.03036216335836798,-0.5905157680041156,-0.3078631823277101,0.07797374513931572,0.0122040952462703,1
0.3499,30.004,-14.985,3.5885,0.19999,1,-0.8871404315944396,-0.16310265828389675,-0.028720166510902347,-0.5464578083786182,-0.26989011792233214,0.01326836118940264,0.007412179443053901,4
0.3499,10.002,-18.662,3.5625,0.0,1,-1.126736867560163,-0.08949948362773284,-0.004633500133058988,-0.641016109965276,-0.24195824704016558,-0.19643275308888405,0.004266821914352476,2
0.3499,30.004,-15.34,3.5419,0.107139286,1,-0.891578901764722,-0.16064961327734636,-0.03563662439817563,-0.4774497552216053,-0.35689482525805943,0.009123802690010053,0.013297332036308944,3
0.3499,30.004,-15.34,3.5419,0.107139286,1,-0.891578901764722,-0.16362203736323863,-0.028720166510902347,-0.5615409646718763,-0.2685493025393225,0.017789126308634877,0.007412179443053901,4
0.3499,30.003,-15.681,3.5247,0.206893103,1,-0.9156415513671328,-0.1530766734899953,-0.03570928629022092,-0.5624922664347105,-0.26021685035666453,0.09063426642911508,0.007412179443053901,4
0.3499,30.004,-15.34,3.5419,0.107139286,1,-0.891578901764722,-0.16362203736323863,-0.028720166510902347,-0.5615409646718763,-0.2685493025393225,0.017789126308634877,0.007412179443053901,4
0.3499,30.004,-14.985,3.5885,0.19999,1,-0.8871404315944396,-0.15259520730935036,-0.021361078214249575,-0.5585864544840297,-0.21811874242848717,0.005785974806640297,0.004456493710167706,2
0.3499,30.004,-6.1091,3.5726,0.107139286,1,-0.5511845290828201,-0.16237305054062745,-0.04186352986143902,-0.21563891009893268,-0.3123918064241298,0.05500773364212364,0.012405904741026461,1
0.3499,30.004,-6.1091,3.5726,0.107139286,1,-0.5511845290828201,-0.16237305054062745,-0.04186352986143902,-0.21563891009893268,-0.3123918064241298,0.05500773364212364,0.012405904741026461,1
0.3499,30.004,-15.34,3.5419,0.107139286,1,-0.891578901764722,-0.16064961327734636,-0.03563662439817563,-0.4774497552216053,-0.35689482525805943,0.009123802690010053,0.013297332036308944,3
0.3499,30.003,-15.681,3.5247,0.206893103,1,-0.9156415513671328,-0.1391096789529547,-0.027776046632206997,-0.5452623429376399,-0.3477210461627692,0.06408836048154626,0.005343498475849628,2
0.3499,10.002,-18.662,3.5625,0.0,1,-1.126736867560163,-0.06620585197000764,-0.0006552099715918302,-0.6444114375067875,-0.22291057264665143,-0.20880543087609113,0.006625645994208753,4
0.3499,30.004,-15.34,3.5419,0.107139286,1,-0.891578901764722,-0.14224890359211714,-0.021361078214249575,-0.5328129824291682,-0.35248550359508957,-0.004808781677274965,0.00464846443850547,2
0.3499,30.004,-14.985,3.5885,0.19999,1,-0.8871404315944396,-0.17886981741554336,-0.03411791815655306,-0.5191985658509657,-0.24818579977261834,0.013384404584940057,0.011136880209669471,3
0.3499,30.004,-14.985,3.5885,0.19999,1,-0.8871404315944396,-0.17886981741554336,-0.03411791815655306,-0.5191985658509657,-0.24818579977261834,0.013384404584940057,0.011136880209669471,3
0.3499,30.004,-7.0268,3.5594,0.206906897,1,-0.5812767985391996,-0.13591377556324005,-0.04874602643074468,-0.2206808510934934,-0.34803025958361106,0.0922779021365568,0.012405904741026461,1
0.3499,30.003,-15.681,3.5247,0.206893103,1,-0.9156415513671328,-0.15991161692450986,-0.05179929814534262,-0.47817640667781236,-0.3512260168406647,0.0847092728476855,0.013760481304489076,3
0.3499,30.003,-15.681,3.5247,0.206893103,1,-0.9156415513671328,-0.08317431188654155,-0.020167245662305502,-0.550467946655117,-0.4184455449972302,0.041314308668952436,0.00884849822614342,5
0.3499,30.004,-15.34,3.5419,0.107139286,1,-0.891578901764722,-0.09021872895304113,-0.03118971490301192,-0.5724116773251444,-0.3055680664116517,0.01093468553153798,0.009000710505060851,5
0.3499,30.004,-7.0268,3.5594,0.206906897,1,-0.5812767985391996,-0.16447101269412087,-0.05708990453742444,-0.19634218700928613,-0.31877901538158765,0.08792637117410777,0.014274959838949143,3
0.3499,30.004,-6.1091,3.5726,0.107139286,1,-0.5511845290828201,-0.18765274382691133,-0.039968248133081946,-0.19768999748164787,-0.26495387554983607,0.014514955866325181,0.011616610419005156,3
0.3499,30.004,-6.1091,3.5726,0.107139286,1,-0.5511845290828201,-0.2395507949963212,-0.02572874296223745,-0.17440779615484645,-0.2243611894582864,0.016579884651582687,0.005172175276093185,2
0.3499,30.003,-15.681,3.5247,0.206893103,1,-0.9156415513671328,-0.1391096789529547,-0.027776046632206997,-0.5452623429376399,-0.3477210461627692,0.06408836048154626,0.005343498475849628,2
0.34988,2.003,-18.149,3.4806,0.2069,1,-1.0048855081872115,-0.09891393963480369,0.046530744197079914,-0.6224925707373768,-0.36563241261756046,0.07801225047442131,0.016338914125226436,1
0.34988,2.003,-18.149,3.4806,0.2069,1,-1.0048855081872115,-0.1148697338020429,0.03964022898580879,-0.6548267387156375,-0.34135220587486403,0.06506061421590857,0.007412179443053901,4
0.34988,2.003,-18.149,3.4806,0.2069,1,-1.0048855081872115,-0.052178777632070704,0.03464952651644126,-0.6327310098381713,-0.3921925950050354,0.04106854157987982,0.00893042321782559,5
0.34988,2.003,-18.149,3.4806,0.2069,1,-1.0048855081872115,-0.0705838620479335,0.04161446361453272,-0.6093580420780927,-0.3848004511883482,0.06634707681427245,0.01175248780520633,3
0.34988,2.003,-18.149,3.4806,0.2069,1,-1.0048855081872115,-0.10955603328126017,0.045566937241819684,-0.6252097099763341,-0.36922745490213854,0.06636263952648733,0.005763640524819493,2
0.349876667,2.002,-17.182,3.4965,0.2069,1,-0.9511493127293913,-0.0705838620479335,0.04161446361453272,-0.6042187513923273,-0.3899397420650348,0.06634707681427245,0.01175248780520633,3
0.349876667,2.002,-17.182,3.4965,0.2069,1,-0.9511493127293913,-0.09891393963480369,0.046530744197079914,-0.6180032125581056,-0.37012177081545816,0.07801225047442131,0.016338914125226436,1
0.349876667,2.002,-17.182,3.4965,0.2069,1,-0.9511493127293913,-0.052178777632070704,0.03464952651644126,-0.6269351149024441,-0.39863247840665283,0.041712529943324625,0.00893042321782559,5
0.349876667,2.002,-17.182,3.4965,0.2069,1,-0.9511493127293913,-0.1148697338020429,0.03964022898580879,-0.6508496086788363,-0.33434906755806876,0.06685271730530076,0.007412179443053901,4
0.349876667,2.002,-17.182,3.4965,0.2069,1,-0.9511493127293913,-0.11869348764244933,0.045566937241819684,-0.6239455510576954,-0.34876165062887593,0.0668245632579783,0.0054668810591101645,2
0.349866667,30.006,-6.0364,3.6079,0.19999,1,-0.5310857962362588,-0.20183051034371602,-0.039137159765232354,-0.18804513165727257,-0.1549488537653815,0.01516533268353669,0.011651358744129538,3
0.349866667,30.004,0.74321,3.5786,0.206893103,1,-0.2553981773575922,-0.06556818753480911,-0.04874602643074468,0.056242115427739915,-0.23404899839544668,0.09232954808976501,0.012714288255665451,1
0.349866667,30.006,-6.0364,3.6079,0.19999,1,-0.5310857962362588,-0.2525228111259639,-0.031729062020313,-0.1518282792280661,-0.10014491233392618,0.01199480484938249,0.0008256990090012551,2
0.349866667,30.006,-6.0364,3.6079,0.19999,1,-0.5310857962362588,-0.2021315025430522,-0.04186352986143902,-0.200113478587009,-0.1445410523773171,0.05760811978951096,0.011501962773036212,1
0.349866667,30.002,-14.93,3.5796,0.200003333,1,-0.8803291943519937,-0.14231699886120622,-0.031189316984964535,-0.5917971431626938,-0.23514609730569647,0.05275239739567041,0.0122040952462703,1
0.349866667,30.002,-14.93,3.5796,0.200003333,1,-0.8803291943519937,-0.16635936040896923,-0.02172557440120727,-0.5464578083786182,-0.2674569969787262,0.007097350247204304,0.007412179443053901,4
0.349866667,30.004,0.74321,3.5786,0.206893103,1,-0.2553981773575922,-0.06873382455902174,-0.03963663268368691,0.1364625101792626,-0.3088399869808927,0.1015369443432428,0.009184992015361786,4
0.349866667,30.002,-14.93,3.5796,0.200003333,1,-0.8803291943519937,-0.15259520730935036,-0.018079009591019712,-0.5585864544840297,-0.220633314702427,0.00501847853185609,0.004456493710167706,2
0.349866667,30.002,-14.93,3.5796,0.200003333,1,-0.8803291943519937,-0.18306486805930036,-0.025554919310379773,-0.5118505346542225,-0.2579620663903188,0.004345101557846647,0.011136880209669471,3
0.349866667,30.002,-14.93,3.5796,0.200003333,1,-0.8803291943519937,-0.14231699886120622,-0.031189316984964535,-0.5917971431626938,-0.23514609730569647,0.05275239739567041,0.0122040952462703,1
0.349866667,30.006,-6.0364,3.6079,0.19999,1,-0.5310857962362588,-0.19003691407619044,-0.029854267206974327,-0.22790354542201385,-0.1935826634359546,0.0175011886539869,0.007872579181566834,4
0.349866667,30.002,-14.93,3.5796,0.200003333,1,-0.8803291943519937,-0.16635936040896923,-0.02172557440120727,-0.5464578083786182,-0.2674569969787262,0.007097350247204304,0.007412179443053901,4
0.349866667,30.004,0.74321,3.5786,0.206893103,1,-0.2553981773575922,-0.08145808835048228,-0.04765801028115675,0.1558536697225645,-0.2422968105599284,0.06967950362944976,0.01353953657206148,5
0.349866667,30.002,-14.93,3.5796,0.200003333,1,-0.8803291943519937,-0.09844900466967374,-0.02868399692233652,-0.5927468262426555,-0.19943081591743975,-0.00898898201296106,0.005255371341481805,5
0.349866667,30.002,-14.93,3.5796,0.200003333,1,-0.8803291943519937,-0.15259520730935036,-0.018079009591019712,-0.5585864544840297,-0.220633314702427,0.00501847853185609,0.004456493710167706,2
0.349866667,30.006,-6.0364,3.6079,0.19999,1,-0.5310857962362588,-0.16824791898019612,-0.03540242366027087,-0.21146909242961556,-0.14993131218943745,0.023440180451143534,0.006072328095324337,5
0.349866667,30.004,0.74321,3.5786,0.206893103,1,-0.2553981773575922,-0.12809376190416516,-0.03345401833532378,0.11046029874763917,-0.18900771080050618,0.07404344567796216,0.006273910445161164,2
0.349866667,30.002,-14.93,3.5796,0.200003333,1,-0.8803291943519937,-0.18306486805930036,-0.025554919310379773,-0.5118505346542225,-0.2579620663903188,0.004345101557846647,0.011136880209669471,3
0.349866667,30.006,-6.0364,3.6079,0.19999,1,-0.5310857962362588,-0.19003691407619044,-0.029854267206974327,-0.22790354542201385,-0.1935826634359546,0.0175011886539869,0.007872579181566834,4
0.349866667,30.006,-6.0364,3.6079,0.19999,1,-0.5310857962362588,-0.2525228111259639,-0.031729062020313,-0.1518282792280661,-0.10014491233392618,0.01199480484938249,0.0008256990090012551,2
0.349866667,30.002,-14.93,3.5796,0.200003333,1,-0.8803291943519937,-0.09844900466967374,-0.02868399692233652,-0.5927468262426555,-0.19943081591743975,-0.00898898201296106,0.005255371341481805,5
0.349866667,30.004,0.74321,3.5786,0.206893103,1,-0.2553981773575922,-0.09313068919611396,-0.057564951370004565,0.031796891773701645,-0.21447584021254443,0.08691778344305931,0.011490397183224558,3
0.349866667,30.006,-6.0364,3.6079,0.19999,1,-0.5310857962362588,-0.20183051034371602,-0.039137159765232354,-0.18804513165727257,-0.1549488537653815,0.01516533268353669,0.011651358744129538,3
0.349866667,30.006,-6.0364,3.6079,0.19999,1,-0.5310857962362588,-0.2021315025430522,-0.04186352986143902,-0.200113478587009,-0.1445410523773171,0.05760811978951096,0.011501962773036212,1
0.349866667,30.006,-6.0364,3.6079,0.19999,1,-0.5310857962362588,-0.16824791898019612,-0.03540242366027087,-0.21146909242961556,-0.14993131218943745,0.023440180451143534,0.006072328095324337,5
0.349833333,30.003,0.17958,3.6189,0.199993333,1,-0.20333687630365196,-0.14923573799198495,-0.027061021509580313,-0.03313313347985968,-0.15148312659235671,0.016091409518849104,0.007872579181566834,4
0.349833333,30.003,0.17958,3.6189,0.199993333,1,-0.20333687630365196,-0.10687664328608662,-0.03540242366027087,-0.0668408391205594,-0.14136142313946037,0.02157502166228369,0.006072328095324337,5
0.349833333,30.003,0.17958,3.6189,0.199993333,1,-0.20333687630365196,-0.1653626273185364,-0.04186352986143902,-0.04396726924460381,-0.14194066683063283,0.05921249745413661,0.011501962773036212,1
0.349833333,30.003,0.17958,3.6189,0.199993333,1,-0.20333687630365196,-0.11954876856674673,-0.03776344650657847,-0.02186649581824895,-0.1412281064351555,0.012623143137607257,0.011651358744129538,3
0.349833333,30.003,0.17958,3.6189,0.199993333,1,-0.20333687630365196,-0.17878309486433863,-0.030418755065184086,0.0016744092077715322,-0.11261737747467122,0.008047067138832062,0.0008256990090012551,2
0.349733333,30.004,0.197,3.5884,0.107135714,1,-0.21994624580879638,-0.1132447690097615,-0.029854267206974327,0.027523601714055986,-0.2188478858442977,0.010539461935404688,0.007672552783042193,4
0.349733333,30.004,0.197,3.5884,0.107135714,1,-0.21994624580879638,-0.07385607557371258,-0.03540242366027087,0.011359577914699912,-0.22200658242218196,0.013136945182923227,0.006650315807200968,5
0.349733333,30.004,0.197,3.5884,0.107135714,1,-0.21994624580879638,-0.11379230548249325,-0.04186352986143902,0.016842817454598844,-0.23345590189332144,0.056612111306749285,0.012405904741026461,1
0.349733333,30.004,0.197,3.5884,0.107135714,1,-0.21994624580879638,-0.1205592701563728,-0.03901912578614428,-0.020290417088544926,-0.22370182246319018,0.01203863281494705,0.014115988155826925,3
0.349733333,30.004,0.197,3.5884,0.107135714,1,-0.21994624580879638,-0.1624388149380684,-0.02572874296223745,0.03037338778085541,-0.1721014349150937,0.014127355066593737,0.005172175276093185,2
0.349466667,30.001,-8.5512,3.5791,0.0,1,-0.9221178097288025,-0.16595358476537514,-0.015960831955308095,-0.3584858991391957,-0.21379277703468688,-0.192726089094067,0.012850647857412696,3
0.349466667,30.001,-8.5512,3.5791,0.0,1,-0.9221178097288025,-0.13002865274291253,-0.027102533138822764,-0.30307581590721383,-0.2497017640271224,-0.20397087303455919,0.011053888220340013,1
0.349466667,30.001,-8.5512,3.5791,0.0,1,-0.9221178097288025,-0.1962592774676159,-0.024210097142495213,-0.32637264410732314,-0.16971119507565163,-0.19414565966930242,0.0040895223943516615,2
0.349466667,30.001,-8.5512,3.5791,0.0,1,-0.9221178097288025,-0.14914972206694074,-0.02411054549738765,-0.35900887442869134,-0.2879920263797976,-0.22090835263254122,0.006625645994208753,4
0.349466667,30.001,-8.5512,3.5791,0.0,1,-0.9221178097288025,-0.1254629374295473,-0.013704216800397262,-0.34134289257694034,-0.20437402078416197,-0.18840055626584218,0.00197094795294106,5
0.346966667,30.002,-18.559,3.5678,0.0,1,-1.158032269496663,-0.04760095448233187,-0.015152067472226917,-0.6605851665511727,-0.1937309390446171,-0.16840489328838884,0.0057162871165201065,5
0.346966667,30.003,-18.803,3.5578,0.0,1,-1.1739968046563136,-0.06404753572802292,-0.029462036944460125,-0.6146208438184112,-0.2343899900338147,-0.1637186790991109,0.015011099684052169,3
0.346966667,30.002,-18.559,3.5678,0.0,1,-1.158032269496663,-0.08289907232479891,-0.02285474801203236,-0.6348001183313318,-0.21398471934953706,-0.1925961770210415,0.011053888220340013,1
0.346966667,30.002,-18.559,3.5678,0.0,1,-1.158032269496663,-0.0746121392029454,-0.021562369072344153,-0.6377572502056137,-0.18677431299933234,-0.17637971778283826,0.015011099684052169,3
0.346966667,30.003,-18.803,3.5578,0.0,1,-1.1739968046563136,-0.08086368471937021,-0.02642787108430639,-0.6348001183313318,-0.21448236984433605,-0.19056078949244692,0.011053888220340013,1
0.346966667,30.002,-18.559,3.5678,0.0,1,-1.158032269496663,-0.06515971494955011,-0.01941619096440263,-0.6367372327810153,-0.2231651040376164,-0.2057758008595556,0.006625645994208753,4
0.346966667,30.003,-18.803,3.5578,0.0,1,-1.1739968046563136,-0.0667494135920424,-0.023617537376703693,-0.6367372327810153,-0.22390317840734497,-0.19924668149091304,0.006625645994208753,4
0.346966667,30.002,-18.559,3.5678,0.0,1,-1.158032269496663,-0.09002663407241926,-0.01984243239450734,-0.6324020638200455,-0.23954610803979448,-0.19154555666726084,0.0040895223943516615,2
0.346966667,30.003,-18.803,3.5578,0.0,1,-1.1739968046563136,-0.09002663407241926,-0.021814194062608296,-0.6324020638200455,-0.23856022719177417,-0.1905596758937463,0.0040895223943516615,2
0.346966667,30.003,-18.803,3.5578,0.0,1,-1.1739968046563136,-0.042470722226426005,-0.016654148851521312,-0.6523915189597755,-0.23553657215554266,-0.16231967515312135,0.0057162871165201065,5
0.301333186,10.003,4.3018,3.2773,9.000315,3,-0.012720397190308904,-0.08275574204046279,0.01439258694415912,0.24067079570377245,-0.5949879078310915,0.11966228669713018,-0.08296251846011728,3
0.301333186,10.003,4.3018,3.2773,9.000315,3,-0.012720397190308904,0.012599898898042739,0.0024886967986822127,0.31903817717218774,-0.5740965957089793,0.08194507403764874,-0.028808423234149814,5
0.301333186,10.003,4.3018,3.2773,9.000315,3,-0.012720397190308904,-0.052917563156224784,-0.004250061812344938,0.298270896874601,-0.5618396641942672,0.1667289415455889,-0.03370253401342779,2
0.301333186,10.003,4.3018,3.2773,9.000315,3,-0.012720397190308904,-0.07141700485954061,0.0004476651456207037,0.2710152440960519,-0.6668002784438432,0.05388784624985419,-0.02450437589548528,4
0.301333186,10.003,4.3018,3.2773,9.000315,3,-0.012720397190308904,-0.08044279183959588,0.007900107158347965,0.3174915168294683,-0.6004456067457795,0.04597468502819538,-0.07101540487259626,1
0.301298375,10.002,4.6258,3.2075,12.00190476,3,-0.043485454635326604,-0.08555827490752563,0.010921257371082902,0.3169422872061841,-0.6329415778070688,0.04053533180616796,-0.07101540487259626,1
0.301298375,10.002,4.6258,3.2075,12.00190476,3,-0.043485454635326604,-0.0867923040362075,0.01237202461110428,0.23639538191491738,-0.7471066995197907,0.10827542502636789,-0.08296251846011728,3
0.301298375,10.002,4.6258,3.2075,12.00190476,3,-0.043485454635326604,-0.07830712454626337,-0.0036208364274352787,0.26886121108895167,-0.7098594986367971,0.04558951455110218,-0.02450437589548528,4
0.301298375,10.002,4.6258,3.2075,12.00190476,3,-0.043485454635326604,-0.010326687707565724,0.0017308906256221235,0.33788041656138373,-0.5880581066093873,0.08253903035540133,-0.029238529531285168,5
0.301298375,10.002,4.6258,3.2075,12.00190476,3,-0.043485454635326604,-0.052917563156224784,-0.004250061812344938,0.298270896874601,-0.5618396641942672,0.1667289415455889,-0.03370253401342779,2
0.300776258,10.001,3.1931,3.3532,5.998675,3,0.03492985245139634,-0.054977722042240204,0.007730224260594696,0.2823401595791802,-0.46621053090551867,0.1662683463364374,-0.034163129315711555,2
0.300776258,10.001,3.1931,3.3532,5.998675,3,0.03492985245139634,-0.09953394556650892,0.012059102578787133,0.17248611719347537,-0.5716860492061824,0.03495882876683026,-0.08394313655793667,1
0.300776258,10.001,3.1931,3.3532,5.998675,3,0.03492985245139634,-0.052342682431917635,0.001934177444782108,0.1802387993223965,-0.5039959575001558,0.08484396824496798,-0.02450437589548528,4
0.300776258,10.001,3.1931,3.3532,5.998675,3,0.03492985245139634,-0.07565808601211757,0.02352880432154052,0.19749464350519702,-0.5753392912144772,0.12826284119131742,-0.08296251846011728,3
0.300776258,10.001,3.1931,3.3532,5.998675,3,0.03492985245139634,0.014163515219697729,0.0017919381987303495,0.20754867317387835,-0.47330968229915016,0.08449652331182733,-0.026953959688544273,5
0.300497762,10.002,2.2309,3.44,3.000014286,3,0.09238695845089673,-0.05132702602772042,0.0011550594749860465,0.19415937323588878,-0.3937949321184715,0.08693674070644192,-0.02450437589548528,4
0.300497762,10.002,2.2309,3.44,3.000014286,3,0.09238695845089673,0.005752679393626749,-9.023013524711132e-05,0.1523856701864861,-0.43581942045944744,0.08449652331182733,-0.026953959688544273,5
0.300497762,10.002,2.2309,3.44,3.000014286,3,0.09238695845089673,-0.056511047058738766,-0.006053626553621143,0.1985977998713497,-0.4450886886520311,0.1408519652846735,-0.03370253401342779,2
0.300497762,10.002,2.2309,3.44,3.000014286,3,0.09238695845089673,-0.09987442400539294,0.011003334614215418,0.14714067487511784,-0.5447048418596387,0.034719310528598724,-0.08394313655793667,1
0.300497762,10.002,2.2309,3.44,3.000014286,3,0.09238695845089673,-0.06977320119272917,0.008349227336002513,0.1560845887172036,-0.4346017980878241,0.1270277678009006,-0.06392042455030605,3
0.300193761,10.002,40.977,3.5355,1.000104762,2,0.7943798764733095,-0.008732225011335686,0.012420645714737475,0.9090916998288594,-0.2578553541866131,0.10405108336242846,-0.03622733810916543,2
0.300193761,10.002,40.977,3.5355,1.000104762,2,0.7943798764733095,0.012396202178206295,0.03850494772545062,0.9171318009262904,-0.22075631730956957,0.045937703847885134,-0.057296511594904585,1
0.300193761,10.002,40.977,3.5355,1.000104762,2,0.7943798764733095,0.01457991703413427,0.05097996190888807,0.9510731783183292,-0.249609565702267,0.07654186054423917,-0.07344020772958175,3
0.300193761,10.002,40.977,3.5355,1.000104762,2,0.7943798764733095,0.010274738100124524,0.01592388830380514,0.9436796569707804,-0.19664676683256402,0.08604152984800749,-0.04299267783295363,4
0.300193761,10.002,40.977,3.5355,1.000104762,2,0.7943798764733095,0.029019413171336054,0.015710025057196618,0.8825958669430111,-0.21921410255949014,0.08878549609566107,-0.06557263927534222,5
0.300153869,2.004,25.966,3.5291,1.000091905,2,0.7765277932103782,0.024568117315648123,0.060828616339713336,0.8064971172402147,-0.22170403558644466,0.08878549609566107,-0.06557263927534222,5
0.300153869,2.004,25.966,3.5291,1.000091905,2,0.7765277932103782,0.02046843318035826,0.0674587347439956,0.8878088448662311,-0.22131253419211133,0.06548639686196112,-0.057296511594904585,1
0.300153869,2.004,25.966,3.5291,1.000091905,2,0.7765277932103782,-0.00405977186979726,0.06350519297411665,0.880772100246977,-0.195154618001543,0.09117216363258195,-0.043251132084988056,4
0.300153869,2.004,25.966,3.5291,1.000091905,2,0.7765277932103782,0.0017466213647276162,0.10790343562839552,0.9013866854039952,-0.2527664417633787,0.08152455658011604,-0.07366453957511113,3
0.300153869,2.004,25.966,3.5291,1.000091905,2,0.7765277932103782,-0.020944149281131103,0.08748324901331216,0.796070729366038,-0.2649577870941721,0.10691733123618179,-0.03668793341144919,2
0.300114873,10.002,1.0582,3.5267,1.000078571,3,0.1314957525551679,-0.006555073787458241,0.007169918520376086,0.1542832174245268,-0.30318307972396724,0.09009026675717906,-0.047259880304336546,5
0.300114873,10.002,1.0582,3.5267,1.000078571,3,0.1314957525551679,-0.06852841252461075,-0.0027697326545603573,0.16536872923548798,-0.29084770386107267,0.14537937816116028,-0.02931006208527833,2
0.300114873,10.002,1.0582,3.5267,1.000078571,3,0.1314957525551679,-0.061932813415769485,0.015332503000972792,0.16090952910715714,-0.3357514701853506,0.0717709835479036,-0.05562409573700279,1
0.300114873,10.002,1.0582,3.5267,1.000078571,3,0.1314957525551679,-0.06879917924292385,0.020959352067438885,0.11842504957690834,-0.3747562923631631,0.08165082759893266,-0.09633314817911014,3
0.300114873,10.002,1.0582,3.5267,1.000078571,3,0.1314957525551679,-0.0481001341692172,0.004277681808453053,0.17677149484865368,-0.28445136804351934,0.10250552640412934,-0.02450437589548528,4
0.300066667,10.003,-9.3469,3.534,0.0,1,-1.0009774212448246,-0.11097170808818191,-0.0015323041833471508,-0.35699342862237243,-0.323082798239775,-0.17976856619818135,0.0057162871165201065,5
0.300066667,10.003,-9.3469,3.534,0.0,1,-1.0009774212448246,-0.18655111439176836,-0.002484396219952032,-0.37526489851647055,-0.3133425808115862,-0.20967544282320888,0.006625645994208753,4
0.300066667,10.003,-9.3469,3.534,0.0,1,-1.0009774212448246,-0.142767596191552,-0.0006042985268868506,-0.3600461994530633,-0.3579139121680055,-0.20570863783941604,0.015011099684052169,3
0.300066667,10.003,-9.3469,3.534,0.0,1,-1.0009774212448246,-0.17862352497875691,-0.009001164881046861,-0.38079037486808376,-0.3217987058300059,-0.19409701315686106,0.004458792642690241,2
0.300066667,10.003,-9.3469,3.534,0.0,1,-1.0009774212448246,-0.13062992032471812,-0.0019068333134055137,-0.3590475866314955,-0.32972223528428,-0.21422372658737004,0.011053888220340013,1
0.300033333,10.003,40.707,3.573,0.206903448,1,1.3346069951525308,-0.06597825818113051,0.012474562660790979,0.9526682009757497,-0.16417617399478332,0.08063215854810551,0.008739445833489299,2
0.300033333,2.003,11.051,3.5289,0.206896552,1,0.3016158715594709,-0.06775344174617202,0.07790184723446146,0.47940254260553045,-0.3965299930330366,0.10329715340572874,0.021363271833397448,3
0.300033333,2.003,11.051,3.5289,0.206896552,1,0.3016158715594709,-0.13530583264073356,0.07911997086368501,0.45775304157519714,-0.3503959560440853,0.07585026202606969,0.009295350369066,2
0.300033333,10.003,-9.5331,3.5424,0.0,1,-0.9682890654624311,-0.17862352497875691,-0.009001164881046861,-0.38079037486808376,-0.3217987058300059,-0.19409701315686106,0.004458792642690241,2
0.300033333,10.003,-9.5331,3.5424,0.0,1,-0.9682890654624311,-0.142767596191552,-0.0006042985268868506,-0.36433099723886697,-0.30091847206116656,-0.20473567918525076,0.015011099684052169,3
0.300033333,10.003,-9.5331,3.5424,0.0,1,-0.9682890654624311,-0.10876878981944174,-0.0015323041833471508,-0.37273080929648134,-0.323082798239775,-0.17976856619818135,0.0057162871165201065,5
0.300033333,10.003,40.707,3.573,0.206903448,1,1.3346069951525308,-0.0183431203107466,0.03884717511711642,0.9786331137269735,-0.09503823758102953,0.10858524831302929,0.019791984846815467,3
0.300033333,10.003,-9.5331,3.5424,0.0,1,-0.9682890654624311,-0.1778850026766304,-0.002484396219952032,-0.392387406170601,-0.3068986799172126,-0.20766294681932776,0.006625645994208753,4
0.300033333,2.003,11.051,3.5289,0.206896552,1,0.3016158715594709,-0.07066729652811773,0.05723285742802545,0.46602769440505654,-0.35944681929890065,0.06280898097436875,0.012603057119995355,5
0.300033333,10.003,40.707,3.573,0.206903448,1,1.3346069951525308,-0.01091866617091,0.017373021662933752,0.928429018072784,-0.17214450756087898,0.09887069189455361,0.013506289259530603,1
0.300033333,2.003,11.051,3.5289,0.206896552,1,0.3016158715594709,-0.12918050650274382,0.05655799082713202,0.49050849620020015,-0.31453228570055214,0.09935641504067462,0.010528926122933626,4
0.300033333,10.003,40.707,3.573,0.206903448,1,1.3346069951525308,-0.03733744634431787,0.01592388830380514,0.9931791502539999,-0.21036185911623762,0.10269644190906548,0.010537147936411202,4
0.300033333,2.003,11.051,3.5289,0.206896552,1,0.3016158715594709,-0.07652036822866648,0.06957315644598566,0.5096970284450799,-0.34604550934629513,0.09140655744238757,0.01493933379650116,1
0.300033333,10.003,-9.5331,3.5424,0.0,1,-0.9682890654624311,-0.13062992032471812,-0.0019068333134055137,-0.3590475866314955,-0.32972223528428,-0.21422372658737004,0.011053888220340013,1
0.300033333,10.003,40.707,3.573,0.206903448,1,1.3346069951525308,-0.023353858082555235,0.02096725444542244,0.9509643012995366,-0.09467546090018004,0.08802492941031233,0.016716525596566497,5
0.300026667,2.003,-8.1532,3.5421,0.0,1,-0.8674604223488483,-0.11985026727546938,0.04315618089283817,-0.31720843323040754,-0.31326708587352187,-0.1789391584484838,0.0059825433883816,5
0.300026667,2.003,-8.1532,3.5421,0.0,1,-0.8674604223488483,-0.1266399255520082,0.05847389160655439,-0.29494776868028566,-0.3214001933275722,-0.2058694458429818,0.011053888220340013,1
0.300026667,2.003,-8.1532,3.5421,0.0,1,-0.8674604223488483,-0.179469523091102,0.05140199887217022,-0.317779984670924,-0.30838128745323046,-0.20673232000670397,0.006625645994208753,4
0.300026667,2.003,-8.1532,3.5421,0.0,1,-0.8674604223488483,-0.17583017247729005,0.06045430461410433,-0.3250995193910785,-0.3344867202977184,-0.19039929694496094,0.004725452931597829,2
0.300026667,2.003,-8.1532,3.5421,0.0,1,-0.8674604223488483,-0.14908700500876876,0.04803681746823713,-0.3576341069024056,-0.36114830466569403,-0.20036759988870473,0.015011099684052169,3
0.300006667,2.003,-19.291,3.5121,0.0,1,-1.1724140294446468,-0.12113534672767855,0.040620931899175046,-0.6320275475084781,-0.28091771392850207,-0.16692193166702055,0.006625645994208753,4
0.300006667,2.003,-19.291,3.5121,0.0,1,-1.1724140294446468,-0.06004647720634239,0.040404373593628404,-0.6010799738578498,-0.3237198047863785,-0.17063690597424283,0.013003106184769422,3
0.300006667,2.003,-19.291,3.5121,0.0,1,-1.1724140294446468,-0.08964575395628344,0.04422399021510501,-0.6398769759130665,-0.2771452991408296,-0.1813844924746081,0.004725452931597829,2
0.300006667,2.003,-19.291,3.5121,0.0,1,-1.1724140294446468,-0.044411612920230256,0.030355372804915532,-0.6406047223834321,-0.31226805585902184,-0.15109323809854686,0.007843622090294957,5
0.300006667,2.003,-19.291,3.5121,0.0,1,-1.1724140294446468,-0.09085367861989653,0.050311753298155966,-0.6394148681196384,-0.2509053630079143,-0.18030689809500472,0.011053888220340013,1
0.30000422,10.003,2.7227,3.519,0.0,2,-0.6168758325411238,-0.05644677233649418,-0.0009183000563643873,0.16736873673740774,-0.3675999712978955,-0.1868291789817158,-0.08718495160574094,3
0.30000422,10.003,2.7227,3.519,0.0,2,-0.6168758325411238,-0.1619656154245604,-0.0012674313120078296,0.15500692623085344,-0.30348486290764415,-0.19977269635477568,-0.042106800475157795,4
0.30000422,10.003,2.7227,3.519,0.0,2,-0.6168758325411238,-0.11398676822747802,-0.0007613066444173456,0.1786829414172098,-0.3483444932033308,-0.17678613830241374,-0.05430434576235712,1
0.30000422,10.003,2.7227,3.519,0.0,2,-0.6168758325411238,-0.02631432939786464,-0.0029506964806932955,0.15967341752024367,-0.4244617662881501,-0.1228673706506379,-0.042669349913485345,5
0.30000422,10.003,2.7227,3.519,0.0,2,-0.6168758325411238,-0.04327931829262525,-0.009169435636140406,0.21036743125645443,-0.3394185078411829,-0.17684974282979965,-0.02644062424544245,2
0.300000111,10.003,-7.37,3.5104,0.0,2,-1.1592321215884338,-0.14002959545556223,-0.002750967456959188,-0.268214799829293,-0.408349271772895,-0.19503614985500461,-0.05515465822070837,1
0.300000111,10.003,-7.37,3.5104,0.0,2,-1.1592321215884338,-0.08613577296957374,-0.0029506964806932955,-0.2800677405111492,-0.43702828608918937,-0.14471892474917694,-0.023206987208686768,5
0.300000111,10.003,-7.37,3.5104,0.0,2,-1.1592321215884338,-0.12422120881499722,-0.004148985149804503,-0.2998639399604872,-0.4451230197551195,-0.1815734136442188,-0.04240262683248147,3
0.300000111,10.003,-7.37,3.5104,0.0,2,-1.1592321215884338,-0.19291793466196394,-0.0029102083563338965,-0.292895607376704,-0.36095893957884984,-0.18166331358719617,-0.02059568390250206,4
0.300000111,10.003,-7.37,3.5104,0.0,2,-1.1592321215884338,-0.12508379095932468,-0.009692693441174925,-0.20889966576592997,-0.3595191081706435,-0.1826188167463988,-0.009542032117024065,2
0.300000088,10.003,27.172,3.528,1.000130952,2,0.6387402971859409,0.015415891129523516,0.04737893789773807,0.9193454635096714,-0.2615675547439605,0.07654186054423917,-0.07344020772958175,3
0.300000088,10.003,27.172,3.528,1.000130952,2,0.6387402971859409,-0.02647158251143992,0.01592388830380514,0.9151261715567671,-0.19923501278739422,0.08170923129306175,-0.043251132084988056,4
0.300000088,10.003,27.172,3.528,1.000130952,2,0.6387402971859409,-0.013233642737613991,0.012420645714737475,0.8227203238080256,-0.26753743800101804,0.10737792644533328,-0.03622733810916543,2
0.300000088,10.003,27.172,3.528,1.000130952,2,0.6387402971859409,0.023184619648382067,0.016467831230256705,0.8299479828274343,-0.2235310509603005,0.08819153977790847,-0.06514253297820688,5
0.300000088,10.003,27.172,3.528,1.000130952,2,0.6387402971859409,-0.014782300086226314,0.008454082946991548,0.8667177657573484,-0.22230300948722287,0.050077523253858086,-0.057296511594904585,1
0.300000026,30.001,27.682,3.5852,0.0,2,0.5184519602083638,-0.04338061607297277,-0.057603693299461155,0.880986905999016,-0.15227333642775193,-0.1786224184965249,-0.05075958214583807,1
0.300000026,30.001,27.682,3.5852,0.0,2,0.5184519602083638,-0.05000355982570909,-0.039363852515816686,0.9174669711187016,-0.18575912325643004,-0.19496532075980214,-0.03865412217564881,4
0.300000026,30.001,27.682,3.5852,0.0,2,0.5184519602083638,-0.012665528659708799,-0.0444075424678158,0.888597165454994,-0.11780916173942386,-0.17659907254506835,-0.07225187994306907,3
0.300000026,30.001,27.682,3.5852,0.0,2,0.5184519602083638,0.008460087766870857,-0.024046242592157797,0.8510217314970214,-0.07623559479368851,-0.14900564774405212,-0.03554952713660896,5
0.300000026,30.001,27.682,3.5852,0.0,2,0.5184519602083638,-0.020760164769599215,-0.049360819766297935,0.8727251195651479,-0.10085525997797959,-0.1418077903217636,-0.027922968044877053,2
0.3,30.003,10.798,3.5568,0.206893103,1,-0.10005172139771155,-0.09194576762150973,-0.04086611206876114,0.44449363856576385,-0.3755686384346336,0.05640342084225267,0.012521132128313184,5
0.3,2.002,25.563,3.5543,0.206896552,1,1.3309501423707257,-0.013923779488832224,0.10235734441084787,0.8870140757877379,-0.20868264319840818,0.10185640480194706,0.018862760494230316,3
0.3,2.002,39.945,3.5606,0.206896552,1,1.3871428496209037,-0.013309338407125323,0.10125700335833245,0.9606195017881691,-0.21848426547134295,0.0962887832603883,0.013506289259530603,1
0.3,2.002,25.563,3.5543,0.206896552,1,1.3309501423707257,-0.07282777319895103,0.08807048668153585,0.8178656635037623,-0.2917337330500595,0.07473960780305788,0.008947062082588672,2
0.3,30.003,10.798,3.5568,0.206893103,1,-0.10005172139771155,-0.1443626125738956,-0.04515464675612748,0.43264009698992595,-0.345968417013064,0.07041227917419747,0.008979997057467699,2
0.3,10.003,11.144,3.5538,0.2069,1,0.25142486925653007,-0.10530396544840187,0.023629984682193027,0.5027500553033315,-0.3561077977810055,0.09190772175788879,0.01493933379650116,1
0.3,30.003,10.798,3.5568,0.206893103,1,-0.10005172139771155,-0.11238504728768021,-0.06590610347455367,0.47482963765272873,-0.3430678696348332,0.08293863910250365,0.01493933379650116,1
0.3,30.003,10.798,3.5568,0.206893103,1,-0.10005172139771155,-0.08413893647288205,-0.08537833250593393,0.48374617017165294,-0.35702057473710735,0.08444549158390145,0.021363271833397448,3
0.3,10.003,11.144,3.5538,0.2069,1,0.25142486925653007,-0.09113951618783175,0.012360041129868478,0.4516173805249855,-0.3607618034305051,0.0627270559919998,0.012521132128313184,5
0.3,30.003,10.798,3.5568,0.206893103,1,-0.10005172139771155,-0.16393803323386236,-0.043400192889384924,0.46797735733212903,-0.3155893274676055,0.09873659010627307,0.010528926122933626,4
0.3,10.003,11.144,3.5538,0.2069,1,0.25142486925653007,-0.14136599310906603,0.0035240468429401516,0.44427055469481275,-0.3354959849873558,0.07877381558762864,0.009030654057860375,2
0.3,10.003,26.144,3.5701,0.214292857,1,0.9971157727706882,-0.017489416431926655,0.04562960889888927,0.9520174565352499,-0.11435341297648847,0.10628810360853094,0.018716345726279542,3
0.3,10.003,26.144,3.5701,0.214292857,1,0.9971157727706882,-0.07472301149158739,0.012474562660790979,0.841639617041219,-0.15068571134237574,0.12281292154220864,0.008739445833489299,2
0.3,10.002,1.4725,3.5315,0.206893103,1,-0.2608415841702026,-0.2098891327693127,0.004277681808453053,0.16064356469549237,-0.3526769170233456,0.10007449277327396,0.01082297220826149,4
0.3,10.002,1.4725,3.5315,0.206893103,1,-0.2608415841702026,-0.10275725677376613,-0.0027158157085068525,0.17223133456136566,-0.3682294569164515,0.07322066448046825,0.007488332558423281,2
0.3,2.002,39.945,3.5606,0.206896552,1,1.3871428496209037,-0.05466864616028033,0.08807048668153585,0.9559591067372821,-0.2837587897968479,0.07141276472015307,0.00881217141635716,2
0.3,2.002,39.945,3.5606,0.206896552,1,1.3871428496209037,-0.02959238437586464,0.061156316304113716,0.9576419558527414,-0.20080947909969837,0.06570510163204744,0.015595279680565,5
0.3,10.003,11.144,3.5538,0.2069,1,0.25142486925653007,-0.06691746760421666,0.031670923444908114,0.5004525707918219,-0.30806215449236335,0.1048307735210983,0.021363271833397448,3
0.3,10.002,1.4725,3.5315,0.206893103,1,-0.2608415841702026,-0.09199492290616035,0.007497618484776467,0.1626230501104146,-0.3650841529248282,0.061628949001897124,0.012418290656059981,5
0.3,10.003,26.144,3.5701,0.214292857,1,0.9971157727706882,-0.06277090597664937,0.01592388830380514,0.9322563000372611,-0.23390364667866378,0.12087489538243971,0.010881753605790436,4
0.3,10.003,26.144,3.5701,0.214292857,1,0.9971157727706882,-0.03333002340048551,0.02096725444542244,0.8678953821177129,-0.10646775907371193,0.10906912673031911,0.016716525596566497,5
0.3,10.002,1.4725,3.5315,0.206893103,1,-0.2608415841702026,-0.12261066942010075,0.015695577481528743,0.17654662356246262,-0.41135904429713266,0.09355802353937179,0.014801841138396412,1
0.3,10.003,26.144,3.5701,0.214292857,1,0.9971157727706882,-0.029642454937566072,0.01341954362927936,0.8934928463865072,-0.17652889577671885,0.09781044748611749,0.013506289259530603,1
0.3,2.002,25.563,3.5543,0.206896552,1,1.3309501423707257,-0.021814040230819957,0.061156316304113716,0.8207483660860453,-0.2892852498078719,0.060654405944515016,0.015595279680565,5
0.3,2.002,39.945,3.5606,0.206896552,1,1.3871428496209037,-0.04600796979968436,0.06350519297411665,0.9923718000971712,-0.22647408597636967,0.10513544675835874,0.010537147936411202,4
0.3,2.002,25.563,3.5543,0.206896552,1,1.3309501423707257,-0.021793372249230742,0.093226482643513,0.8930503984773531,-0.21935796718345954,0.0925235088809859,0.013506289259530603,1
0.3,2.002,25.563,3.5543,0.206896552,1,1.3309501423707257,-0.08068155560875312,0.06350519297411665,0.8015336068929173,-0.2751834376482293,0.10583559629681986,0.010881753605790436,4
0.3,2.002,39.945,3.5606,0.206896552,1,1.3871428496209037,-0.013958804384164978,0.09867894019698724,0.9703050403296948,-0.20713820222765209,0.1022736467589857,0.018716345726279542,3
0.3,10.002,1.4725,3.5315,0.206893103,1,-0.2608415841702026,-0.09734933001484024,0.021166038670344278,0.1484143775748089,-0.3926226676790975,0.10206319529301254,0.023304760497994723,3
0.3,10.003,11.144,3.5538,0.2069,1,0.25142486925653007,-0.15688281778944657,0.008976686156820506,0.473728377816733,-0.3091417563287541,0.10635853265994229,0.010528926122933626,4
0.299996667,2.005,1.4963,3.5032,0.206896552,1,-0.3343136186870768,-0.14552617093082518,0.026245145687134937,0.15690034507540987,-0.5632961748656817,0.0789490083232522,0.019770345704164357,1
0.299996667,2.005,1.4963,3.5032,0.206896552,1,-0.3343136186870768,-0.10311380069935694,0.039338388643227515,0.17742738020780963,-0.41506344911642373,0.06884750406607054,0.007561058141291142,2
0.299996667,2.005,1.4963,3.5032,0.206896552,1,-0.3343136186870768,-0.082730935375439,0.035673426266293974,0.1632894179294817,-0.5174556510755792,0.052530518642161045,0.011755994493141771,5
0.299996667,2.005,1.4963,3.5032,0.206896552,1,-0.3343136186870768,-0.11039516080199974,0.02690919493208639,0.12666268608998507,-0.5498087131441571,0.0701630522843334,0.018179114882368595,3
0.299996667,2.005,1.4963,3.5032,0.206896552,1,-0.3343136186870768,-0.2323966631735675,0.048736364145297556,0.17789355341345073,-0.44525645663481556,0.07741417077078949,0.01082297220826149,4
0.299975701,10.002,0.93361,3.5917,0.0,3,0.15949274570564698,-0.047627217383123935,-0.006447748366044834,0.16097924508620054,-0.17701366004766897,-0.15407462699571625,-0.02436424241401255,5
0.299975701,10.002,0.93361,3.5917,0.0,3,0.15949274570564698,-0.07968040359206498,0.0003871753625571728,0.09623854358214885,-0.1630301898450125,-0.18965368062839844,-0.06260456744814291,3
0.299975701,10.002,0.93361,3.5917,0.0,3,0.15949274570564698,-0.13292218890361254,0.004701241725124419,0.0898915381450206,-0.11314673974644393,-0.2045161570550408,-0.04452839788515121,1
0.299975701,10.002,0.93361,3.5917,0.0,3,0.15949274570564698,-0.06531416855985299,-0.00921415810007602,0.10507754019228742,-0.1041207091731485,-0.17940934042679146,0.0034249731805175545,2
0.299975701,10.002,0.93361,3.5917,0.0,3,0.15949274570564698,-0.11877569983829744,-0.002484396219952032,0.09857814651564695,-0.28803806093288586,-0.2032189881359227,-0.009950812761671842,4
0.299972995,10.002,12.802,3.5167,0.0,2,-0.03166866159251068,-0.1731534112477675,-0.0013703085924498737,0.40570628371788187,-0.3246271806547884,-0.15647143342066555,-0.03370189514942467,2
0.299972995,10.002,12.802,3.5167,0.0,2,-0.03166866159251068,-0.11608455046545714,0.014530775995226577,0.47325605935649945,-0.35834136777208186,-0.18193937491450923,-0.09663644001120701,3
0.299972995,10.002,12.802,3.5167,0.0,2,-0.03166866159251068,-0.13232291958876885,0.002976607690798119,0.4666919679834973,-0.28421723627485335,-0.18976826259109658,-0.041151150693185624,4
0.299972995,10.002,12.802,3.5167,0.0,2,-0.03166866159251068,-0.1483051292071468,0.012589488490484656,0.5015119902812876,-0.301344831767492,-0.1647746305714827,-0.05515404402161948,1
0.299972995,10.002,12.802,3.5167,0.0,2,-0.03166866159251068,0.03123975749593228,-0.00034121113480068744,0.5888935692911036,-0.3888582248869352,-0.12617259530816227,-0.06339975411770865,5
0.299971997,10.003,-17.069,3.5298,0.0,2,-1.4371011210417703,-0.15796049344819038,0.00045451078447513284,-0.5761330736940726,-0.24257093796040863,-0.15765128339175136,-0.02173795474227518,5
0.299971997,10.003,-17.069,3.5298,0.0,2,-1.4371011210417703,-0.10561458771582694,0.001545198350213468,-0.5805807767203077,-0.29365990482852794,-0.19258714981726371,-0.06705993224633858,3
0.299971997,10.003,-17.069,3.5298,0.0,2,-1.4371011210417703,-0.17755904247402213,-0.0022719806944951414,-0.5831635216856376,-0.235824840341229,-0.1922113947570324,-0.034044808954931796,4
0.299971997,10.003,-17.069,3.5298,0.0,2,-1.4371011210417703,-0.1257888045589789,-0.004077943868469447,-0.6062204181053675,-0.23382525032153353,-0.19239604146336206,-0.035883651729673144,1
0.299971997,10.003,-17.069,3.5298,0.0,2,-1.4371011210417703,-0.1437472104281187,-0.004427547410014086,-0.5937043297407217,-0.2717439184093382,-0.17951956128235907,-0.010405332380905748,2
0.299966667,10.003,-8.0902,3.4959,0.206889655,1,-0.7761228475239194,-0.2823838324379176,0.0004832448135130107,-0.2565621598996222,-0.5022595220850781,0.060355879242997616,0.011574276830069721,5
0.299966667,10.002,-15.893,3.4733,0.214285714,1,-1.0156885770922384,-0.23002717738971115,0.001548403601627797,-0.49785861297510564,-0.43615083520300685,0.08178000666433945,0.011656201821751892,5
0.299966667,10.003,-8.0902,3.4959,0.206889655,1,-0.7761228475239194,-0.19768650004436494,0.006649295742390677,-0.2880207905778661,-0.5109555950015783,0.07749119275453267,0.018019784309435637,3
0.299966667,10.002,-15.893,3.4733,0.214285714,1,-1.0156885770922384,-0.263804601742886,0.002191802931483835,-0.5408160250145011,-0.38354695030720903,0.08646001558518038,0.010298257786780595,4
0.299966667,10.002,-15.893,3.4733,0.214285714,1,-1.0156885770922384,-0.16072303251130507,0.00972692581708543,-0.5505010484624654,-0.3905867582862265,0.08431458583567292,0.016338914125226436,1
0.299966667,10.003,-8.0902,3.4959,0.206889655,1,-0.7761228475239194,-0.3339796756557189,0.0010577022354118525,-0.3054943324998021,-0.43787945359479635,0.0805056693800725,0.010298257786780595,4
0.299966667,10.003,-8.0902,3.4959,0.206889655,1,-0.7761228475239194,-0.1992178844389855,0.005870818692492321,-0.2555086975893937,-0.4855158713343553,0.0858557866839692,0.016338914125226436,1
0.299966667,10.003,-8.0902,3.4959,0.206889655,1,-0.7761228475239194,-0.29112116202479227,-0.00444044511532411,-0.2932263094495283,-0.4358569200336933,0.07829815768229309,0.005636958675459027,2
0.299966667,10.002,-15.893,3.4733,0.214285714,1,-1.0156885770922384,-0.21481726126046852,-0.0012578213814413174,-0.5454404047405115,-0.38068376967683437,0.1520201306749368,0.007768231201916933,2
0.299966667,10.002,-15.893,3.4733,0.214285714,1,-1.0156885770922384,-0.1622096200103988,0.010677428018534557,-0.5082824165932834,-0.39673523300793023,0.12133091158437309,0.018019784309435637,3
0.299946667,2.002,-7.6434,3.4866,0.206893103,1,-0.7479287917252708,-0.3298349150340073,0.0492718289536424,-0.28812035606242714,-0.4366649164957926,0.07888046262669376,0.010298257786780595,4
0.299946667,2.002,-7.6434,3.4866,0.206893103,1,-0.7479287917252708,-0.28542759813950397,0.04535606111166999,-0.2539982448425144,-0.5009445379534736,0.06043780422536656,0.011656201821751892,5
0.299946667,2.002,-7.6434,3.4866,0.206893103,1,-0.7479287917252708,-0.29545938087510876,0.05509930644650012,-0.20749474796757567,-0.44978346234653144,0.07724130388873164,0.007840956784784794,2
0.299946667,2.002,-7.6434,3.4866,0.206893103,1,-0.7479287917252708,-0.20172306204010965,0.053901189438765866,-0.2806027204892598,-0.5162931912299246,0.07518275942857144,0.018019784309435637,3
0.299946667,2.002,-7.6434,3.4866,0.206893103,1,-0.7479287917252708,-0.18907325606793166,0.06363440194749273,-0.26031645642360673,-0.4861459460458718,0.08076718214782887,0.016338914125226436,1
0.299933333,30.002,40.434,3.5719,0.206889655,1,0.8103092169245927,-0.12559034435194916,-0.05316856217570603,0.9632371715432965,-0.18533268050989135,0.06986071642721071,0.008796701366081834,2
0.299933333,30.002,40.434,3.5719,0.206889655,1,0.8103092169245927,-0.10247895368927856,-0.07667639248422348,0.8950577867031098,-0.20183898721588775,0.08690627479925751,0.013506289259530603,1
0.299933333,30.002,40.434,3.5719,0.206889655,1,0.8103092169245927,-0.11477432323270477,-0.0370116961048916,0.9921017245785333,-0.22999512531096117,0.09944181446335279,0.011345249861478805,4
0.299933333,30.002,40.434,3.5719,0.206889655,1,0.8103092169245927,-0.060112027772993314,-0.08642800581408665,0.9494558681658236,-0.16834861385636032,0.09535870690189768,0.01978109249728732,3
0.299933333,30.002,40.434,3.5719,0.206889655,1,0.8103092169245927,-0.19216691721696408,-0.03948315855814144,0.9119158704497385,-0.09164080190472305,0.08175743800355122,0.014566076877526939,5
0.299923333,2.003,-7.7603,3.4762,0.2069,1,-0.8043727331360306,-0.18907325606793166,0.06363440194749273,-0.26031645642360673,-0.4861459460458718,0.08076718214782887,0.016338914125226436,1
0.299923333,2.003,-7.7603,3.4762,0.2069,1,-0.8043727331360306,-0.20172306204010965,0.053901189438765866,-0.2806027204892598,-0.5162931912299246,0.07518275942857144,0.018019784309435637,3
0.299923333,2.003,-7.7603,3.4762,0.2069,1,-0.8043727331360306,-0.3298349150340073,0.0492718289536424,-0.2842938641924411,-0.4514716763165779,0.07708835953730159,0.010298257786780595,4
0.299923333,2.003,-7.7603,3.4762,0.2069,1,-0.8043727331360306,-0.28542759813950397,0.04535606111166999,-0.2539982448425144,-0.5009445379534736,0.06043780422536656,0.011656201821751892,5
0.299923333,2.003,-7.7603,3.4762,0.2069,1,-0.8043727331360306,-0.29545938087510876,0.05509930644650012,-0.2078259831975447,-0.45011469757650047,0.07790377442317549,0.007840956784784794,2
0.299913333,10.003,-18.619,3.5219,0.0,1,-1.1875969472158199,-0.1574871581606567,-0.004259276654920541,-0.6108292315551079,-0.25296991354669446,-0.18270391286816448,0.0047015958419069645,2
0.299913333,10.003,-18.619,3.5219,0.0,1,-1.1875969472158199,-0.15399507840164006,-0.0006570886948611587,-0.5812946256948635,-0.3184634657902643,-0.14266963912639766,0.010303144422359765,5
0.299913333,10.003,-18.619,3.5219,0.0,1,-1.1875969472158199,-0.11401747519645142,0.001545198350213468,-0.5995546658430249,-0.27907954437308946,-0.19635015896870756,0.018813766776584088,3
0.299913333,10.003,-18.619,3.5219,0.0,1,-1.1875969472158199,-0.16349711720482446,-0.0006552099715918302,-0.6076397788943723,-0.2320140376430936,-0.1961482287105173,0.009511724337935448,4
0.299913333,10.003,-18.619,3.5219,0.0,1,-1.1875969472158199,-0.14472730073233833,-0.004599345128517598,-0.6130541997333058,-0.25046666178619487,-0.18265188323333859,0.01383060990832746,1
0.2999,30.004,-15.823,3.4816,0.206889655,1,-1.0184521528586405,-0.18687725016876355,-0.041968352396506814,-0.4947397524211556,-0.4203903994522989,0.062404070088814476,0.018019784309435637,3
0.2999,30.004,-15.823,3.4816,0.206889655,1,-1.0184521528586405,-0.2021884619514458,-0.02344346522761043,-0.542071125851362,-0.38930351540679115,0.06788303695677314,0.007717574201524258,2
0.2999,30.004,-15.823,3.4816,0.206889655,1,-1.0184521528586405,-0.2008103114226833,-0.020167245662305502,-0.5100622943090275,-0.40751711315475403,0.04763810452306643,0.011574276830069721,5
0.2999,30.004,-15.823,3.4816,0.206889655,1,-1.0184521528586405,-0.2021884619514458,-0.02344346522761043,-0.542071125851362,-0.38930351540679115,0.06788303695677314,0.007717574201524258,2
0.2999,30.002,-5.6629,3.5318,0.111107407,1,-0.7160499682380861,-0.2484380325404345,-0.030576426511397584,-0.18398497588001192,-0.3895885381475091,0.05191069629974663,0.015182626429013907,1
0.2999,30.004,-15.823,3.4816,0.206889655,1,-1.0184521528586405,-0.18687725016876355,-0.041968352396506814,-0.4947397524211556,-0.4203903994522989,0.062404070088814476,0.018019784309435637,3
0.2999,30.003,25.23,3.5698,0.206893103,1,0.4279029096120315,-0.1498854574514553,-0.057187922559678556,0.7818489673384466,-0.1764460392971523,0.06921485400060191,0.00906648269854486,2
0.2999,30.002,-5.6629,3.5318,0.111107407,1,-0.7160499682380861,-0.2484380325404345,-0.030576426511397584,-0.18398497588001192,-0.3895885381475091,0.05191069629974663,0.015182626429013907,1
0.2999,30.002,-5.6629,3.5318,0.111107407,1,-0.7160499682380861,-0.3243196481163613,-0.02285967509727925,-0.2030767273204401,-0.3211637091822922,0.020206918080803007,0.010558631126768888,4
0.2999,30.002,-5.6629,3.5318,0.111107407,1,-0.7160499682380861,-0.2934504714747891,-0.03099856729619205,-0.15156847243662924,-0.33002735265530647,0.024191867939662187,0.012543445862829685,5
0.2999,30.004,-15.823,3.4816,0.206889655,1,-1.0184521528586405,-0.260581306735985,-0.029532089647836983,-0.5462063915724866,-0.344158132893499,0.06415911221178248,0.010298257786780595,4
0.2999,30.003,25.23,3.5698,0.206893103,1,0.4279029096120315,-0.1310372297419235,-0.0814977631974034,0.8016380327939987,-0.2624369901116006,0.0809738992433995,0.011543757882900536,1
0.2999,30.004,-15.823,3.4816,0.206889655,1,-1.0184521528586405,-0.260581306735985,-0.029532089647836983,-0.5462063915724866,-0.344158132893499,0.06415911221178248,0.010298257786780595,4
0.2999,30.002,-5.6629,3.5318,0.111107407,1,-0.7160499682380861,-0.31120286238146944,-0.020887409846764057,-0.14971507679496426,-0.3680243547016289,0.005228249918436631,0.005606949203647673,2
0.2999,30.002,-5.6629,3.5318,0.111107407,1,-0.7160499682380861,-0.2441511165376869,-0.032055523227900264,-0.17265381484990938,-0.4133611117152032,0.0016964634528267197,0.02007910707499832,3
0.2999,30.002,-5.6629,3.5318,0.111107407,1,-0.7160499682380861,-0.2441511165376869,-0.032055523227900264,-0.17265381484990938,-0.4133611117152032,0.0016964634528267197,0.02007910707499832,3
0.2999,30.002,-5.6629,3.5318,0.111107407,1,-0.7160499682380861,-0.2934504714747891,-0.03099856729619205,-0.15156847243662924,-0.33002735265530647,0.024191867939662187,0.012543445862829685,5
0.2999,30.004,-15.823,3.4816,0.206889655,1,-1.0184521528586405,-0.20123135660862318,-0.032682423461228606,-0.5304688515444286,-0.3713065020972863,0.07643906492274255,0.019115635813213884,1
0.2999,30.002,-5.6629,3.5318,0.111107407,1,-0.7160499682380861,-0.31120286238146944,-0.020887409846764057,-0.14971507679496426,-0.3680243547016289,0.005228249918436631,0.005606949203647673,2
0.2999,30.004,-15.823,3.4816,0.206889655,1,-1.0184521528586405,-0.2008103114226833,-0.020167245662305502,-0.5100622943090275,-0.40751711315475403,0.04763810452306643,0.011574276830069721,5
0.2999,30.002,-5.6629,3.5318,0.111107407,1,-0.7160499682380861,-0.3243196481163613,-0.02285967509727925,-0.2030767273204401,-0.3211637091822922,0.020206918080803007,0.010558631126768888,4
0.2999,30.004,-15.823,3.4816,0.206889655,1,-1.0184521528586405,-0.20123135660862318,-0.032682423461228606,-0.5304688515444286,-0.3713065020972863,0.07643906492274255,0.019115635813213884,1
0.2999,30.003,25.23,3.5698,0.206893103,1,0.4279029096120315,-0.19949029020033776,-0.06178906704066321,0.7422587074059993,-0.11969741750508547,0.07375111434375867,0.014992765388451517,5
0.2999,30.003,25.23,3.5698,0.206893103,1,0.4279029096120315,-0.10418260991136777,-0.10112366312881932,0.781637556902715,-0.16066433249856346,0.0876581585482927,0.019927507265238092,3
0.2999,30.003,25.23,3.5698,0.206893103,1,0.4279029096120315,-0.15346148296026513,-0.05410095651168376,0.787086330440361,-0.2817765866126865,0.09857321694144047,0.01168985553085804,4
0.29988,2.004,-17.105,3.4433,0.2069,1,-1.098992241759889,-0.19866285826079547,0.03144072008668445,-0.5771752567007207,-0.40174503296613695,0.07304177293903194,0.019115635813213884,1
0.29988,2.004,-17.105,3.4433,0.2069,1,-1.098992241759889,-0.13428712262801126,0.04213518547476269,-0.5806248016702011,-0.41336884109303357,0.06694850254396442,0.018019784309435637,3
0.29988,2.004,-17.105,3.4433,0.2069,1,-1.098992241759889,-0.21488212972413748,0.03964022898580879,-0.6014306876272895,-0.3616287676920183,0.06359908093581908,0.010298257786780595,4
0.29988,2.004,-17.105,3.4433,0.2069,1,-1.098992241759889,-0.19829530671588144,0.03464952651644126,-0.5563979141646996,-0.4033285733032972,0.05036395030096173,0.011656201821751892,5
0.29988,2.004,-17.105,3.4433,0.2069,1,-1.098992241759889,-0.19389161004743072,0.04397648745973129,-0.5806909181916854,-0.38952474870486187,0.07143840018718038,0.007840956784784794,2
0.299873333,2.001,-17.789,3.464,0.2069,1,-1.0236443255106686,-0.21523073229473083,0.03964022898580879,-0.6187004325189628,-0.34401041927048936,0.06359908093581908,0.010298257786780595,4
0.299873333,2.001,-17.789,3.464,0.2069,1,-1.0236443255106686,-0.13428712262801126,0.04230180757702328,-0.5834573773806915,-0.41070288739632815,0.06694850254396442,0.018019784309435637,3
0.299873333,2.001,-17.789,3.464,0.2069,1,-1.0236443255106686,-0.19322564300964587,0.03464952651644126,-0.5669332451326773,-0.39688868990167975,0.049389734333381057,0.011656201821751892,5
0.299873333,2.001,-17.789,3.464,0.2069,1,-1.0236443255106686,-0.18677967513969634,0.04397648745973129,-0.596462494294974,-0.3804031817871146,0.07097647645568941,0.007840956784784794,2
0.299873333,2.001,-17.789,3.464,0.2069,1,-1.0236443255106686,-0.18628868785453961,0.05565321611589752,-0.5833757505216636,-0.373070187587291,0.075249263033038,0.019115635813213884,1
0.299866667,30.002,-15.926,3.4968,0.206889655,1,-1.0076211690468824,-0.2334213262386038,-0.02627928351634182,-0.524398836561013,-0.370125422119163,0.07723369509447366,0.019115635813213884,1
0.299866667,30.004,-5.922,3.5165,0.206889655,1,-0.7497153457560763,-0.31055395983392375,-0.03963663268368691,-0.24485032695811243,-0.3455047924956307,0.09714049585396424,0.010558631126768888,4
0.299866667,30.002,-15.926,3.4968,0.206889655,1,-1.0076211690468824,-0.22422117768321187,-0.016787562558893115,-0.4982973113330081,-0.41202335747890173,0.048764665632043035,0.011574276830069721,5
0.299866667,30.002,-15.52,3.5316,0.200003333,1,-0.9994421013746012,-0.23126559474971145,-0.029687633523717522,-0.5066139126196504,-0.31101520188618453,0.018504837558139114,0.011726489108987152,5
0.299866667,30.002,-15.44,3.5411,0.2,1,-1.0054438063218383,-0.23126559474971145,-0.029687633523717522,-0.5066139126196504,-0.31101520188618453,0.018504837558139114,0.011726489108987152,5
0.299866667,30.002,-6.0123,3.5656,0.103451724,1,-0.6978215341425241,-0.3123132735397667,-0.03099856729619205,-0.18574522450566291,-0.26053522596135736,0.016776106010656804,0.012543445862829685,5
0.299866667,30.004,-5.922,3.5165,0.206889655,1,-0.7497153457560763,-0.28522380268754205,-0.0369534963928163,-0.19956641510128975,-0.41200696683488786,0.07916466303169728,0.015182626429013907,1
0.299866667,30.004,-5.922,3.5165,0.206889655,1,-0.7497153457560763,-0.31316947522340344,-0.03189475384308025,-0.15924886901688295,-0.38594576170668005,0.07467450385331176,0.006301983240991831,2
0.299866667,30.002,-6.0123,3.5656,0.103451724,1,-0.6978215341425241,-0.24812946570600616,-0.03108307153917849,-0.18786561685381456,-0.34230418755090797,0.0026694221069919876,0.02007910707499832,3
0.299866667,30.004,-5.922,3.5165,0.206889655,1,-0.7497153457560763,-0.309500254211016,-0.02147817943478003,-0.15445401027798653,-0.47483711207751184,0.056415634138975296,0.012391233583912253,5
0.299866667,30.002,-6.0123,3.5656,0.103451724,1,-0.6978215341425241,-0.30541473095392574,-0.02773832792765461,-0.20224656598642468,-0.35723701645154504,0.02813297345302999,0.015182626429013907,1
0.299866667,30.004,-5.922,3.5165,0.206889655,1,-0.7497153457560763,-0.24245427403860959,-0.06827848796732723,-0.18347195928683505,-0.4045790956437122,0.08829973429645178,0.020542256343178453,3
0.299866667,30.002,-6.0123,3.5656,0.103451724,1,-0.6978215341425241,-0.314628821213264,-0.020887409846764057,-0.15634824702341577,-0.3499649180599954,-0.0023188325227238237,0.005414978475309909,2
0.299866667,30.002,-6.0123,3.5656,0.103451724,1,-0.6978215341425241,-0.32139277887297796,-0.02285967509727925,-0.24895954786334187,-0.3386505554942414,0.004674805274698883,0.010558631126768888,4
0.299866667,30.002,-6.0123,3.5656,0.103451724,1,-0.6978215341425241,-0.30541473095392574,-0.02773832792765461,-0.20224656598642468,-0.35723701645154504,0.02813297345302999,0.015182626429013907,1
0.299866667,30.004,-5.922,3.5165,0.206889655,1,-0.7497153457560763,-0.28522380268754205,-0.0369534963928163,-0.19956641510128975,-0.41200696683488786,0.07916466303169728,0.015182626429013907,1
0.299866667,30.002,-15.926,3.4968,0.206889655,1,-1.0076211690468824,-0.22422117768321187,-0.016787562558893115,-0.4982973113330081,-0.41202335747890173,0.048764665632043035,0.011574276830069721,5
0.299866667,30.002,-15.44,3.5411,0.2,1,-1.0054438063218383,-0.24153291548456765,-0.026305353579809888,-0.5402099203807302,-0.2954915509978309,0.04918509819079191,0.014980816934257745,1
0.299866667,30.004,-5.922,3.5165,0.206889655,1,-0.7497153457560763,-0.31055395983392375,-0.03963663268368691,-0.24485032695811243,-0.3455047924956307,0.09714049585396424,0.010558631126768888,4
0.299866667,30.002,-15.52,3.5316,0.200003333,1,-0.9994421013746012,-0.24153291548456765,-0.026305353579809888,-0.5402099203807302,-0.2954915509978309,0.04918509819079191,0.014980816934257745,1
0.299866667,30.002,-15.52,3.5316,0.200003333,1,-0.9994421013746012,-0.23126559474971145,-0.029687633523717522,-0.5066139126196504,-0.31101520188618453,0.018504837558139114,0.011726489108987152,5
0.299866667,30.002,-15.44,3.5411,0.2,1,-1.0054438063218383,-0.26902223428245636,-0.02172557440120727,-0.5271971551585011,-0.2687743956618942,0.013721575164236128,0.010298257786780595,4
0.299866667,30.002,-15.926,3.4968,0.206889655,1,-1.0076211690468824,-0.19778474396793172,-0.018113797888508996,-0.5514330782735487,-0.3651546985958703,0.06916313926747535,0.005586301675066352,2
0.299866667,30.002,-6.0123,3.5656,0.103451724,1,-0.6978215341425241,-0.24812946570600616,-0.03108307153917849,-0.18786561685381456,-0.34230418755090797,0.0026694221069919876,0.02007910707499832,3
0.299866667,30.002,-15.52,3.5316,0.200003333,1,-0.9994421013746012,-0.26902223428245636,-0.02172557440120727,-0.5271971551585011,-0.2687743956618942,0.013721575164236128,0.010298257786780595,4
0.299866667,30.002,-15.44,3.5411,0.2,1,-1.0054438063218383,-0.26902223428245636,-0.02172557440120727,-0.5271971551585011,-0.2687743956618942,0.013721575164236128,0.010298257786780595,4
0.299866667,30.002,-15.52,3.5316,0.200003333,1,-0.9994421013746012,-0.22378904225799487,-0.02817561698378995,-0.46059305634349584,-0.3701115679403301,-0.001253995748993475,0.01956462854053825,3
0.299866667,30.002,-15.926,3.4968,0.206889655,1,-1.0076211690468824,-0.26321348540019246,-0.021742648216895758,-0.5500328834424727,-0.3363996677449904,0.067842247269582,0.010298257786780595,4
0.299866667,30.002,-15.44,3.5411,0.2,1,-1.0054438063218383,-0.22378904225799487,-0.02817561698378995,-0.46059305634349584,-0.3701115679403301,-0.001253995748993475,0.01956462854053825,3
0.299866667,30.002,-15.52,3.5316,0.200003333,1,-0.9994421013746012,-0.26902223428245636,-0.02172557440120727,-0.5271971551585011,-0.2687743956618942,0.013721575164236128,0.010298257786780595,4
0.299866667,30.004,-5.922,3.5165,0.206889655,1,-0.7497153457560763,-0.24245427403860959,-0.06827848796732723,-0.18347195928683505,-0.4045790956437122,0.08829973429645178,0.020542256343178453,3
0.299866667,30.002,-15.44,3.5411,0.2,1,-1.0054438063218383,-0.20879578084452077,-0.017704786112881267,-0.520559515565983,-0.3495775757113006,-0.0009624410228570923,0.004891267637722194,2
0.299866667,30.002,-15.52,3.5316,0.200003333,1,-0.9994421013746012,-0.20879578084452077,-0.017704786112881267,-0.520559515565983,-0.3495775757113006,-0.0009624410228570923,0.004891267637722194,2
0.299866667,30.004,-5.922,3.5165,0.206889655,1,-0.7497153457560763,-0.309500254211016,-0.02147817943478003,-0.15445401027798653,-0.47483711207751184,0.056415634138975296,0.012391233583912253,5
0.299866667,30.002,-15.44,3.5411,0.2,1,-1.0054438063218383,-0.23126559474971145,-0.029687633523717522,-0.5066139126196504,-0.31101520188618453,0.018504837558139114,0.011726489108987152,5
0.299866667,30.002,-15.52,3.5316,0.200003333,1,-0.9994421013746012,-0.20879578084452077,-0.017704786112881267,-0.520559515565983,-0.3495775757113006,-0.0009624410228570923,0.004891267637722194,2
0.299866667,30.002,-15.44,3.5411,0.2,1,-1.0054438063218383,-0.24153291548456765,-0.026305353579809888,-0.5402099203807302,-0.2954915509978309,0.04918509819079191,0.014980816934257745,1
0.299866667,30.002,-15.44,3.5411,0.2,1,-1.0054438063218383,-0.20879578084452077,-0.017704786112881267,-0.520559515565983,-0.3495775757113006,-0.0009624410228570923,0.004891267637722194,2
0.299866667,30.002,-6.0123,3.5656,0.103451724,1,-0.6978215341425241,-0.3123132735397667,-0.03099856729619205,-0.18574522450566291,-0.26053522596135736,0.016776106010656804,0.012543445862829685,5
0.299866667,30.002,-15.926,3.4968,0.206889655,1,-1.0076211690468824,-0.1849858397062053,-0.022704930913168938,-0.4947397524211556,-0.4223641009349376,0.06789351138955681,0.018019784309435637,3
0.299866667,30.002,-15.926,3.4968,0.206889655,1,-1.0076211690468824,-0.19778474396793172,-0.018113797888508996,-0.5514330782735487,-0.3651546985958703,0.06916313926747535,0.005586301675066352,2
0.299866667,30.002,-15.44,3.5411,0.2,1,-1.0054438063218383,-0.22378904225799487,-0.02817561698378995,-0.46059305634349584,-0.3701115679403301,-0.001253995748993475,0.01956462854053825,3
0.299866667,30.002,-15.52,3.5316,0.200003333,1,-0.9994421013746012,-0.24153291548456765,-0.026305353579809888,-0.5402099203807302,-0.2954915509978309,0.04918509819079191,0.014980816934257745,1
0.299866667,30.002,-15.926,3.4968,0.206889655,1,-1.0076211690468824,-0.2334213262386038,-0.02627928351634182,-0.524398836561013,-0.370125422119163,0.07723369509447366,0.019115635813213884,1
0.299866667,30.002,-15.52,3.5316,0.200003333,1,-0.9994421013746012,-0.22378904225799487,-0.02817561698378995,-0.46059305634349584,-0.3701115679403301,-0.001253995748993475,0.01956462854053825,3
0.299866667,30.002,-15.926,3.4968,0.206889655,1,-1.0076211690468824,-0.1849858397062053,-0.022704930913168938,-0.4947397524211556,-0.4223641009349376,0.06789351138955681,0.018019784309435637,3
0.299866667,30.002,-15.926,3.4968,0.206889655,1,-1.0076211690468824,-0.26321348540019246,-0.021742648216895758,-0.5500328834424727,-0.3363996677449904,0.067842247269582,0.010298257786780595,4
0.299866667,30.002,-6.0123,3.5656,0.103451724,1,-0.6978215341425241,-0.32139277887297796,-0.02285967509727925,-0.24895954786334187,-0.3386505554942414,0.004674805274698883,0.010558631126768888,4
0.299866667,30.002,-6.0123,3.5656,0.103451724,1,-0.6978215341425241,-0.314628821213264,-0.020887409846764057,-0.15634824702341577,-0.3499649180599954,-0.0023188325227238237,0.005414978475309909,2
0.299866667,30.004,-5.922,3.5165,0.206889655,1,-0.7497153457560763,-0.31316947522340344,-0.03189475384308025,-0.15924886901688295,-0.38594576170668005,0.07467450385331176,0.006301983240991831,2
0.299733333,30.002,0.20695,3.548,0.107142857,1,-0.44382379779410497,-0.2116302675617044,-0.0319374892488122,-0.04895751130010467,-0.365107162425993,0.00019309905561385677,0.02007910707499832,3
0.299733333,30.004,0.47208,3.5365,0.206896552,1,-0.47813121816691595,-0.2085778514717822,-0.06795376738533378,-0.04694951423618477,-0.4080899128166493,0.08555106423067628,0.020542256343178453,3
0.299733333,30.004,0.47208,3.5365,0.206896552,1,-0.47813121816691595,-0.33151920038275423,-0.03341553934151307,0.008119397377595306,-0.33532189899589865,0.05913246165728196,0.01401593890041113,5
0.299733333,30.002,0.20695,3.548,0.107142857,1,-0.44382379779410497,-0.3298074522381648,-0.03099856729619205,0.007158286711201072,-0.3227730924729258,0.021096324033569546,0.013505855016410351,5
0.299733333,30.004,0.47208,3.5365,0.206896552,1,-0.47813121816691595,-0.25889175733318553,-0.03189475384308025,0.004315734507399611,-0.33339634582865985,0.07352440384565853,0.006301983240991831,2
0.299733333,30.002,0.20695,3.548,0.107142857,1,-0.44382379779410497,-0.2593832932296209,-0.020887409846764057,0.004320226238924078,-0.33174441641080193,0.00341567937633954,0.005606949203647673,2
0.299733333,30.004,0.47208,3.5365,0.206896552,1,-0.47813121816691595,-0.26139818789903074,-0.04386206302559003,-0.026134821362793447,-0.3231684529781342,0.0887622488848865,0.015182626429013907,1
0.299733333,30.002,0.20695,3.548,0.107142857,1,-0.44382379779410497,-0.2910674504059716,-0.030576426511397584,-0.034366414742544295,-0.31869450804777444,0.05351507396437228,0.015182626429013907,1
0.299733333,30.004,0.47208,3.5365,0.206896552,1,-0.47813121816691595,-0.27582205161685125,-0.03963663268368691,0.023720922758802773,-0.285322562311776,0.09697144226869568,0.010558631126768888,4
0.299733333,30.002,0.20695,3.548,0.107142857,1,-0.44382379779410497,-0.2971852303366177,-0.02285967509727925,0.021049199625849724,-0.2849135760590434,0.02003786449553445,0.010558631126768888,4
0.299633333,30.004,0.61943,3.5785,0.103444828,1,-0.4293917910140046,-0.34909168757963926,-0.03540242366027087,0.018938433495350182,-0.1911831507086754,0.004998009603004902,0.01163766643498093,5
0.299633333,30.004,0.61943,3.5785,0.103444828,1,-0.4293917910140046,-0.27052373374113814,-0.02416947846999392,0.0263309474819107,-0.17755998168024234,0.00926447164034471,0.005414978475309909,2
0.299633333,30.004,0.61943,3.5785,0.103444828,1,-0.4293917910140046,-0.2923155514485552,-0.034141467872541395,-0.010885148197412492,-0.26170259543228896,0.028762516267597675,0.015491009943652899,1
0.299633333,30.004,0.61943,3.5785,0.103444828,1,-0.4293917910140046,-0.28340416883584113,-0.029854267206974327,0.04164578550262377,-0.28690275658387693,0.010015394703950733,0.011233224873431027,4
0.299633333,30.004,0.61943,3.5785,0.103444828,1,-0.4293917910140046,-0.29570831008051757,-0.04090932158054784,-0.04324130760447588,-0.21054778999066912,0.010148437206808011,0.017918655248358846,3
0.299466667,30.002,-8.2082,3.5414,0.0,1,-1.0327166701983528,-0.29974982819054274,-0.01812155645340681,-0.27854231735225765,-0.31566141072660686,-0.16250419460469856,0.008442065720446408,5
0.299466667,30.001,-8.7716,3.5488,0.0,1,-0.9938032902148715,-0.29952682241797446,-0.014707853401778265,-0.3099286040524021,-0.32397780776023866,-0.16707271727034823,0.008442065720446408,5
0.299466667,30.002,-8.2082,3.5414,0.0,1,-1.0327166701983528,-0.271245401094202,-0.022650832650251685,-0.31002917737467217,-0.34166536096367056,-0.18208611405454575,0.004524296321906149,2
0.299466667,30.001,-8.7716,3.5488,0.0,1,-0.9938032902148715,-0.24827762987319146,-0.027930284761823715,-0.3130531909246929,-0.33333818830316886,-0.19345704808831216,0.01383060990832746,1
0.299466667,30.002,-8.2082,3.5414,0.0,1,-1.0327166701983528,-0.26754277673899196,-0.02411054549738765,-0.32936023934162223,-0.3150880764867179,-0.20935508969472721,0.009511724337935448,4
0.299466667,30.001,-8.7716,3.5488,0.0,1,-0.9938032902148715,-0.2454767723137047,-0.02411054549738765,-0.3490610578504857,-0.30981007400667293,-0.21699827659176663,0.009511724337935448,4
0.299466667,30.002,-8.2082,3.5414,0.0,1,-1.0327166701983528,-0.2600390213940409,-0.026781200035475194,-0.3090721127996221,-0.37969930457067674,-0.1849683831736911,0.018813766776584088,3
0.299466667,30.002,-8.2082,3.5414,0.0,1,-1.0327166701983528,-0.24251374018233038,-0.027930284761823715,-0.28165665551321584,-0.3230307526490651,-0.19345704808831216,0.01383060990832746,1
0.299466667,30.001,-8.7716,3.5488,0.0,1,-0.9938032902148715,-0.25737172316090434,-0.018230398626765235,-0.3178212437266484,-0.3227038644638378,-0.19074919151724315,0.018813766776584088,3
0.299466667,30.001,-8.7716,3.5488,0.0,1,-0.9938032902148715,-0.27278349158586934,-0.022650832650251685,-0.35406114855082704,-0.3285402468859684,-0.18459597980603576,0.004524296321906149,2
0.296966667,30.003,-17.91,3.5174,0.0,1,-1.2296675031506152,-0.16987246253876948,-0.023617537376703693,-0.5941337903449312,-0.23300664338516072,-0.1865894793253392,0.009511724337935448,4
0.296966667,30.003,-17.91,3.5174,0.0,1,-1.2296675031506152,-0.17264358971267937,-0.021439970584469847,-0.5993206075229682,-0.25596161163295617,-0.17683083567302674,0.004524296321906149,2
0.296966667,30.003,-17.91,3.5174,0.0,1,-1.2296675031506152,-0.17946721092885126,-0.0258478393079713,-0.5901915567391552,-0.2504903600248508,-0.17049958456074818,0.01383060990832746,1
0.296966667,30.003,-17.91,3.5174,0.0,1,-1.2296675031506152,-0.17368923957023072,-0.03155891934176907,-0.5568461736990139,-0.2943772520928178,-0.1665818333614152,0.018813766776584088,3
0.296966667,30.003,-17.91,3.5174,0.0,1,-1.2296675031506152,-0.1975873085996136,-0.013512738277204334,-0.5535231991810724,-0.3237903793109581,-0.13639704323839397,0.010303144422359765,5
0.296933333,30.002,-17.745,3.5363,0.0,1,-1.1997315571719316,-0.177712178613001,-0.02368249963503331,-0.5901915567391552,-0.24163861538982018,-0.18327170285861938,0.01383060990832746,1
0.296933333,30.002,-18.561,3.5291,0.0,1,-1.2123965503559382,-0.17303948874148772,-0.024631703158374877,-0.5619854643847794,-0.28778685730067083,-0.17560990430298262,0.018813766776584088,3
0.296933333,30.002,-17.745,3.5363,0.0,1,-1.1997315571719316,-0.17303948874148772,-0.024425016555469484,-0.5583963234117255,-0.2915826850675512,-0.17560990430298262,0.018813766776584088,3
0.296933333,30.002,-17.745,3.5363,0.0,1,-1.1997315571719316,-0.18012035828083753,-0.019468208916368895,-0.5918438397417777,-0.2569474923319649,-0.17781671644654126,0.004524296321906149,2
0.296933333,30.002,-18.561,3.5291,0.0,1,-1.2123965503559382,-0.19491429356276058,-0.01941619096440263,-0.5964017717959359,-0.2454014562559314,-0.19311859869398176,0.009511724337935448,4
0.296933333,30.002,-17.745,3.5363,0.0,1,-1.1997315571719316,-0.20074607727467084,-0.01941619096440263,-0.5860174283059314,-0.2499540164624341,-0.19311859869398176,0.009511724337935448,4
0.296933333,30.002,-17.745,3.5363,0.0,1,-1.1997315571719316,-0.20347594628110527,-0.015152067472226917,-0.5755307891499251,-0.24817320150788874,-0.1547495231265202,0.008442065720446408,5
0.296933333,30.002,-18.561,3.5291,0.0,1,-1.2123965503559382,-0.177712178613001,-0.02368249963503331,-0.5901915567391552,-0.24163861538982018,-0.18327170285861938,0.01383060990832746,1
0.296933333,30.002,-18.561,3.5291,0.0,1,-1.2123965503559382,-0.17264358971267937,-0.019468208916368895,-0.5993206075229682,-0.2569474923319649,-0.17781671644654126,0.004524296321906149,2
0.296933333,30.002,-18.561,3.5291,0.0,1,-1.2123965503559382,-0.20347594628110527,-0.015152067472226917,-0.5827202831581235,-0.2409837073320523,-0.1547495231265202,0.008442065720446408,5
0.250166667,30.002,40.602,3.5312,0.206896552,1,0.43097354935247834,-0.1465015191445127,-0.0694721689762082,0.9251094565819948,-0.28881283963564786,0.08487365581095219,0.014200469688512385,1
0.250166667,30.002,40.602,3.5312,0.206896552,1,0.43097354935247834,-0.249418160202913,-0.04416691299760714,0.9031870225083548,-0.29603073430247606,0.05538481420604512,0.013362905969843268,5
0.250166667,30.002,40.602,3.5312,0.206896552,1,0.43097354935247834,-0.11654652251891093,-0.0944031937024556,0.9561056009976892,-0.3544802219141275,0.08913566610135604,0.01978109249728732,3
0.250166667,30.002,40.602,3.5312,0.206896552,1,0.43097354935247834,-0.14126780285150745,-0.0370116961048916,1.0126185905397869,-0.25683667926350606,0.09279926004237496,0.011345249861478805,4
0.250166667,30.002,40.602,3.5312,0.206896552,1,0.43097354935247834,-0.12621811275952496,-0.05316856217570603,0.9675077415234409,-0.3375144473812543,0.06927703024237417,0.008988672094419599,2
0.25005,2.002,-8.715,3.495,0.0,1,-1.0223323248942962,-0.28344548598630354,0.05375635941978544,-0.34982353215338663,-0.3814404576388188,-0.18354991890490055,0.007099528657272458,2
0.25005,2.002,-8.715,3.495,0.0,1,-1.0223323248942962,-0.2955766133882571,0.04106190740014427,-0.2995357847912237,-0.4198452094849199,-0.15067500909091905,0.010569400694221258,5
0.25005,2.002,-8.715,3.495,0.0,1,-1.0223323248942962,-0.2958922495471779,0.05097618673578836,-0.34581854356103575,-0.3769683987624012,-0.18044914577971213,0.009511724337935448,4
0.25005,2.002,-8.715,3.495,0.0,1,-1.0223323248942962,-0.23792879602726316,0.06705233656801284,-0.3184955268283375,-0.43088981668232007,-0.18266027764446335,0.017965428787283598,1
0.25005,2.002,-8.715,3.495,0.0,1,-1.0223323248942962,-0.2581955087257666,0.04635392811847851,-0.3163947538984939,-0.44439671928994356,-0.17617809583898633,0.01680577327730134,3
0.250033333,10.003,-9.5173,3.4866,0.0,1,-1.1249223986226262,-0.2948765931709204,-0.0029102083563338965,-0.3567501929227728,-0.3717390349670313,-0.18449620782397688,0.009511724337935448,4
0.250033333,2.003,-9.5292,3.5038,0.0,1,-0.9933287368004388,-0.28722613783204,0.05097618673578836,-0.36294105121516623,-0.37052449786802755,-0.17843664977583104,0.009511724337935448,4
0.250033333,2.003,-9.5292,3.5038,0.0,1,-0.9933287368004388,-0.29337369511951694,0.04106190740014427,-0.31527316546533257,-0.4198452094849199,-0.15067500909091905,0.010569400694221258,5
0.250033333,10.003,-9.5173,3.4866,0.0,1,-1.1249223986226262,-0.23823487001325702,-0.004748494676314294,-0.32864982063649223,-0.4304511154606007,-0.1910145583888516,0.017965428787283598,1
0.250033333,2.003,-9.5292,3.5038,0.0,1,-0.9933287368004388,-0.22794432449009036,0.06705233656801284,-0.33030266951071097,-0.43088981668232007,-0.18083760757028358,0.017965428787283598,1
0.250033333,10.002,-8.8238,3.4956,0.0,1,-1.095751321088381,-0.24286675680283223,-0.001041537099517882,-0.3259022206929512,-0.4304511154606007,-0.19283722846303136,0.017965428787283598,1
0.250033333,10.002,-8.8238,3.4956,0.0,1,-1.095751321088381,-0.2925328476866707,-0.004056683882372454,-0.3020996998483315,-0.42107826852239666,-0.15067500909091905,0.010569400694221258,5
0.250033333,10.003,-9.5173,3.4866,0.0,1,-1.1249223986226262,-0.29032992941793057,-0.003626577676041052,-0.31783708052244036,-0.42134452481754125,-0.1505726028722711,0.010303144422359765,5
0.250033333,2.003,-9.5292,3.5038,0.0,1,-0.9933287368004388,-0.27904176800278946,0.05375635941978544,-0.34825988025171684,-0.367833054352086,-0.18354991890490055,0.004968256130814553,2
0.250033333,10.002,-8.8238,3.4956,0.0,1,-1.095751321088381,-0.2948765931709204,-0.0029102083563338965,-0.3503062920470256,-0.378182935861405,-0.18449620782397688,0.009511724337935448,4
0.250033333,2.003,-9.5292,3.5038,0.0,1,-0.9933287368004388,-0.25789585807156984,0.04660146563081071,-0.3163947538984939,-0.4411266186053399,-0.17999538484495134,0.01680577327730134,3
0.250033333,10.003,-9.5173,3.4866,0.0,1,-1.1249223986226262,-0.2769667964684777,-0.007965158193837852,-0.348272248476278,-0.4020351912686601,-0.18473776936531067,0.0068328683683648705,2
0.250033333,10.003,-9.5173,3.4866,0.0,1,-1.1249223986226262,-0.25415894670208217,-0.002872799898032099,-0.3153527753520757,-0.44174793888814745,-0.18151913378969767,0.01680577327730134,3
0.250033333,10.002,-8.8238,3.4956,0.0,1,-1.095751321088381,-0.2769667964684777,-0.007965158193837852,-0.35143441867781805,-0.3771205741399899,-0.18473776936531067,0.0068328683683648705,2
0.250033333,10.002,-8.8238,3.4956,0.0,1,-1.095751321088381,-0.2581955087257666,0.00039944258285686375,-0.3145884559908882,-0.44174793888814745,-0.18151913378969767,0.01680577327730134,3
0.250006667,2.002,1.3388,3.4605,0.20687931,1,-0.6263872878170373,-0.3088362046147813,0.05328151103458367,0.07990455771563575,-0.5715175800141878,0.06987473783752648,0.021981781974900513,3
0.250006667,2.002,1.3388,3.4605,0.20687931,1,-0.6263872878170373,-0.36708107650862076,0.04535606111166999,0.09794615106424316,-0.5154031833959744,0.05287015353096649,0.015095315324142575,5
0.250006667,2.003,-17.925,3.4717,0.0,1,-1.2218680782098803,-0.19958204373135233,0.030355372804915532,-0.5642529099946841,-0.32947952058631924,-0.14277204534504562,0.010569400694221258,5
0.250006667,2.003,1.8811,3.4712,0.206893103,1,-0.537924948385436,-0.2801308769127354,0.05509930644650012,0.15739555141131858,-0.526738499305211,0.07396606769762001,0.010582692176103591,2
0.250006667,2.002,1.3388,3.4605,0.20687931,1,-0.6263872878170373,-0.2725378423323855,0.05509930644650012,0.10624686880211812,-0.5103476590663195,0.07279887046082877,0.00993513386696577,2
0.250006667,2.003,-17.925,3.4717,0.0,1,-1.2218680782098803,-0.20906069023185408,0.040620931899175046,-0.6047957601211965,-0.3000615334045142,-0.16098716632812285,0.009511724337935448,4
0.250006667,2.003,-17.925,3.4717,0.0,1,-1.2218680782098803,-0.17983799191133584,0.042633540433016606,-0.5984628297598101,-0.32746666504768657,-0.17677065554540605,0.007099528657272458,2
0.250006667,2.003,-17.925,3.4717,0.0,1,-1.2218680782098803,-0.16776246305409587,0.05941159951966256,-0.5792818491789512,-0.31156370853772386,-0.1724749324147706,0.017965428787283598,1
0.250006667,2.002,1.3388,3.4605,0.20687931,1,-0.6263872878170373,-0.3817837622272782,0.048736364145297556,0.10843752645887435,-0.4968510785208491,0.07119067407387775,0.013709050551988185,4
0.250006667,2.003,1.8811,3.4712,0.206893103,1,-0.537924948385436,-0.3817837622272782,0.048736364145297556,0.12392576812766493,-0.4916400787931343,0.07366650110750925,0.013709050551988185,4
0.250006667,2.003,1.8811,3.4712,0.206893103,1,-0.537924948385436,-0.32678834665595785,0.05328151103458367,0.09038593304110691,-0.5637744632759132,0.06960239082312909,0.021981781974900513,3
0.250006667,2.003,-17.925,3.4717,0.0,1,-1.2218680782098803,-0.17239353544107872,0.04015683608129621,-0.56042989928741,-0.349111950872466,-0.16681961696827785,0.01680577327730134,3
0.250006667,2.002,1.3388,3.4605,0.20687931,1,-0.6263872878170373,-0.30600094811612505,0.06306554398383014,0.1135970521834679,-0.5687135359435342,0.07764866425073706,0.0225470673921518,1
0.250006667,2.003,1.8811,3.4712,0.206893103,1,-0.537924948385436,-0.3045078473491594,0.06340599276707508,0.10833901002304629,-0.5640607359958812,0.07642035702592694,0.0225470673921518,1
0.250006667,2.003,1.8811,3.4712,0.206893103,1,-0.537924948385436,-0.36708107650862076,0.04535606111166999,0.09794615106424316,-0.5154031833959744,0.05287015353096649,0.015095315324142575,5
0.25,2.002,25.31,3.5125,0.206889655,1,0.9762075076289178,-0.27696062239003366,0.05389616764849052,0.7613564340700395,-0.45142529321368785,0.05189561047358438,0.01278253479860723,5
0.25,10.003,0.9385,3.4836,0.206886207,1,-0.5440103980528671,-0.36403731085825713,0.0004832448135130107,0.09538223600713536,-0.5167181675275788,0.05278822854859754,0.015013390332460403,5
0.25,2.002,25.31,3.5125,0.206889655,1,0.9762075076289178,-0.21896428350853966,0.10276225843233988,0.7000384401297197,-0.3920968057354912,0.10115579316217918,0.01783506712759845,3
0.25,2.003,40.123,3.5174,0.206896552,1,1.3456612982181395,-0.09420453536818968,0.10790343562839552,1.0351931896992028,-0.28731719696894287,0.10194932719517964,0.01978109249728732,3
0.25,10.003,11.106,3.5095,0.206886207,1,-0.07872473265497155,-0.2896172368596308,0.0058540638233535,0.4758175004343502,-0.4272541524609551,0.07493939240113832,0.013415004466660321,4
0.25,30.004,25.47,3.5253,0.206893103,1,0.09180743256675539,-0.2793493851507083,-0.03560923619428649,0.7461881320353132,-0.44805139204487204,0.04898050621850416,0.012700609806925058,5
0.25,2.002,25.31,3.5125,0.206889655,1,0.9762075076289178,-0.14988176174927503,0.07861190539319068,0.7999203033116646,-0.40468514987500387,0.07089323784573935,0.009381836010143162,2
0.25,30.004,25.47,3.5253,0.206893103,1,0.09180743256675539,-0.14697411072440444,-0.05849822951480746,0.7831281818007119,-0.3449635413405485,0.06933635944849811,0.009258453426882625,2
0.25,10.003,40.145,3.5313,0.206889655,1,1.135015412023484,-0.12709365742397494,0.01592388830380514,1.0327639578678645,-0.25373882964951916,0.09406240809126758,0.011345249861478805,4
0.25,2.002,10.309,3.4834,0.206893103,1,-0.09812559283324954,-0.35394035131437707,0.05343536849366501,0.34108307810267435,-0.4260396153619513,0.07578732680238318,0.013709050551988185,4
0.25,10.003,0.9385,3.4836,0.206886207,1,-0.5440103980528671,-0.30583033942239124,0.006002373081864789,0.047804980680812154,-0.5050606900663115,0.08089627495966852,0.02094947180012241,1
0.25,10.003,40.145,3.5313,0.206889655,1,1.135015412023484,-0.1305920611519832,0.014033827153034507,0.9871439580130391,-0.3152646495518275,0.07260202571167611,0.009039329094812275,2
0.25,2.002,10.309,3.4834,0.206893103,1,-0.09812559283324954,-0.34906746610649864,0.04997270877240226,0.35436574786202985,-0.48803793475497514,0.05231097896583378,0.015280081788077951,5
0.25,30.004,25.47,3.5253,0.206893103,1,0.09180743256675539,-0.15965822791709797,-0.11995927883079276,0.7821023738122312,-0.4193986164720263,0.08035250614222605,0.019927507265238092,3
0.25,2.003,40.123,3.5174,0.206896552,1,1.3456612982181395,-0.13487242812407202,0.08189579929225146,0.9980707708583213,-0.318008182591293,0.07359552163048648,0.009112054677680136,2
0.25,10.003,25.257,3.5254,0.206886207,1,0.6305651324815253,-0.1439774912595749,0.014033827153034507,0.8163079894171097,-0.33230463015614076,0.07592886879458093,0.0093091104272753,2
0.25,10.003,0.9385,3.4836,0.206886207,1,-0.5440103980528671,-0.3638160013849847,0.0011550594749860465,0.07537049418780953,-0.4715733990164881,0.07318589508184231,0.012706728563643991,4
0.25,10.003,40.145,3.5313,0.206889655,1,1.135015412023484,-0.09336856127280044,0.04737893789773807,1.0205111233983188,-0.2933192487573251,0.10278233567078132,0.01978109249728732,3
0.25,10.003,40.145,3.5313,0.206889655,1,1.135015412023484,-0.248611908769235,0.016283500005956738,0.9209147070872131,-0.2767176549741998,0.06058188824681565,0.013362905969843268,5
0.25,10.003,11.106,3.5095,0.206886207,1,-0.07872473265497155,-0.27387633435893805,0.0017994174361228943,0.40418283321196213,-0.42848532520234583,0.07542888773488812,0.009465427985414863,2
0.25,10.003,0.9385,3.4836,0.206886207,1,-0.5440103980528671,-0.26768273690948263,-0.00444044511532411,0.0342893152841134,-0.4709377444535494,0.0754127273557242,0.008890613899566233,2
0.25,2.002,10.309,3.4834,0.206893103,1,-0.09812559283324954,-0.26616519595030697,0.0629722085222602,0.30845456786395514,-0.4552810763148591,0.07105030352133326,0.01129380657337606,2
0.25,2.002,25.31,3.5125,0.206889655,1,0.9762075076289178,-0.1627828996372409,0.06350519297411665,0.8327639299468137,-0.30095603215973826,0.09919304187584203,0.01168985553085804,4
0.25,10.003,25.257,3.5254,0.206886207,1,0.6305651324815253,-0.21812830936658428,0.04223776070168242,0.6935091642988845,-0.36814633016008885,0.10171645462338347,0.019927507265238092,3
0.25,10.003,25.257,3.5254,0.206886207,1,0.6305651324815253,-0.13326132365124066,0.008038324959343299,0.8676434525987133,-0.2882231580093503,0.09117128912359476,0.011543757882900536,1
0.25,10.003,25.257,3.5254,0.206886207,1,0.6305651324815253,-0.2801963880006224,0.016283500005956738,0.7710395340109244,-0.29943800732027737,0.06091211585095152,0.013362905969843268,5
0.25,2.003,40.123,3.5174,0.206896552,1,1.3456612982181395,-0.12293727480107919,0.1014026692940388,0.9836710366699845,-0.31313329450087624,0.07787126128911041,0.014200469688512385,1
0.25,10.003,0.9385,3.4836,0.206886207,1,-0.5440103980528671,-0.30674103425844806,0.0052436069573741405,0.03441507728304714,-0.5244878207729198,0.07229337364173262,0.02097822847077623,3
0.25,30.004,25.47,3.5253,0.206893103,1,0.09180743256675539,-0.14149637199472637,-0.07429353968938812,0.8671526426402852,-0.2908676213258877,0.08031375125981867,0.014200469688512385,1
0.25,2.002,25.31,3.5125,0.206889655,1,0.9762075076289178,-0.13264961586886784,0.09337214857921936,0.9161019333591685,-0.31400699621299283,0.07533429413451813,0.014200469688512385,1
0.25,30.004,25.47,3.5253,0.206893103,1,0.09180743256675539,-0.17510856175096706,-0.056894202209077774,0.8076031964016147,-0.31031318713910877,0.09157255409401842,0.01168985553085804,4
0.25,2.002,10.309,3.4834,0.206893103,1,-0.09812559283324954,-0.24162617444526405,0.07504735754453577,0.40055110533488913,-0.4981456206482835,0.07477005524444394,0.017532300900202243,1
0.25,2.003,40.123,3.5174,0.206896552,1,1.3456612982181395,-0.24846032800269313,0.05389616764849052,0.9131713155971375,-0.4267652326123789,0.05156538286944851,0.01278253479860723,5
0.25,2.002,10.309,3.4834,0.206893103,1,-0.09812559283324954,-0.318311017556407,0.06627043392742053,0.26655928798252715,-0.531022084185388,0.07073639886657475,0.019768645374570043,3
0.25,2.003,40.123,3.5174,0.206896552,1,1.3456612982181395,-0.12810931382817217,0.06350519297411665,1.0345257049170322,-0.2525242925505154,0.09370284489297774,0.011345249861478805,4
0.25,10.003,11.106,3.5095,0.206886207,1,-0.07872473265497155,-0.24787736967758975,0.017643737859325482,0.460485481931828,-0.5044321845006198,0.07796184270177037,0.016656753479037435,1
0.25,10.003,11.106,3.5095,0.206886207,1,-0.07872473265497155,-0.34792994245421144,0.00509989247424528,0.38849058544496073,-0.5258746354980395,0.05396826052106917,0.015198156796395778,5
0.25,10.003,40.145,3.5313,0.206889655,1,1.135015412023484,-0.12988762119872263,0.006456555727636442,0.9473075457429513,-0.2728347381670028,0.09493656350299716,0.014200469688512385,1
0.25,10.003,11.106,3.5095,0.206886207,1,-0.07872473265497155,-0.30323828133550706,0.020584128953050822,0.377431137401145,-0.5698150119232014,0.07514835586014669,0.020040293310303242,3
0.25,10.003,25.257,3.5254,0.206886207,1,0.6305651324815253,-0.1617672432330437,0.01592388830380514,0.8310021828976459,-0.30217056925874203,0.09955260507413186,0.01168985553085804,4
0.249996667,2.003,-19.115,3.4811,0.0,1,-1.2019870816358234,-0.18605935886356748,0.053450174789177254,-0.5755115590314381,-0.3108284672629088,-0.17047396906345966,0.017965428787283598,1
0.249996667,2.003,-19.115,3.4811,0.0,1,-1.2019870816358234,-0.22608412139525172,0.04682130727276672,-0.5750448935851454,-0.3322074391460046,-0.17233806318603456,0.007099528657272458,2
0.249996667,2.003,-19.115,3.4811,0.0,1,-1.2019870816358234,-0.20322890651994385,0.040620931899175046,-0.6106275439448655,-0.3000615334045142,-0.16098716632812285,0.009511724337935448,4
0.249996667,2.003,-19.115,3.4811,0.0,1,-1.2019870816358234,-0.20189384150347905,0.04015683608129621,-0.5595141621679067,-0.3400679845456034,-0.16681961696827785,0.01789748152019456,3
0.249996667,2.003,-19.115,3.4811,0.0,1,-1.2019870816358234,-0.23772884223260918,0.030355372804915532,-0.5514398579625412,-0.3326437869807705,-0.14277204534504562,0.012142023537307978,5
0.24994,2.002,-7.8285,3.44,0.206896552,1,-0.9839772430454417,-0.3671100428397767,0.0492718289536424,-0.2862433473672718,-0.47441928764106706,0.07708835953730159,0.010298257786780595,4
0.24994,2.002,-7.8285,3.44,0.206896552,1,-0.9839772430454417,-0.38029397468664683,0.04535606111166999,-0.23170759844128042,-0.5135612472007051,0.06043780422536656,0.013228824664838611,5
0.24994,2.002,-7.8285,3.44,0.206896552,1,-0.9839772430454417,-0.31229978586547075,0.06253909745253622,-0.2625498283817433,-0.5121466030087322,0.07751109807169997,0.019115635813213884,1
0.24994,2.002,-7.8285,3.44,0.206896552,1,-0.9839772430454417,-0.339897975276981,0.05373456733650528,-0.26504400256322697,-0.5359418993769214,0.07518275942857144,0.019111492552328854,3
0.24994,2.002,-7.8285,3.44,0.206896552,1,-0.9839772430454417,-0.3985062699858099,0.05753710894845426,-0.2194953456899384,-0.5037547103152611,0.06808882512676064,0.007840956784784794,2
0.249933333,10.003,-8.0344,3.4549,0.206893103,1,-0.9552248891121663,-0.3358614132812363,0.006482673640130087,-0.2695009098784067,-0.5332931189751252,0.0772188457401353,0.019111492552328854,3
0.249933333,10.003,-8.0344,3.4549,0.206893103,1,-0.9552248891121663,-0.3961082441266626,-0.007972694125492126,-0.2493925493914867,-0.48112677776487545,0.07644219762238208,0.007768231201916933,2
0.249933333,10.002,-16.005,3.4378,0.206889655,1,-1.0978086497144803,-0.2890861767833121,-0.004790070391609333,-0.5218947146896972,-0.42858510070014744,0.061313765319646336,0.007768231201916933,2
0.249933333,10.003,-8.0344,3.4549,0.206893103,1,-0.9552248891121663,-0.37725020898506045,0.0004832448135130107,-0.23427151349838823,-0.5148762313323095,0.060355879242997616,0.01314689967315644,5
0.249933333,10.002,-16.005,3.4378,0.206889655,1,-1.0978086497144803,-0.28152008276665585,0.001548403601627797,-0.4793647726299241,-0.4281537525821477,0.050553208778146654,0.013228824664838611,5
0.249933333,10.002,-16.005,3.4378,0.206889655,1,-1.0978086497144803,-0.2959193125506863,0.002191802931483835,-0.5309159032837488,-0.39865436726482584,0.06693415448302403,0.010298257786780595,4
0.249933333,10.003,-8.0344,3.4549,0.206893103,1,-0.9552248891121663,-0.31601492858491836,0.005685212103417143,-0.2576452933321707,-0.48722345201298595,0.0816627131216228,0.019115635813213884,1
0.249933333,10.002,-16.005,3.4378,0.206889655,1,-1.0978086497144803,-0.25623125769285254,0.009541319228010253,-0.5255967441736721,-0.40924688371364026,0.07656840824522078,0.019115635813213884,1
0.249933333,10.003,-8.0344,3.4549,0.206893103,1,-0.9552248891121663,-0.36644298903411254,0.0010577022354118525,-0.2981040382571518,-0.4658190998551436,0.07871356629068033,0.010298257786780595,4
0.249933333,10.002,-16.005,3.4378,0.206889655,1,-1.0978086497144803,-0.2685873404055019,0.010510805916273966,-0.4754798343311995,-0.43076385277323426,0.07133837928267894,0.019111492552328854,3
0.249916667,10.003,-19.072,3.4772,0.0,1,-1.245235646634681,-0.23551110132830216,-0.0006570886948611587,-0.5403277493687346,-0.33414310231339184,-0.14266963912639766,0.011875767265446485,5
0.249916667,10.003,-19.072,3.4772,0.0,1,-1.245235646634681,-0.20105786708212692,-0.0005166164180263877,-0.549918908290565,-0.34083721023984254,-0.17216065491898916,0.01789748152019456,3
0.249916667,10.003,-19.072,3.4772,0.0,1,-1.245235646634681,-0.2384386000095401,-0.0010810221079736947,-0.5807905143173412,-0.31165392833761874,-0.1650342283723876,0.009511724337935448,4
0.249916667,2.002,-7.6974,3.4506,0.206896552,1,-0.8994229905562271,-0.339897975276981,0.05373456733650528,-0.26504400256322697,-0.5359418993769214,0.07518275942857144,0.019111492552328854,3
0.249916667,2.002,-7.6974,3.4506,0.206896552,1,-0.8994229905562271,-0.38693265941226856,0.06125056769233197,-0.19999621869123074,-0.47086905563483017,0.07604781436326448,0.007840956784784794,2
0.249916667,2.002,-7.6974,3.4506,0.206896552,1,-0.8994229905562271,-0.39817497570766136,0.0492718289536424,-0.24912360331974923,-0.4847971455124207,0.07708835953730159,0.010298257786780595,4
0.249916667,10.003,-19.072,3.4772,0.0,1,-1.245235646634681,-0.2375173782836646,-0.007612204861361533,-0.5623503371607512,-0.32698363421251997,-0.17352591364644468,0.0068328683683648705,2
0.249916667,2.002,-7.6974,3.4506,0.206896552,1,-0.8994229905562271,-0.38029397468664683,0.04535606111166999,-0.23170759844128042,-0.5135612472007051,0.06043780422536656,0.013228824664838611,5
0.249916667,2.002,-7.6974,3.4506,0.206896552,1,-0.8994229905562271,-0.31229978586547075,0.06253909745253622,-0.2625498283817433,-0.5121466030087322,0.07751109807169997,0.019115635813213884,1
0.249916667,10.003,-19.072,3.4772,0.0,1,-1.245235646634681,-0.18853037314576795,-0.0027412387146614494,-0.5634752167598345,-0.31038976604118945,-0.17565725883236155,0.017965428787283598,1
0.2499,30.004,-5.5567,3.4674,0.206889655,1,-0.9466270978389149,-0.4113656975468621,-0.02147817943478003,-0.1384175841649994,-0.4946431079925969,0.056415634138975296,0.013963856426998973,5
0.2499,30.004,-5.5567,3.4674,0.206889655,1,-0.9466270978389149,-0.31388212937948995,-0.036798654198646544,-0.1971576656633988,-0.4790645059407689,0.08408124892506748,0.019317445307970048,1
0.2499,30.004,-5.5567,3.4674,0.206889655,1,-0.9466270978389149,-0.41809412266826257,-0.030666190343908967,-0.20088446324225515,-0.46275694501819087,0.07539767788955942,0.010558631126768888,4
0.2499,30.004,-5.5567,3.4674,0.206889655,1,-0.9466270978389149,-0.3519543332399917,-0.04584825864061713,-0.16398446050472557,-0.5062542657274753,0.0685568835606682,0.019625971086788922,3
0.2499,30.0,11.504,3.5095,0.206896552,1,-0.4035984171942508,-0.4204883223678917,-0.03376565432641655,0.35699647810775786,-0.4505066664936021,0.07649435227154754,0.009414770985022186,2
0.2499,30.0,11.504,3.5095,0.206896552,1,-0.4035984171942508,-0.3976137462211773,-0.01728070290060714,0.4716324650496244,-0.5551331920363008,0.05347959666512907,0.01727219612337649,5
0.2499,30.004,-5.5567,3.4674,0.206889655,1,-0.9466270978389149,-0.42497851899592204,-0.02608438628958538,-0.12683021932898556,-0.46331147116143256,0.07401814534678124,0.008433255767449736,2
0.2499,30.004,-5.5567,3.4674,0.206889655,1,-0.9466270978389149,-0.3519543332399917,-0.04584825864061713,-0.16398446050472557,-0.5062542657274753,0.0685568835606682,0.019625971086788922,3
0.2499,30.0,11.504,3.5095,0.206896552,1,-0.4035984171942508,-0.40350967054022474,-0.02943355481605977,0.4143277527973987,-0.45668459150008855,0.0736762443522457,0.013415004466660321,4
0.2499,30.0,11.504,3.5095,0.206896552,1,-0.4035984171942508,-0.2933919989876449,-0.04731027950183488,0.4168727707490325,-0.4891801397688687,0.079213434769772,0.016656753479037435,1
0.2499,30.004,-5.5567,3.4674,0.206889655,1,-0.9466270978389149,-0.42497851899592204,-0.02608438628958538,-0.12683021932898556,-0.46331147116143256,0.07401814534678124,0.008433255767449736,2
0.2499,30.0,11.504,3.5095,0.206896552,1,-0.4035984171942508,-0.32713843429257394,-0.018900640457868576,0.40862864908587654,-0.567505033025518,0.07379592337820214,0.02113200155319646,3
0.2499,30.004,-5.5567,3.4674,0.206889655,1,-0.9466270978389149,-0.4113656975468621,-0.02147817943478003,-0.1384175841649994,-0.4946431079925969,0.056415634138975296,0.013963856426998973,5
0.2499,30.004,-5.5567,3.4674,0.206889655,1,-0.9466270978389149,-0.41809412266826257,-0.030666190343908967,-0.20088446324225515,-0.46275694501819087,0.07539767788955942,0.010558631126768888,4
0.2499,30.004,-5.5567,3.4674,0.206889655,1,-0.9466270978389149,-0.31388212937948995,-0.036798654198646544,-0.1971576656633988,-0.4790645059407689,0.08408124892506748,0.019317445307970048,1
0.249866667,30.005,-14.726,3.4411,0.206889655,1,-1.1019344729293716,-0.31918066868791356,-0.02290176248876378,-0.44444489432673434,-0.45797290255315604,0.05980552674329374,0.007717574201524258,2
0.249866667,30.003,-14.263,3.4825,0.103451724,1,-1.1064455218571554,-0.2919159207656048,-0.01925235499627888,-0.44593931924318897,-0.4344412703672424,0.005557633109856397,0.012636815789155662,5
0.249866667,30.005,-14.726,3.4411,0.206889655,1,-1.1019344729293716,-0.2910326706361957,-0.020167245662305502,-0.44627570796525107,-0.4458433996047825,0.049635501422453675,0.01314689967315644,5
0.249866667,30.003,-14.263,3.4825,0.103451724,1,-1.1064455218571554,-0.30416695014428113,-0.02681526086758822,-0.4590488466829993,-0.395986948069185,0.025545801045373084,0.019115635813213884,1
0.249866667,30.005,-14.726,3.4411,0.206889655,1,-1.1019344729293716,-0.31918066868791356,-0.02290176248876378,-0.44444489432673434,-0.45797290255315604,0.05980552674329374,0.007717574201524258,2
0.249866667,30.003,-14.496,3.4517,0.206882759,1,-1.1122881118360237,-0.3130032482952811,-0.02199686430161819,-0.4189945900271414,-0.45333870137576016,0.06804583890421782,0.007717574201524258,2
0.249866667,30.003,-14.496,3.4517,0.206882759,1,-1.1122881118360237,-0.29561253138206667,-0.031052303215838038,-0.4575735686928965,-0.4425710928090848,0.07186222882010043,0.019115635813213884,1
0.249866667,30.003,-14.263,3.4825,0.103451724,1,-1.1064455218571554,-0.3164089776063338,-0.020684531298466025,-0.41788992393005175,-0.4496665027551353,-0.01096292179019656,0.0070225401641801,2
0.249866667,30.005,-14.726,3.4411,0.206889655,1,-1.1019344729293716,-0.29561253138206667,-0.031052303215838038,-0.4575735686928965,-0.4425710928090848,0.07186222882010043,0.019115635813213884,1
0.249866667,30.005,-14.726,3.4411,0.206889655,1,-1.1019344729293716,-0.3449494465815951,-0.04233774998690933,-0.3320313194161281,-0.5229223462939262,0.06779476317780792,0.019111492552328854,3
0.249866667,30.003,-14.263,3.4825,0.103451724,1,-1.1064455218571554,-0.3467508575602551,-0.03273762468248606,-0.33449230424128473,-0.5019858394563198,0.01727169614023296,0.018648343284148723,3
0.249866667,30.003,-14.496,3.4517,0.206882759,1,-1.1122881118360237,-0.3130032482952811,-0.02199686430161819,-0.4189945900271414,-0.45333870137576016,0.06804583890421782,0.007717574201524258,2
0.249866667,30.003,-14.263,3.4825,0.103451724,1,-1.1064455218571554,-0.2919159207656048,-0.01925235499627888,-0.44593931924318897,-0.4344412703672424,0.005557633109856397,0.012636815789155662,5
0.249866667,30.003,-14.496,3.4517,0.206882759,1,-1.1122881118360237,-0.3449494465815951,-0.03974791154731065,-0.3320313194161281,-0.5262185041606426,0.0685010827073711,0.019111492552328854,3
0.249866667,30.003,-14.496,3.4517,0.206882759,1,-1.1122881118360237,-0.2910326706361957,-0.020167245662305502,-0.44627570796525107,-0.4458433996047825,0.049635501422453675,0.01314689967315644,5
0.249866667,30.003,-14.263,3.4825,0.103451724,1,-1.1064455218571554,-0.3164089776063338,-0.020684531298466025,-0.41788992393005175,-0.4496665027551353,-0.01096292179019656,0.0070225401641801,2
0.249866667,30.005,-14.726,3.4411,0.206889655,1,-1.1019344729293716,-0.3449494465815951,-0.04233774998690933,-0.3320313194161281,-0.5229223462939262,0.06779476317780792,0.019111492552328854,3
0.249866667,30.003,-14.496,3.4517,0.206882759,1,-1.1122881118360237,-0.3449494465815951,-0.03974791154731065,-0.3320313194161281,-0.5262185041606426,0.0685010827073711,0.019111492552328854,3
0.249866667,30.003,-14.263,3.4825,0.103451724,1,-1.1064455218571554,-0.3467508575602551,-0.03273762468248606,-0.33449230424128473,-0.5019858394563198,0.01727169614023296,0.018648343284148723,3
0.249866667,30.005,-14.726,3.4411,0.206889655,1,-1.1019344729293716,-0.2910326706361957,-0.020167245662305502,-0.44627570796525107,-0.4458433996047825,0.049635501422453675,0.01314689967315644,5
0.249866667,30.003,-14.496,3.4517,0.206882759,1,-1.1122881118360237,-0.2910326706361957,-0.020167245662305502,-0.44627570796525107,-0.4458433996047825,0.049635501422453675,0.01314689967315644,5
0.249866667,30.003,-14.496,3.4517,0.206882759,1,-1.1122881118360237,-0.29561253138206667,-0.031052303215838038,-0.4575735686928965,-0.4425710928090848,0.07186222882010043,0.019115635813213884,1
0.249866667,30.005,-14.726,3.4411,0.206889655,1,-1.1019344729293716,-0.3605510045448318,-0.029532089647836983,-0.4471531652379781,-0.42202135792700574,0.06773317468585446,0.010298257786780595,4
0.249866667,30.003,-14.263,3.4825,0.103451724,1,-1.1064455218571554,-0.3701568393735215,-0.024195284792222084,-0.4594944774731994,-0.36232202492421495,0.037416558759287,0.010298257786780595,4
0.249866667,30.003,-14.263,3.4825,0.103451724,1,-1.1064455218571554,-0.3701568393735215,-0.024195284792222084,-0.4594944774731994,-0.36232202492421495,0.037416558759287,0.010298257786780595,4
0.249866667,30.003,-14.496,3.4517,0.206882759,1,-1.1122881118360237,-0.3653974052751437,-0.02673884395044297,-0.4471531652379781,-0.4203263113531284,0.0680912831122987,0.010298257786780595,4
0.249866667,30.005,-14.726,3.4411,0.206889655,1,-1.1019344729293716,-0.3605510045448318,-0.029532089647836983,-0.4471531652379781,-0.42202135792700574,0.06773317468585446,0.010298257786780595,4
0.249866667,30.005,-14.726,3.4411,0.206889655,1,-1.1019344729293716,-0.29561253138206667,-0.031052303215838038,-0.4575735686928965,-0.4425710928090848,0.07186222882010043,0.019115635813213884,1
0.249866667,30.003,-14.496,3.4517,0.206882759,1,-1.1122881118360237,-0.3653974052751437,-0.02673884395044297,-0.4471531652379781,-0.4203263113531284,0.0680912831122987,0.010298257786780595,4
0.249866667,30.003,-14.263,3.4825,0.103451724,1,-1.1064455218571554,-0.30416695014428113,-0.02681526086758822,-0.4590488466829993,-0.395986948069185,0.025545801045373084,0.019115635813213884,1
0.249863333,2.002,-18.136,3.4124,0.214285714,1,-1.1818743913358962,-0.29258404912077823,0.03464952651644126,-0.49981149992207063,-0.4469976100791246,0.08061653221957385,0.013228824664838611,5
0.249863333,2.002,-18.136,3.4124,0.214285714,1,-1.1818743913358962,-0.25562390608742136,0.04213518547476269,-0.5211110200826079,-0.44824427479412404,0.11721338186005596,0.019111492552328854,3
0.249863333,2.002,-18.136,3.4124,0.214285714,1,-1.1818743913358962,-0.35220741053286475,0.05012774845818058,-0.5217538159521063,-0.41015530000673606,0.14485863713140135,0.007840956784784794,2
0.249863333,2.002,-18.136,3.4124,0.214285714,1,-1.1818743913358962,-0.29653813391458245,0.03964022898580879,-0.5534581632795743,-0.4374922457174398,0.08312494203797542,0.010298257786780595,4
0.249863333,2.002,-18.136,3.4124,0.214285714,1,-1.1818743913358962,-0.24857017987873406,0.05489836040418595,-0.5546912569971755,-0.418689405946061,0.07726424221298657,0.019115635813213884,1
0.249856667,2.002,-17.987,3.4341,0.206906897,1,-1.1016385749180195,-0.2474604637551238,0.04213518547476269,-0.5477040441380814,-0.4259906736202538,0.06694850254396442,0.019111492552328854,3
0.249856667,2.002,-17.987,3.4341,0.206906897,1,-1.1016385749180195,-0.24984132399549708,0.05489836040418595,-0.5583080416405574,-0.41326634838245807,0.07672911298344844,0.019115635813213884,1
0.249856667,2.002,-17.987,3.4341,0.206906897,1,-1.1016385749180195,-0.29653813391458245,0.03964022898580879,-0.5640334268542938,-0.420532241857145,0.07674020092817954,0.010298257786780595,4
0.249856667,2.002,-17.987,3.4341,0.206906897,1,-1.1016385749180195,-0.33809971568349284,0.05012774845818058,-0.5363581293536117,-0.4298458136850968,0.07822796212101821,0.007840956784784794,2
0.249856667,2.002,-17.987,3.4341,0.206906897,1,-1.1016385749180195,-0.2683033042552415,0.03464952651644126,-0.5329310081084259,-0.41699168443679807,0.059449373339302836,0.013228824664838611,5
0.249766667,30.003,-0.01915,3.4876,0.206896552,1,-0.7499107501031956,-0.46473101736744865,-0.027872944646514953,-0.08114099744241685,-0.39574244847055523,0.07754788940539584,0.010558631126768888,4
0.249766667,30.003,-0.01915,3.4876,0.206896552,1,-0.7499107501031956,-0.4283347723027691,-0.02147817943478003,-0.09112028103321791,-0.4889185345871374,0.05455047535011545,0.013963856426998973,5
0.249766667,30.003,-0.01915,3.4876,0.206896552,1,-0.7499107501031956,-0.4780814042012207,-0.024774079334456474,-0.02828477080038283,-0.4139330493705347,0.07409153304877691,0.008433255767449736,2
0.249766667,30.003,-0.01915,3.4876,0.206896552,1,-0.7499107501031956,-0.3841002234889311,-0.04325842020101845,-0.10482925844553392,-0.4937792486930266,0.06899085607583402,0.019625971086788922,3
0.249766667,30.003,-0.01915,3.4876,0.206896552,1,-0.7499107501031956,-0.36371929397340863,-0.036798654198646544,-0.12624829640146346,-0.4596330365003087,0.08285294170025737,0.019317445307970048,1
0.249433333,30.003,-8.5632,3.4956,0.0,1,-1.1517877048608633,-0.34949257607921025,-0.026580255888402463,-0.30836087615578434,-0.3851247625728138,-0.18165254172170534,0.009511724337935448,4
0.249433333,30.003,-7.7733,3.5025,0.0,1,-1.1141081637549068,-0.345037438016152,-0.026580255888402463,-0.27293614898226226,-0.38622870228486134,-0.18275648094946517,0.009511724337935448,4
0.249433333,30.003,-8.5632,3.4956,0.0,1,-1.1517877048608633,-0.3187750752622378,-0.028972391872666776,-0.2914665273902938,-0.4575236624921672,-0.16746272240881807,0.01789748152019456,3
0.249433333,30.003,-7.7733,3.5025,0.0,1,-1.1141081637549068,-0.35857842086814345,-0.01648222725838423,-0.25387180793099107,-0.4395086201839149,-0.14336819301592185,0.011875767265446485,5
0.249433333,30.003,-8.5632,3.4956,0.0,1,-1.1517877048608633,-0.39520961936097593,-0.02522516913479194,-0.27230373801197855,-0.38774870831053704,-0.17954208875540645,0.006655568848364055,2
0.249433333,30.003,-7.7733,3.5025,0.0,1,-1.1141081637549068,-0.2832867529601208,-0.028237518020905555,-0.25551619360921907,-0.42649522779043764,-0.18245629884302617,0.017965428787283598,1
0.249433333,30.003,-7.7733,3.5025,0.0,1,-1.1141081637549068,-0.32434634137694957,-0.03049611463677138,-0.2731525001465343,-0.4687427010969259,-0.16746272240881807,0.01789748152019456,3
0.249433333,30.003,-8.5632,3.4956,0.0,1,-1.1517877048608633,-0.3463762200041674,-0.01648222725838423,-0.2762692009541206,-0.4353169546462595,-0.14430000698426737,0.011875767265446485,5
0.249433333,30.003,-7.7733,3.5025,0.0,1,-1.1141081637549068,-0.3887376036820933,-0.02522516913479194,-0.19106320600025356,-0.3647897012718022,-0.17766739873681217,0.004524296321906149,2
0.249433333,30.003,-8.5632,3.4956,0.0,1,-1.1517877048608633,-0.28227000887360193,-0.028237518020905555,-0.2684579168423079,-0.42649522779043764,-0.18245629884302617,0.017965428787283598,1
0.246966667,30.003,-18.113,3.4831,0.0,1,-1.262422854709164,-0.24444044353673233,-0.013512738277204334,-0.5237953646737151,-0.3416989716468379,-0.13639704323839397,0.011875767265446485,5
0.246966667,30.003,-18.113,3.4831,0.0,1,-1.262422854709164,-0.23053811912453967,-0.026616208392661066,-0.5303567928262055,-0.35661293351789936,-0.1581042435381096,0.01789748152019456,3
0.246966667,30.003,-18.113,3.4831,0.0,1,-1.262422854709164,-0.29168483514571564,-0.022042545333970338,-0.5315754320006818,-0.3218884516414255,-0.1733350629825145,0.006655568848364055,2
0.246966667,30.003,-18.113,3.4831,0.0,1,-1.262422854709164,-0.21472570197744062,-0.02398973289411515,-0.5395700178784318,-0.31686252828221767,-0.17227095361333342,0.017965428787283598,1
0.246966667,30.003,-18.113,3.4831,0.0,1,-1.262422854709164,-0.25698643728508613,-0.021885901355417445,-0.5641726747388021,-0.30340919460868465,-0.16651998994871975,0.009511724337935448,4
0.246933333,30.003,-18.73,3.4742,0.0,1,-1.2750962223651903,-0.23053811912453967,-0.026616208392661066,-0.5303567928262055,-0.35661293351789936,-0.1581042435381096,0.01789748152019456,3
0.246933333,30.003,-18.73,3.4742,0.0,1,-1.2750962223651903,-0.24444044353673233,-0.013512738277204334,-0.5309848586819135,-0.3345094774989411,-0.13639704323839397,0.011875767265446485,5
0.246933333,30.003,-18.73,3.4742,0.0,1,-1.2750962223651903,-0.2511546535731759,-0.021885901355417445,-0.5688593324506656,-0.31048908611759546,-0.16058522460982202,0.009511724337935448,4
0.246933333,30.003,-18.73,3.4742,0.0,1,-1.2750962223651903,-0.29168483514571564,-0.022042545333970338,-0.5315754320006818,-0.3218884516414255,-0.1733350629825145,0.006655568848364055,2
0.246933333,30.003,-18.73,3.4742,0.0,1,-1.2750962223651903,-0.21472570197744062,-0.02398973289411515,-0.5395700178784318,-0.31686252828221767,-0.17227095361333342,0.017965428787283598,1
0.20132971,10.003,4.2901,3.1562,9.000355,3,-0.8481617450577844,-0.41232284106779843,0.009787126092705876,0.153887463666033,-0.8051547906221822,0.10887685075605986,-0.11778637621086091,3
0.20132971,10.003,4.2901,3.1562,9.000355,3,-0.8481617450577844,-0.3880459234886803,-0.0036208364274352787,0.21707039904082193,-0.8092245276458562,0.04412798127101269,-0.03795350094791502,4
0.20132971,10.003,4.2901,3.1562,9.000355,3,-0.8481617450577844,-0.38687372016953303,0.00565726816188544,0.24008614726131783,-0.750527204463724,0.036624707537703215,-0.07460200370289385,1
0.20132971,10.003,4.2901,3.1562,9.000355,3,-0.8481617450577844,-0.44018254754133523,0.0024886967986822127,0.20296218730974944,-0.8076255484751891,0.06787835873197764,-0.08652832727879285,5
0.20132971,10.003,4.2901,3.1562,9.000355,3,-0.8481617450577844,-0.48689689292106775,-0.00927668614545837,0.20935552534589078,-0.63279957708437,0.14219833050272426,-0.043144880649633705,2
0.201294898,10.002,4.8189,3.0729,11.99957143,3,-0.8794408715860738,-0.4608213849645108,0.0017308906256221235,0.25291475081350656,-0.8026380856602918,0.06847231504973024,-0.0892430034186691,5
0.201294898,10.002,4.8189,3.0729,11.99957143,3,-0.8794408715860738,-0.48689689292106775,-0.00927668614545837,0.20935552534589078,-0.63279957708437,0.14219833050272426,-0.043144880649633705,2
0.201294898,10.002,4.8189,3.0729,11.99957143,3,-0.8794408715860738,-0.41635940306354313,0.013059368573594838,0.15465178298996762,-0.8051547906221822,0.10887685075605986,-0.11778637621086091,3
0.201294898,10.002,4.8189,3.0729,11.99957143,3,-0.8794408715860738,-0.38915537358494473,0.009364225738681852,0.24004765221616253,-0.8266780681000091,0.03423791602719575,-0.07460200370289385,1
0.201294898,10.002,4.8189,3.0729,11.99957143,3,-0.8794408715860738,-0.3880459234886803,-0.0036208364274352787,0.2137659894814715,-0.8931483346549794,0.037316035827971064,-0.03795350094791502,4
0.200772781,10.002,4.0431,3.2474,6.000745,3,-0.7672947238816122,-0.3904750898270868,0.0004476651456207037,0.19025099287973718,-0.7056351210549474,0.052426312969764695,-0.03795350094791502,4
0.200772781,10.002,4.0431,3.2474,6.000745,3,-0.7672947238816122,-0.4481819309666753,-0.0002671622042544186,0.1638846956565976,-0.616794159313431,0.07863322920631617,-0.06560110677033663,5
0.200772781,10.002,4.0431,3.2474,6.000745,3,-0.7672947238816122,-0.41700014936039226,0.008157667595660313,0.15366863878211007,-0.6514923288091086,0.04247805814724415,-0.08518825529143215,1
0.200772781,10.002,4.0431,3.2474,6.000745,3,-0.7672947238816122,-0.5125635121529922,-0.00927668614545837,0.15187563619518188,-0.6664113530004397,0.14219833050272426,-0.043144880649633705,2
0.200772781,10.002,4.0431,3.2474,6.000745,3,-0.7672947238816122,-0.41452973120380193,0.01698788714944385,0.15324673937400804,-0.6335435048048385,0.12026371242682217,-0.11778637621086091,3
0.200459473,10.002,1.7876,3.3508,3.000066667,3,-0.5996291151838278,-0.44547396355774255,0.007895906408084557,0.04476004377938807,-0.6032438296475447,0.1270277678009006,-0.11778637621086091,3
0.200459473,10.002,1.7876,3.3508,3.000066667,3,-0.5996291151838278,-0.40182834800565614,0.009108491115039214,0.08568718038266525,-0.6044298478704877,0.03253067460376769,-0.09701686788350344,1
0.200459473,10.002,1.7876,3.3508,3.000066667,3,-0.5996291151838278,-0.41019361370941626,0.0009185210778377951,0.08384930782485753,-0.5663796588730474,0.08338243496487849,-0.03795350094791502,4
0.200459473,10.002,1.7876,3.3508,3.000066667,3,-0.5996291151838278,-0.5045017094677314,-0.009506667575333267,0.09938446978863795,-0.5609257243294269,0.13234636145061812,-0.043144880649633705,2
0.200459473,10.002,1.7876,3.3508,3.000066667,3,-0.5996291151838278,-0.44833950460888444,-9.023013524711132e-05,0.07143938419874757,-0.5145690005633514,0.08059072216274217,-0.06560110677033663,5
0.20019233,2.002,26.6,3.4439,0.9999,2,0.6084770456578417,-0.239067171192728,0.08417592897079886,0.8828674412192776,-0.41670934586320074,0.08561014675884508,-0.03952063740231097,2
0.20019233,2.002,26.6,3.4439,0.9999,2,0.6084770456578417,-0.12011983519885688,0.09276065498357638,1.0053352487483063,-0.3984315380221233,0.08100099383213091,-0.05949418693897315,3
0.20019233,2.002,26.6,3.4439,0.9999,2,0.6084770456578417,-0.25834296745597385,0.05356846768409014,0.842892831787467,-0.406801421752898,0.0792859515012242,-0.05541509567759931,5
0.20019233,2.002,26.6,3.4439,0.9999,2,0.6084770456578417,-0.20661622494459153,0.06038257064064965,0.9168427451862954,-0.3583313578367233,0.0820009989006212,-0.0472339202510193,4
0.20019233,2.002,26.6,3.4439,0.9999,2,0.6084770456578417,-0.16531548018101602,0.09517251728568227,0.9565010979259386,-0.40914794549578803,0.050901591511210424,-0.059373854203149674,1
0.200111393,10.003,0.77883,3.4401,1.000103333,3,-0.3590447842127611,-0.41523658187827095,0.0010577022354118525,0.04905462532304227,-0.4611332633602433,0.09526219583814964,-0.027996947723440826,4
0.200111393,10.003,0.77883,3.4401,1.000103333,3,-0.3590447842127611,-0.44795127044431865,0.000667576037812978,0.0540873503126204,-0.47788952859002165,0.07999676584498956,-0.06517100047320128,5
0.200111393,10.003,0.77883,3.4401,1.000103333,3,-0.3590447842127611,-0.39996296926168723,0.0056619242986198515,-0.03042832824634388,-0.5064188096439466,0.03528652817476541,-0.08008706709370017,1
0.200111393,10.003,0.77883,3.4401,1.000103333,3,-0.3590447842127611,-0.41798390412237496,0.005076984855113551,-0.047827735850587486,-0.47968240399844947,0.08451443907077191,-0.09367434513056651,3
0.200111393,10.003,0.77883,3.4401,1.000103333,3,-0.3590447842127611,-0.5170961890858599,-0.009073996867518872,-0.01579082373122219,-0.4682092734682374,0.11677409825264476,-0.03256186219863594,2
0.200091228,10.002,41.341,3.4458,0.9998415,2,0.6308289126756801,-0.25818694130750375,0.008449876401573419,0.8988115944806486,-0.40431148872594347,0.08487825316144154,-0.05541509567759931,5
0.200091228,10.002,41.341,3.4458,0.9998415,2,0.6308289126756801,-0.21526853294926696,0.012801265970338135,0.9885678312066011,-0.3432138873403892,0.07989029592019506,-0.046975465998984875,4
0.200091228,10.002,41.341,3.4458,0.9998415,2,0.6308289126756801,-0.17679506344953552,0.03149566156323999,0.983949818094261,-0.42632063446566465,0.07291841831058264,-0.059373854203149674,1
0.200091228,10.002,41.341,3.4458,0.9998415,2,0.6308289126756801,-0.26029525822028515,0.00611638150177896,0.9526578197255731,-0.4032277995161712,0.08274389888509176,-0.039060042100027205,2
0.200091228,10.002,41.341,3.4458,0.9998415,2,0.6308289126756801,-0.19456088060047477,0.0339081060490571,0.992942315286491,-0.4119734868220985,0.09756275906518568,-0.05949418693897315,3
0.200066667,30.002,40.673,3.4671,0.206893103,1,-0.02917577320685157,-0.26879014406003987,-0.0401343184383586,1.0070533516467548,-0.37003516716416923,0.06729493534541689,0.011345249861478805,4
0.200066667,30.002,40.673,3.4671,0.206893103,1,-0.02917577320685157,-0.28351352416328157,-0.04735819462221116,0.9688134305085987,-0.42854524627095086,0.06763836338068359,0.009501256626099347,2
0.200066667,30.002,40.673,3.4671,0.206893103,1,-0.02917577320685157,-0.2289038455163245,-0.07826562802074477,0.9236830684071173,-0.5149106684187427,0.0670519796415465,0.016413927954854444,3
0.200066667,30.002,40.673,3.4671,0.206893103,1,-0.02917577320685157,-0.27095050786156205,-0.062486181237036365,0.9091870360728354,-0.4173505086172372,0.08231464081443846,0.013766533799935133,1
0.200066667,30.002,40.673,3.4671,0.206893103,1,-0.02917577320685157,-0.3090458078100346,-0.03222955309087411,0.890424679541029,-0.4603386704344302,0.049776839723344894,0.014273232650011777,5
0.200033333,30.001,11.322,3.4485,0.206896552,1,-0.7714331431930551,-0.46470201008720324,-0.02943355481605977,0.34814363792771474,-0.5286396910715848,0.06992857468896546,0.013415004466660321,4
0.200033333,10.002,-8.6068,3.4355,0.0,1,-1.220899430946303,-0.3482887765509076,-0.004056683882372454,-0.27907711709616706,-0.43691327900625765,-0.15067500909091905,0.012142023537307978,5
0.200033333,30.001,11.322,3.4485,0.206896552,1,-0.7714331431930551,-0.4908777427719906,-0.01728070290060714,0.36861718189902604,-0.5611614356003701,0.05347959666512907,0.01727219612337649,5
0.200033333,10.002,11.33,3.4531,0.206893103,1,-0.5073302106078925,-0.4133213784219697,0.015527004231698812,0.37090491556795313,-0.5807353466958739,0.08372040409129113,0.017532300900202243,1
0.200033333,10.002,-8.6068,3.4355,0.0,1,-1.220899430946303,-0.34376632857864026,0.00023282048059627413,-0.29070379250682893,-0.46215347275603563,-0.17638131008134222,0.01789748152019456,3
0.200033333,30.001,11.322,3.4485,0.206896552,1,-0.7714331431930551,-0.44997098356485365,-0.036907677635317666,0.3646109862742014,-0.6140718577010557,0.0692854363610968,0.017532300900202243,1
0.200033333,10.002,-8.6068,3.4355,0.0,1,-1.220899430946303,-0.32730991053249453,0.0004761205310933292,-0.2613564223633148,-0.4669915735651739,-0.1839420867175795,0.017965428787283598,1
0.200033333,10.002,-9.6333,3.4398,0.0,1,-1.1961584491103205,-0.32034658389951803,0.0004761205310933292,-0.2953778659761883,-0.47729900970356537,-0.18211941664339976,0.017965428787283598,1
0.200033333,30.001,11.322,3.4485,0.206896552,1,-0.7714331431930551,-0.5073448040615767,-0.03376565432641655,0.3445819404395297,-0.4889157969225198,0.07649435227154754,0.011546043511480093,2
0.200033333,10.002,11.33,3.4531,0.206893103,1,-0.5073302106078925,-0.4682838133792393,0.0058540638233535,0.38100653058616446,-0.47914911856409165,0.07119172273785807,0.013415004466660321,4
0.200033333,10.002,-9.6333,3.4398,0.0,1,-1.1961584491103205,-0.3229829268553294,-0.004056683882372454,-0.3096428656275384,-0.43366098538972436,-0.14866740184603258,0.012142023537307978,5
0.200033333,10.002,-9.6333,3.4398,0.0,1,-1.1961584491103205,-0.34376632857864026,0.00023282048059627413,-0.29070379250682893,-0.46215347275603563,-0.17638131008134222,0.01789748152019456,3
0.200033333,10.002,11.33,3.4531,0.206893103,1,-0.5073302106078925,-0.41510014946368756,0.017993404993321745,0.37269106347113845,-0.6085007043322548,0.07184467374521773,0.02113200155319646,3
0.200033333,10.002,-8.6068,3.4355,0.0,1,-1.220899430946303,-0.364328300623456,-0.0029102083563338965,-0.2870985902205575,-0.4258623955072835,-0.17856144248507916,0.009511724337935448,4
0.200033333,10.002,-9.6333,3.4398,0.0,1,-1.1961584491103205,-0.3426519339589868,-0.0029102083563338965,-0.31496016396326015,-0.42168968366459014,-0.17654894648119807,0.009511724337935448,4
0.200033333,10.002,11.33,3.4531,0.206893103,1,-0.5073302106078925,-0.4662326627643779,0.004854117489885539,0.40647804669570176,-0.5609639395354316,0.05405018550343812,0.01735412111505866,5
0.200033333,10.002,-9.6333,3.4398,0.0,1,-1.1961584491103205,-0.40451736623188483,-0.010794828662183136,-0.2988396395696327,-0.41668186674593016,-0.17167782130185516,0.0068328683683648705,2
0.200033333,10.002,11.33,3.4531,0.206893103,1,-0.5073302106078925,-0.5107325582648627,-0.002780217370018363,0.35422498698811977,-0.4759297658992,0.07457803088589571,0.011596700511872768,2
0.200033333,10.002,-8.6068,3.4355,0.0,1,-1.220899430946303,-0.4029792757402174,-0.010794828662183136,-0.26897882918361576,-0.4281005517556332,-0.17110558371525258,0.0068328683683648705,2
0.200033333,30.001,11.322,3.4485,0.206896552,1,-0.7714331431930551,-0.41624529194814386,-0.015498696574941278,0.36765239087922963,-0.6135983208939433,0.07076458827767056,0.02113200155319646,3
0.20003,2.003,-8.7285,3.4477,0.0,1,-1.10759003303314,-0.3970866604917683,0.06165758500341326,-0.2972287530452013,-0.41598903654143216,-0.17911732654552906,0.007099528657272458,2
0.20003,2.003,-8.7285,3.4477,0.0,1,-1.10759003303314,-0.3523337020503823,0.05097618673578836,-0.3012126176024321,-0.40424087300896644,-0.1745143804408144,0.009511724337935448,4
0.20003,2.003,-8.7285,3.4477,0.0,1,-1.10759003303314,-0.351332542252494,0.04106190740014427,-0.2797654953203164,-0.4324279263522476,-0.15067500909091905,0.012142023537307978,5
0.20003,2.004,-7.8969,3.4433,0.0,1,-1.1394409416135935,-0.349337594693352,0.04618730601621792,-0.27571978596271945,-0.4760212917905301,-0.17104027213063092,0.01789748152019456,3
0.20003,2.004,-7.8969,3.4433,0.0,1,-1.1394409416135935,-0.36353474311647005,0.04106190740014427,-0.2541158090159297,-0.43987188550643624,-0.14974319512257353,0.012142023537307978,5
0.20003,2.004,-7.8969,3.4433,0.0,1,-1.1394409416135935,-0.3354303091097972,0.03653796702506952,-0.24575108240591362,-0.4673226856836118,-0.17875879694867763,0.017965428787283598,1
0.20003,2.003,-8.7285,3.4477,0.0,1,-1.10759003303314,-0.32935201969783523,0.06075046305428259,-0.2826182425976731,-0.4777377109252848,-0.17875879694867763,0.017965428787283598,1
0.20003,2.003,-8.7285,3.4477,0.0,1,-1.10759003303314,-0.34376632857864026,0.04618730601621792,-0.29251009041443465,-0.46480225315783175,-0.17104027213063092,0.01789748152019456,3
0.20003,2.004,-7.8969,3.4433,0.0,1,-1.1394409416135935,-0.39348027230473237,0.06165758500341326,-0.20719018954783677,-0.4288436334673315,-0.17660746079403908,0.007099528657272458,2
0.20003,2.004,-7.8969,3.4433,0.0,1,-1.1394409416135935,-0.3660492354969028,0.05097618673578836,-0.2700282327423338,-0.40307362366933375,-0.17561831966857425,0.009511724337935448,4
0.200013333,2.001,2.1194,3.4273,0.206886207,1,-0.7948537499406454,-0.4549474461152567,0.0627365042862948,0.08618135740282014,-0.6409092034772038,0.07511399547453039,0.0225470673921518,1
0.200013333,2.001,2.1194,3.4273,0.206886207,1,-0.7948537499406454,-0.4797189944027923,0.048736364145297556,0.10692601108923555,-0.5772950522553583,0.07366650110750925,0.013709050551988185,4
0.200013333,2.001,2.1194,3.4273,0.206886207,1,-0.7948537499406454,-0.46442705533496337,0.053114888932323086,0.06354885230073705,-0.5947532329405658,0.06976173972449033,0.023073490217793733,3
0.200013333,2.001,2.1194,3.4273,0.206886207,1,-0.7948537499406454,-0.4651143733377103,0.04535606111166999,0.07613265233114362,-0.5699358249967917,0.05287015353096649,0.016667938167229293,5
0.200013333,2.001,2.1194,3.4273,0.206886207,1,-0.7948537499406454,-0.5171395561052486,0.06125056769233197,0.10265274396573659,-0.5756018821452744,0.0639339600398671,0.010582692176103591,2
0.20001,2.002,1.1818,3.4189,0.206893103,1,-0.9186005314806543,-0.4464749132937868,0.053114888932323086,0.05106864173198119,-0.6375717257871293,0.06948939271009294,0.023073490217793733,3
0.20001,2.002,1.1818,3.4189,0.206893103,1,-0.9186005314806543,-0.4797189944027923,0.048736364145297556,0.09143776942044496,-0.5825060519830731,0.07119067407387775,0.013709050551988185,4
0.20001,2.002,1.1818,3.4189,0.206893103,1,-0.9186005314806543,-0.46763816982158457,0.04535606111166999,0.08698341443669051,-0.578262791694142,0.05287015353096649,0.016667938167229293,5
0.20001,2.002,1.1818,3.4189,0.206893103,1,-0.9186005314806543,-0.5120641106879339,0.06125056769233197,0.05284585395304021,-0.5484477078146301,0.06276676280307583,0.00993513386696577,2
0.20001,2.002,1.1818,3.4189,0.206893103,1,-0.9186005314806543,-0.43609885485377164,0.0627365042862948,0.07665020653279499,-0.6477025372907519,0.07357426182716154,0.021562693978194148,1
0.200000111,10.003,-7.2705,3.4607,0.0,2,-1.3924562077087723,-0.3445964402891695,-0.0029506964806932955,-0.22834572984371335,-0.45394687324762345,-0.1443792898603715,-0.03407534623984247,5
0.200000111,10.003,-7.2705,3.4607,0.0,2,-1.3924562077087723,-0.37229381600627676,-0.004396522662136704,-0.26135408200323584,-0.47921078075654805,-0.17261830092989838,-0.05903134720167145,3
0.200000111,10.003,-7.2705,3.4607,0.0,2,-1.3924562077087723,-0.36845190860913135,-0.0029102083563338965,-0.2597786141198594,-0.3904806178575382,-0.17572854824829848,-0.034044808954931796,4
0.200000111,10.003,-7.2705,3.4607,0.0,2,-1.3924562077087723,-0.39517025886336343,-0.01096309941727668,-0.17993130278307945,-0.43488189321709797,-0.17357238745782524,-0.020009547816589476,2
0.200000111,10.003,-7.2705,3.4607,0.0,2,-1.3924562077087723,-0.35563476501818514,-0.003230837045703083,-0.24159753790358082,-0.45561796067049726,-0.18897555337636732,-0.06826134301256388,1
0.200000088,10.002,27.283,3.4665,0.857049524,2,0.40439861771471014,-0.2752304909040686,0.00611638150177896,0.8656505257543177,-0.3941640328196809,0.08607074196799658,-0.039060042100027205,2
0.200000088,10.002,27.283,3.4665,0.857049524,2,0.40439861771471014,-0.2610480071720667,0.008449876401573419,0.8403289167303591,-0.4080344807903748,0.09000566760776564,-0.05541509567759931,5
0.200000088,10.002,27.283,3.4665,0.857049524,2,0.40439861771471014,-0.268026188230142,0.012801265970338135,0.9110686311707832,-0.31315317027270795,0.08723271317663603,-0.0472339202510193,4
0.200000088,10.002,27.283,3.4665,0.857049524,2,0.40439861771471014,-0.2372336479043588,0.03660738406470045,0.9485963747906498,-0.4017179237911478,0.09756275906518568,-0.05949418693897315,3
0.200000088,10.002,27.283,3.4665,0.857049524,2,0.40439861771471014,-0.2238666807138361,0.03149566156323999,0.9305769315827638,-0.401109505277127,0.08072649211622775,-0.059373854203149674,1
0.200000026,30.002,27.558,3.5043,0.0,2,0.0463864108618878,-0.25839635473908856,-0.02843532144324854,0.8439195332722739,-0.37783196215284987,-0.11296180224046111,-0.04797186150681228,5
0.200000026,30.002,27.558,3.5043,0.0,2,0.0463864108618878,-0.2573888818113483,-0.056371888966532425,0.9070301432814449,-0.3583562211995013,-0.1699454935034737,-0.05283692475408316,1
0.200000026,30.002,27.558,3.5043,0.0,2,0.0463864108618878,-0.24411074449308218,-0.07500660692108795,0.9229603140469408,-0.39311012540245427,-0.140233559604967,-0.053985017841914666,3
0.200000026,30.002,27.558,3.5043,0.0,2,0.0463864108618878,-0.2694860387814697,-0.039789664652198554,0.9143307052867021,-0.2661662045773119,-0.1610389596357709,-0.04263691034168005,4
0.200000026,30.002,27.558,3.5043,0.0,2,0.0463864108618878,-0.2462397745938506,-0.048404130090493706,0.8689492127578705,-0.35019528400851413,-0.13952383294468745,-0.028951544910669327,2
0.2,10.002,1.5137,3.4416,0.206893103,1,-0.7713214835661298,-0.5213917621364818,-0.009020079921465368,0.08094117980392185,-0.5758539959113114,0.0660871991130989,0.01050996659323573,2
0.2,2.003,25.758,3.457,0.206889655,1,0.39069233893916167,-0.24468024259753293,0.09517251728568227,0.9078081174241379,-0.4365129316644743,0.08437297354335897,0.013766533799935133,1
0.2,2.003,25.758,3.457,0.206889655,1,0.39069233893916167,-0.30560289723565803,0.08476316663902253,0.8599847594136372,-0.4547012204537168,0.07004238099674694,0.009624639209359884,2
0.2,2.003,10.996,3.4402,0.206896552,1,-0.424841661216797,-0.46715573728666643,0.04997270877240226,0.3503986888425425,-0.5580890857009217,0.05405018550343812,0.01685270463116467,5
0.2,2.001,10.284,3.4324,0.206889655,1,-0.5508495502020441,-0.43598305109509966,0.06881720553617925,0.31813463437138123,-0.5928769881324842,0.0734636936930474,0.017532300900202243,1
0.2,2.003,10.996,3.4402,0.206896552,1,-0.424841661216797,-0.431903714700602,0.06881720553617925,0.37134259096113964,-0.6260593179473654,0.07223538646823727,0.017532300900202243,1
0.2,2.003,25.758,3.457,0.206889655,1,0.39069233893916167,-0.31269085223204457,0.05389616764849052,0.832053614417091,-0.4626311073964462,0.05156538286944851,0.01435515764169395,5
0.2,2.001,10.284,3.4324,0.206889655,1,-0.5508495502020441,-0.46524949528858994,0.04997270877240226,0.3076094777742401,-0.5493646173505112,0.05231097896583378,0.01685270463116467,5
0.2,10.002,40.296,3.4741,0.206875862,1,0.6241447039333181,-0.2697336217772681,0.012801265970338135,1.0220359933166765,-0.3669373183324933,0.06855808339430951,0.011345249861478805,4
0.2,2.003,25.758,3.457,0.206889655,1,0.39069233893916167,-0.24529715288459555,0.09545993299921975,0.9051355031342245,-0.4678166588395834,0.07379989533510525,0.015893569892505184,3
0.2,10.004,26.191,3.4671,0.206889655,1,0.1519082267593201,-0.27029918598098446,-0.01891982587869279,0.8760112506849691,-0.4192719018482603,0.08472284373827278,0.013766533799935133,1
0.2,2.003,25.758,3.457,0.206889655,1,0.39069233893916167,-0.3023985646734946,0.06038257064064965,0.9259975644643419,-0.38205478821415456,0.07066878637473564,0.01168985553085804,4
0.2,2.001,10.284,3.4324,0.206889655,1,-0.5508495502020441,-0.5031738751428202,0.06912346976809204,0.22391841784294228,-0.5339378008735366,0.0550559612212237,0.01129380657337606,2
0.2,10.002,1.5137,3.4416,0.206893103,1,-0.7713214835661298,-0.4456229280590196,0.008349227336002513,0.07065225327154621,-0.5750761395110748,0.0740586583755794,0.023073490217793733,3
0.2,10.004,26.191,3.4671,0.206889655,1,0.1519082267593201,-0.23501297843671637,-0.022396127220708877,0.8882304054574343,-0.4913322041602805,0.07328047132876236,0.016413927954854444,3
0.2,10.002,1.5137,3.4416,0.206893103,1,-0.7713214835661298,-0.46207060768734665,0.00023746982915326953,0.0728751567658037,-0.5501656776713207,0.05287015353096649,0.016667938167229293,5
0.2,10.004,26.191,3.4671,0.206889655,1,0.1519082267593201,-0.3128533392015379,-0.021604284583590923,0.8520692168641836,-0.436036006512586,0.0709652064635884,0.009501256626099347,2
0.2,10.002,1.5137,3.4416,0.206893103,1,-0.7713214835661298,-0.4804271675902419,0.0011550594749860465,0.12585486854426564,-0.5290019309845229,0.07402606430579908,0.013709050551988185,4
0.2,10.002,40.296,3.4741,0.206875862,1,0.6241447039333181,-0.2869012783665676,0.006170298447832465,1.0086172202415764,-0.419647924862802,0.06292711662943475,0.009551913626492024,2
0.2,10.002,40.296,3.4741,0.206875862,1,0.6241447039333181,-0.23246385721518892,0.03660738406470045,0.975597182973288,-0.4433966601546854,0.05541077486064751,0.016413927954854444,3
0.2,10.004,26.191,3.4671,0.206889655,1,0.1519082267593201,-0.30078662269515916,0.011513964375481009,0.9243305481947027,-0.3832693253131583,0.07162463496089913,0.01168985553085804,4
0.2,10.002,40.296,3.4741,0.206875862,1,0.6241447039333181,-0.30823955637635664,0.0087775763659738,0.9081523641198873,-0.46014117436949165,0.05156538286944851,0.01435515764169395,5
0.2,2.003,10.996,3.4402,0.206896552,1,-0.424841661216797,-0.5195690987678244,0.0758126508211717,0.36515180005691944,-0.5012075806246139,0.06754959942190908,0.011669426094740629,2
0.2,10.002,40.296,3.4741,0.206875862,1,0.6241447039333181,-0.2415789625616162,0.03739677387406118,0.9573307478381321,-0.41226969348499554,0.08804991736076773,0.013766533799935133,1
0.2,10.004,26.191,3.4671,0.206889655,1,0.1519082267593201,-0.31547137441346423,0.009023351350333542,0.8353139874897897,-0.4639460915280506,0.051483457887079566,0.014273232650011777,5
0.2,2.003,10.996,3.4402,0.206896552,1,-0.424841661216797,-0.430434236030851,0.06275906658964231,0.34851855580229313,-0.5943935187114403,0.0752926164882956,0.02113200155319646,3
0.2,2.001,10.284,3.4324,0.206889655,1,-0.5508495502020441,-0.43870659761159914,0.06357115591177717,0.24186943819746376,-0.543490778671112,0.07490435197221813,0.02086035361746326,3
0.2,10.002,1.5137,3.4416,0.206893103,1,-0.7713214835661298,-0.4596946166129783,0.00944630298181437,0.08574368200963363,-0.6401446423470043,0.07544270772486925,0.0225470673921518,1
0.2,2.001,10.284,3.4324,0.206889655,1,-0.5508495502020441,-0.48309195777168495,0.05343536849366501,0.24978626508032903,-0.5738349635107443,0.07203965713910293,0.013709050551988185,4
0.2,2.003,10.996,3.4402,0.206896552,1,-0.424841661216797,-0.467653474227991,0.05343536849366501,0.3573802351369523,-0.5243273051409051,0.07083215953956824,0.013415004466660321,4
0.199981364,10.002,-17.108,3.4866,0.0,2,-1.5564483267764913,-0.3225992329613655,-0.0008155568945221603,-0.5357176202046685,-0.34428319012513386,-0.15463252925197593,-0.06826134301256388,1
0.199981364,10.002,-17.108,3.4866,0.0,2,-1.5564483267764913,-0.3024046423495747,-0.007780475616455078,-0.5164659783989191,-0.3492423132178374,-0.17034156206063927,-0.020009547816589476,2
0.199981364,10.002,-17.108,3.4866,0.0,2,-1.5564483267764913,-0.26808669184334577,0.0011553323781117798,-0.5079780926043168,-0.35880853299982846,-0.16008602821617388,-0.05903134720167145,3
0.199981364,10.002,-17.108,3.4866,0.0,2,-1.5564483267764913,-0.31406571657164023,-0.0019883698143530635,-0.49535159146646035,-0.3557355287624523,-0.13400653304881416,-0.035386146118398756,5
0.199981364,10.002,-17.108,3.4866,0.0,2,-1.5564483267764913,-0.2747890597011428,-0.0010810221079736947,-0.5454979836801067,-0.3083848395640962,-0.1670321597578004,-0.034044808954931796,4
0.199975286,10.002,2.8426,3.4506,0.0,2,-1.099205594505002,-0.4792045015547774,-0.0008445611537899822,0.0733372562401928,-0.5662895904039033,-0.14075279329903423,-0.09047993843443691,1
0.199975286,10.002,2.8426,3.4506,0.0,2,-1.099205594505002,-0.4579940674570389,0.006279751195106656,0.11446526959072799,-0.4744686920312233,-0.14800539214978925,-0.08267415809677914,3
0.199975286,10.002,2.8426,3.4506,0.0,2,-1.099205594505002,-0.4335998017631937,-0.0016932434483896942,0.10790835525258444,-0.41951592094716034,-0.16279199607146438,-0.055555925527587535,4
0.199975286,10.002,2.8426,3.4506,0.0,2,-1.099205594505002,-0.462539299284108,-0.01096309941727668,0.06941150846425444,-0.506877070243936,-0.16607321627205238,-0.03690813994500786,2
0.199975286,10.002,2.8426,3.4506,0.0,2,-1.099205594505002,-0.520933142118156,-0.004957858795532957,0.0704114043386653,-0.46914479742059484,-0.11740882650134153,-0.056416916155721995,5
0.199972228,10.003,1.0134,3.5136,0.0,3,-0.1894810742844356,-0.5122152416757308,-0.0013754911511205136,0.020274718273431063,-0.48695638704346494,-0.16651670128223486,-0.10735460465075448,3
0.199972228,10.003,1.0134,3.5136,0.0,3,-0.1894810742844356,-0.4648561258599511,-0.004211069947341457,0.08533355456311256,-0.38910229041706773,-0.15223092412576078,-0.06216089761350304,1
0.199972228,10.003,1.0134,3.5136,0.0,3,-0.1894810742844356,-0.44435002354439346,-0.01096309941727668,0.0604273696616292,-0.3516734172939323,-0.1647428311384283,-0.02393662164453417,2
0.199972228,10.003,1.0134,3.5136,0.0,3,-0.1894810742844356,-0.5448867487814277,-0.0034138621669262646,0.06170657841023058,-0.45075186320726063,-0.10992600696743465,-0.05815787259954959,5
0.199972228,10.003,1.0134,3.5136,0.0,3,-0.1894810742844356,-0.3997795473143924,-0.0012674313120078296,0.07844638890470378,-0.34823804723084323,-0.192576966038323,-0.027134429765865206,4
0.199969134,10.003,12.881,3.433,0.0,2,-0.8064549572739994,-0.5350098678283394,0.0012027854938060046,0.40630300334189084,-0.4872719783871435,-0.11257583143073134,-0.0595608920743689,5
0.199969134,10.003,12.881,3.433,0.0,2,-0.8064549572739994,-0.5084365268051624,-0.004723236865829677,0.31232669682707637,-0.49528405340388415,-0.14880294615635647,-0.0433061105851084,2
0.199969134,10.003,12.881,3.433,0.0,2,-0.8064549572739994,-0.47792276518070137,0.002550795554416254,0.32992742125759833,-0.4658983669057488,-0.15278756230778526,-0.053449577344581486,4
0.199969134,10.003,12.881,3.433,0.0,2,-0.8064549572739994,-0.4312661035484052,0.0015291825192980469,0.5610089357453398,-0.48891534354304894,-0.13738487112801523,-0.06785823401995003,1
0.199969134,10.003,12.881,3.433,0.0,2,-0.8064549572739994,-0.48506202693097294,0.007770826221676543,0.3607961178501137,-0.5091237771103624,-0.14014374739315827,-0.07440521789016202,3
0.199966667,2.003,40.007,3.4623,0.206896552,1,0.990779088942675,-0.4344207640911918,0.05226651042466983,0.8983927662484348,-0.46003728871699423,0.048673116775462405,0.01435515764169395,5
0.199966667,10.003,1.3616,3.4335,0.206893103,1,-0.8528050963148972,-0.5768368783267215,-0.0011464124103076755,0.06892281556501985,-0.554540707715787,0.04849565307609737,0.016586013175547122,5
0.199966667,10.002,-8.087,3.4157,0.206889655,1,-1.090363744089233,-0.4957162478473037,-0.0013921873946674168,-0.2003237974224612,-0.5442910157842562,0.056145228752866386,0.013228824664838611,5
0.199966667,2.003,40.007,3.4623,0.206896552,1,0.990779088942675,-0.32562084152392345,0.09317850555991754,0.9600292784976773,-0.49463880265248006,0.06766773507755715,0.016413927954854444,3
0.199966667,10.003,1.3616,3.4335,0.206893103,1,-0.8528050963148972,-0.5295456096343696,0.00012970967334695162,0.09094261888647452,-0.6309886768087745,0.06812454482540488,0.0225470673921518,1
0.199966667,10.002,-8.087,3.4157,0.206889655,1,-1.090363744089233,-0.473819881399977,-0.009020079921465368,-0.21277253288368228,-0.5174495032732375,0.06726094681362156,0.007768231201916933,2
0.199966667,2.003,40.007,3.4623,0.206896552,1,0.990779088942675,-0.33242861002800056,0.06038257064064965,0.9833290915540419,-0.3739667472615838,0.06819852019601967,0.012495948262512683,4
0.199966667,10.003,1.3616,3.4335,0.206893103,1,-0.8528050963148972,-0.5113778169735451,0.002795557415811345,0.04768223187187687,-0.6156678383646067,0.06778160317539005,0.023073490217793733,3
0.199966667,10.002,-8.087,3.4157,0.206889655,1,-1.090363744089233,-0.4545238911229535,0.0037825339485425503,-0.22889051812002437,-0.5334271811530925,0.07321478484664112,0.019115635813213884,1
0.199966667,2.003,40.007,3.4623,0.206896552,1,0.990779088942675,-0.30182052485411986,0.08956288155401125,0.9546884361188859,-0.4272557723405771,0.07794642776134424,0.013766533799935133,1
0.199966667,10.002,-8.087,3.4157,0.206889655,1,-1.090363744089233,-0.44552230526460335,0.0010577022354118525,-0.23825281455647201,-0.5100785884191282,0.07871356629068033,0.011448956187814474,4
0.199966667,10.003,1.3616,3.4335,0.206893103,1,-0.8528050963148972,-0.5118908602348529,0.0011550594749860465,0.08765407773200423,-0.5885440933586505,0.07155023727216758,0.014859748953022063,4
0.199966667,2.003,40.007,3.4623,0.206896552,1,0.990779088942675,-0.3016473679570481,0.08476316663902253,0.9838086253777146,-0.42681930034421384,0.06870294947992078,0.009624639209359884,2
0.199966667,10.003,1.3616,3.4335,0.206893103,1,-0.8528050963148972,-0.5361645447695628,-0.009020079921465368,0.04037223181629088,-0.5545767562533729,0.06492000187630766,0.00986240828409791,2
0.199966667,10.002,-8.087,3.4157,0.206889655,1,-1.090363744089233,-0.4410450430194032,0.007473488681716845,-0.22268869918305426,-0.586425775923999,0.07510974364558934,0.019111492552328854,3
0.199933333,30.002,25.605,3.462,0.206889655,1,-0.3292610205687052,-0.40915095225471304,-0.077450654739514,0.6817109573347261,-0.6032526336575392,0.06263768401287961,0.015893569892505184,3
0.199933333,30.002,25.605,3.462,0.206889655,1,-0.3292610205687052,-0.47543871574569496,-0.0461381022981368,0.6976858669612557,-0.5060942827933468,0.0709652064635884,0.013501403965055942,2
0.199933333,10.002,-7.8961,3.4253,0.206893103,1,-1.0372947149022917,-0.45823847170715454,0.005830147516680881,-0.23278949502157048,-0.5528613811649847,0.0725855729097384,0.019111492552328854,3
0.199933333,10.002,-7.8961,3.4253,0.206893103,1,-1.0372947149022917,-0.5253602036833763,-0.0013921873946674168,-0.2003237974224612,-0.558696859870106,0.056003259904682634,0.013228824664838611,5
0.199933333,30.002,25.605,3.462,0.206889655,1,-0.3292610205687052,-0.5420999769098125,-0.0401343184383586,0.6506574673834257,-0.46441242665983734,0.06738065252662637,0.013796203583478928,4
0.199933333,30.002,25.605,3.462,0.206889655,1,-0.3292610205687052,-0.522593503918033,-0.02914178151055239,0.6990524264099076,-0.5002355364058166,0.04793054667417891,0.014273232650011777,5
0.199933333,10.002,-7.8961,3.4253,0.206893103,1,-1.0372947149022917,-0.5346477371384389,0.0033049704061704687,-0.21623824037378653,-0.551072649769485,0.07229790404438972,0.019115635813213884,1
0.199933333,10.001,-16.047,3.399,0.206893103,1,-1.2037178058531661,-0.40950050164130514,0.0018009147117845714,-0.4473106766468845,-0.4682570186397061,0.04546219878830016,0.013228824664838611,5
0.199933333,10.001,-16.047,3.399,0.206893103,1,-1.2037178058531661,-0.40948539528704714,0.0037652232334949077,-0.43203756357717793,-0.4642181317927316,0.05749256783223245,0.009952634796500206,2
0.199933333,10.001,-16.047,3.399,0.206893103,1,-1.2037178058531661,-0.4572167753078975,0.004828344509878662,-0.4507247289665975,-0.4554922820208594,0.06715521043166518,0.019115635813213884,1
0.199933333,10.001,-16.047,3.399,0.206893103,1,-1.2037178058531661,-0.36070292525953845,0.016752033546799792,-0.44852959176059815,-0.4784718564955983,0.06494408554484835,0.019111492552328854,3
0.199933333,10.001,-16.047,3.399,0.206893103,1,-1.2037178058531661,-0.4246112179290503,0.003207459298428148,-0.45372861478943377,-0.4173807648406364,0.0655599612253718,0.015051020309329033,4
0.199933333,30.002,25.605,3.462,0.206889655,1,-0.3292610205687052,-0.4921298740906059,-0.04369872057577595,0.7736585410661064,-0.47605689166113735,0.0751473963726312,0.013766533799935133,1
0.199933333,10.002,-7.8961,3.4253,0.206893103,1,-1.0372947149022917,-0.5456782717554597,-0.0077999875973910095,-0.18337935625633692,-0.5151570470933803,0.06726094681362156,0.009879909213632345,2
0.199933333,10.002,-7.8961,3.4253,0.206893103,1,-1.0372947149022917,-0.5050041319034062,0.0010577022354118525,-0.22178122325334698,-0.5100785884191282,0.07632901729317382,0.015051020309329033,4
0.199906667,2.002,-8.3911,3.4025,0.206896552,1,-1.128997975005401,-0.5279871640022611,0.05674147675745189,-0.19896904412831645,-0.5404833750822582,0.06815221172349993,0.009952634796500206,2
0.199906667,2.002,-8.3826,3.4167,0.214292857,1,-1.0064766578708977,-0.5431556436087703,0.05697024379391223,-0.21941922692756635,-0.4882978136697784,0.138174353405484,0.009952634796500206,2
0.199906667,2.002,-8.3911,3.4025,0.206896552,1,-1.128997975005401,-0.5162017685209866,0.0437264038878493,-0.21542986370855943,-0.5592730265669524,0.05634492497891188,0.013228824664838611,5
0.199906667,2.002,-8.3826,3.4167,0.214292857,1,-1.0064766578708977,-0.5380310204846319,0.0437264038878493,-0.2201230756950099,-0.5542314307950437,0.07782579350285232,0.013228824664838611,5
0.199906667,2.002,-8.3911,3.4025,0.206896552,1,-1.128997975005401,-0.4547661044241977,0.04440750890760683,-0.23109341636765748,-0.5857915812788996,0.07054948659817456,0.019111492552328854,3
0.199906667,2.002,-8.3826,3.4167,0.214292857,1,-1.0064766578708977,-0.5328544218163006,0.0492718289536424,-0.23440553257707505,-0.4925443195016123,0.11668522612540982,0.016375515796244144,4
0.199906667,2.002,-8.3826,3.4167,0.214292857,1,-1.0064766578708977,-0.4656483542712522,0.04440750890760683,-0.24503484196495265,-0.5441709281003568,0.0822923553941655,0.019111492552328854,3
0.199906667,2.002,-8.3911,3.4025,0.206896552,1,-1.128997975005401,-0.5252795953303575,0.05828865174989915,-0.21888189158169552,-0.5650684747286141,0.07004235266591423,0.019115635813213884,1
0.199906667,2.002,-8.3911,3.4025,0.206896552,1,-1.128997975005401,-0.5378685658494942,0.0492718289536424,-0.22937198169063777,-0.5158238590811379,0.07470381053979508,0.016375515796244144,4
0.199906667,2.002,-8.3826,3.4167,0.214292857,1,-1.0064766578708977,-0.5240084511949681,0.05828865174989915,-0.2298236998799257,-0.5576168936584145,0.07226143535110169,0.019115635813213884,1
0.199866667,30.002,-14.559,3.4504,0.200006667,1,-1.2014539069172547,-0.41591412280627993,-0.018372743921354413,-0.37438899215951094,-0.4582526579499245,-0.0024720822082599627,0.009134218175895513,2
0.199866667,30.002,-14.168,3.446,0.20001,1,-1.2316773764352715,-0.40899226600537075,-0.014662502036662773,-0.428695730518084,-0.4490281481249258,0.015684458892792463,0.012636815789155662,5
0.199866667,30.002,-14.559,3.4504,0.200006667,1,-1.2014539069172547,-0.4673907685469021,-0.022573275023605673,-0.2915811494644731,-0.5406786638277117,0.038221868967812045,0.018648343284148723,3
0.199866667,30.002,-13.827,3.4048,0.206893103,1,-1.1113725028952361,-0.42816029652196447,-0.016983858074527233,-0.33546741014986764,-0.5148510295059532,0.058258347213850356,0.009829252213239669,2
0.199866667,30.002,-14.168,3.446,0.20001,1,-1.2316773764352715,-0.41591412280627993,-0.018372743921354413,-0.36689925270795354,-0.4582526579499245,-0.0024720822082599627,0.009134218175895513,2
0.199866667,30.002,-14.559,3.4504,0.200006667,1,-1.2014539069172547,-0.41591412280627993,-0.018372743921354413,-0.37438899215951094,-0.4582526579499245,-0.0024720822082599627,0.009134218175895513,2
0.199866667,30.003,-5.8252,3.4527,0.200006667,1,-1.083086327904374,-0.5572641248110449,-0.022241654007229952,-0.12160633922147099,-0.4834940212778747,0.00470448950654827,0.00984989974182099,2
0.199866667,30.002,-14.168,3.446,0.20001,1,-1.2316773764352715,-0.4673907685469021,-0.022573275023605673,-0.2915811494644731,-0.5406786638277117,0.038221868967812045,0.018648343284148723,3
0.199866667,30.002,-13.827,3.4048,0.206893103,1,-1.1113725028952361,-0.415988072201144,-0.013699790978571401,-0.3906594358640723,-0.48822395357768983,0.04718523249961436,0.01314689967315644,5
0.199866667,30.002,-13.827,3.4048,0.206893103,1,-1.1113725028952361,-0.415988072201144,-0.013699790978571401,-0.3906594358640723,-0.48822395357768983,0.04718523249961436,0.01314689967315644,5
0.199866667,30.003,-5.8252,3.4527,0.200006667,1,-1.083086327904374,-0.5867650985135697,-0.025329385488294064,-0.19789385299198328,-0.46169915242353454,0.054165813743602485,0.016635889136232436,4
0.199866667,30.002,-14.168,3.446,0.20001,1,-1.2316773764352715,-0.41591412280627993,-0.018372743921354413,-0.36689925270795354,-0.4582526579499245,-0.0024720822082599627,0.009134218175895513,2
0.199866667,30.002,-13.827,3.4048,0.206893103,1,-1.1113725028952361,-0.42816029652196447,-0.016983858074527233,-0.33546741014986764,-0.5148510295059532,0.058258347213850356,0.009829252213239669,2
0.199866667,30.002,-13.827,3.4048,0.206893103,1,-1.1113725028952361,-0.469489667211019,-0.02225935522234067,-0.27061441995203495,-0.6001457733346615,0.0700010734211537,0.019111492552328854,3
0.199866667,30.003,-5.8252,3.4527,0.200006667,1,-1.083086327904374,-0.5592404110217467,-0.017475517188431697,-0.15348458323162048,-0.5031050596758724,0.023215632336214185,0.013453772542998194,5
0.199866667,30.002,-14.559,3.4504,0.200006667,1,-1.2014539069172547,-0.505085286423564,-0.02215138653758913,-0.40119719580048696,-0.41440557604422795,0.046092292533721775,0.016375515796244144,4
0.199866667,30.002,-14.168,3.446,0.20001,1,-1.2316773764352715,-0.4693298063156544,-0.016850893538212404,-0.4086676477524452,-0.4512637646729127,0.05466187909245491,0.019115635813213884,1
0.199866667,30.002,-14.168,3.446,0.20001,1,-1.2316773764352715,-0.40899226600537075,-0.014662502036662773,-0.428695730518084,-0.4490281481249258,0.015684458892792463,0.012636815789155662,5
0.199866667,30.002,-14.559,3.4504,0.200006667,1,-1.2014539069172547,-0.40899226600537075,-0.014662502036662773,-0.428695730518084,-0.4490281481249258,0.015684458892792463,0.012636815789155662,5
0.199866667,30.002,-14.559,3.4504,0.200006667,1,-1.2014539069172547,-0.505085286423564,-0.02215138653758913,-0.40119719580048696,-0.41440557604422795,0.046092292533721775,0.016375515796244144,4
0.199866667,30.002,-13.827,3.4048,0.206893103,1,-1.1113725028952361,-0.45871765074320137,-0.018232606874080376,-0.36150315607199446,-0.48396955352276566,0.0664868480572477,0.019115635813213884,1
0.199866667,30.002,-14.168,3.446,0.20001,1,-1.2316773764352715,-0.4693298063156544,-0.016850893538212404,-0.4086676477524452,-0.4512637646729127,0.05466187909245491,0.019115635813213884,1
0.199866667,30.002,-14.559,3.4504,0.200006667,1,-1.2014539069172547,-0.4693298063156544,-0.0150592196197249,-0.4104593216604553,-0.4512637646729127,0.05466187909245491,0.019115635813213884,1
0.199866667,30.003,-5.8252,3.4527,0.200006667,1,-1.083086327904374,-0.5867650985135697,-0.025329385488294064,-0.19789385299198328,-0.46169915242353454,0.054165813743602485,0.016635889136232436,4
0.199866667,30.002,-14.168,3.446,0.20001,1,-1.2316773764352715,-0.514400928793475,-0.02215138653758913,-0.39230901062954215,-0.41440557604422795,0.04651975066168234,0.016375515796244144,4
0.199866667,30.002,-13.827,3.4048,0.206893103,1,-1.1113725028952361,-0.5075027350126766,-0.021742648216895758,-0.3348738285899162,-0.4720474444865249,0.06867747152457014,0.016375515796244144,4
0.199866667,30.003,-5.8252,3.4527,0.200006667,1,-1.083086327904374,-0.5495618458566605,-0.026408778835320845,-0.16192592857172713,-0.5553142915805802,0.05615827061701566,0.019317445307970048,1
0.199866667,30.003,-5.8252,3.4527,0.200006667,1,-1.083086327904374,-0.5592404110217467,-0.017475517188431697,-0.15348458323162048,-0.5031050596758724,0.023215632336214185,0.013453772542998194,5
0.199866667,30.002,-13.827,3.4048,0.206893103,1,-1.1113725028952361,-0.45871765074320137,-0.018232606874080376,-0.36150315607199446,-0.48396955352276566,0.0664868480572477,0.019115635813213884,1
0.199866667,30.003,-5.8252,3.4527,0.200006667,1,-1.083086327904374,-0.5179283139182371,-0.03276232599979267,-0.1521710995119065,-0.5483380714454689,0.038262810499581974,0.019162821818608792,3
0.199866667,30.002,-14.559,3.4504,0.200006667,1,-1.2014539069172547,-0.4693298063156544,-0.0150592196197249,-0.4104593216604553,-0.4512637646729127,0.05466187909245491,0.019115635813213884,1
0.199866667,30.002,-13.827,3.4048,0.206893103,1,-1.1113725028952361,-0.469489667211019,-0.02225935522234067,-0.27061441995203495,-0.6001457733346615,0.0700010734211537,0.019111492552328854,3
0.199866667,30.002,-14.168,3.446,0.20001,1,-1.2316773764352715,-0.514400928793475,-0.02215138653758913,-0.39230901062954215,-0.41440557604422795,0.04651975066168234,0.016375515796244144,4
0.199866667,30.002,-13.827,3.4048,0.206893103,1,-1.1113725028952361,-0.5075027350126766,-0.021742648216895758,-0.3348738285899162,-0.4720474444865249,0.06867747152457014,0.016375515796244144,4
0.199866667,30.003,-5.8252,3.4527,0.200006667,1,-1.083086327904374,-0.5572641248110449,-0.022241654007229952,-0.12160633922147099,-0.4834940212778747,0.00470448950654827,0.00984989974182099,2
0.199866667,30.003,-5.8252,3.4527,0.200006667,1,-1.083086327904374,-0.5495618458566605,-0.026408778835320845,-0.16192592857172713,-0.5553142915805802,0.05615827061701566,0.019317445307970048,1
0.199866667,30.003,-5.8252,3.4527,0.200006667,1,-1.083086327904374,-0.5179283139182371,-0.03276232599979267,-0.1521710995119065,-0.5483380714454689,0.038262810499581974,0.019162821818608792,3
0.199866667,30.002,-14.559,3.4504,0.200006667,1,-1.2014539069172547,-0.40899226600537075,-0.014662502036662773,-0.428695730518084,-0.4490281481249258,0.015684458892792463,0.012636815789155662,5
0.199866667,30.002,-14.168,3.446,0.20001,1,-1.2316773764352715,-0.4673907685469021,-0.022573275023605673,-0.2915811494644731,-0.5406786638277117,0.038221868967812045,0.018648343284148723,3
0.199866667,30.002,-14.559,3.4504,0.200006667,1,-1.2014539069172547,-0.4673907685469021,-0.022573275023605673,-0.2915811494644731,-0.5406786638277117,0.038221868967812045,0.018648343284148723,3
0.199833333,30.002,-14.106,3.3978,0.206896552,1,-1.3194390517079164,-0.4483272221381776,-0.013699790978571401,-0.4033579355175607,-0.49616178961005064,0.04718523249961436,0.015300779896788299,5
0.199833333,30.002,-13.839,3.4461,0.200003333,1,-1.1847021713877806,-0.45585342762089565,-0.02234232667600736,-0.2915811494644731,-0.5381249810720328,0.023899897115479688,0.018648343284148723,3
0.199833333,30.002,-14.106,3.3978,0.206896552,1,-1.3194390517079164,-0.5089635030180216,-0.021742648216895758,-0.3774864924000576,-0.4720474444865249,0.06867747152457014,0.016375515796244144,4
0.199833333,30.002,-13.839,3.4461,0.200003333,1,-1.1847021713877806,-0.5160701048187911,-0.02215138653758913,-0.38586016653571276,-0.4017026955797337,0.036823339872062204,0.016375515796244144,4
0.199833333,30.002,-14.106,3.3978,0.206896552,1,-1.3194390517079164,-0.469489667211019,-0.02225935522234067,-0.27061441995203495,-0.6001457733346615,0.0700010734211537,0.019111492552328854,3
0.199833333,30.002,-13.839,3.4461,0.200003333,1,-1.1847021713877806,-0.44099502692231907,-0.014662502036662773,-0.4083835642482154,-0.45696598415728656,0.015011681439355017,0.01479069601278752,5
0.199833333,30.002,-13.839,3.4461,0.200003333,1,-1.1847021713877806,-0.45585342762089565,-0.02234232667600736,-0.2915811494644731,-0.5381249810720328,0.023899897115479688,0.018648343284148723,3
0.199833333,30.002,-14.106,3.3978,0.206896552,1,-1.3194390517079164,-0.5089635030180216,-0.021742648216895758,-0.3774864924000576,-0.4720474444865249,0.06867747152457014,0.016375515796244144,4
0.199833333,30.002,-13.839,3.4461,0.200003333,1,-1.1847021713877806,-0.5160701048187911,-0.02215138653758913,-0.38586016653571276,-0.4017026955797337,0.036823339872062204,0.016375515796244144,4
0.199833333,30.002,-14.106,3.3978,0.206896552,1,-1.3194390517079164,-0.469489667211019,-0.02225935522234067,-0.27061441995203495,-0.6001457733346615,0.0700010734211537,0.019111492552328854,3
0.199833333,30.002,-14.106,3.3978,0.206896552,1,-1.3194390517079164,-0.4483272221381776,-0.013699790978571401,-0.4033579355175607,-0.49616178961005064,0.04718523249961436,0.015300779896788299,5
0.199833333,30.002,-13.839,3.4461,0.200003333,1,-1.1847021713877806,-0.41591412280627993,-0.018372743921354413,-0.36689925270795354,-0.4582526579499245,-0.0024720822082599627,0.009134218175895513,2
0.199833333,30.002,-13.839,3.4461,0.200003333,1,-1.1847021713877806,-0.4664822484840988,-0.016850893538212404,-0.3753754855901934,-0.45188937068916857,0.05466187909245491,0.019115635813213884,1
0.199833333,30.002,-13.839,3.4461,0.200003333,1,-1.1847021713877806,-0.41591412280627993,-0.018372743921354413,-0.36689925270795354,-0.4582526579499245,-0.0024720822082599627,0.009134218175895513,2
0.199833333,30.002,-13.839,3.4461,0.200003333,1,-1.1847021713877806,-0.44099502692231907,-0.014662502036662773,-0.4083835642482154,-0.45696598415728656,0.015011681439355017,0.01479069601278752,5
0.199833333,30.002,-14.106,3.3978,0.206896552,1,-1.3194390517079164,-0.46156520857475697,-0.018232606874080376,-0.39479531823424624,-0.4833439475065097,0.0664868480572477,0.019115635813213884,1
0.199833333,30.002,-13.839,3.4461,0.200003333,1,-1.1847021713877806,-0.4664822484840988,-0.016850893538212404,-0.3753754855901934,-0.45188937068916857,0.05466187909245491,0.019115635813213884,1
0.199833333,30.002,-14.106,3.3978,0.206896552,1,-1.3194390517079164,-0.42816029652196447,-0.016983858074527233,-0.34027032176672944,-0.5129464269336313,0.06115665576478932,0.009829252213239669,2
0.199833333,30.002,-14.106,3.3978,0.206896552,1,-1.3194390517079164,-0.46156520857475697,-0.018232606874080376,-0.39479531823424624,-0.4833439475065097,0.0664868480572477,0.019115635813213884,1
0.199833333,30.002,-14.106,3.3978,0.206896552,1,-1.3194390517079164,-0.42816029652196447,-0.016983858074527233,-0.34027032176672944,-0.5129464269336313,0.06115665576478932,0.009829252213239669,2
0.19983,2.002,-17.34,3.4046,0.206896552,1,-1.1782789513489003,-0.4220491160231177,0.03301986929262057,-0.48994414835935457,-0.461723435590975,0.045599178376141934,0.015382704888470471,5
0.19983,2.002,-17.34,3.4046,0.206896552,1,-1.1782789513489003,-0.4211021342477761,0.05064791470154887,-0.49876079452456906,-0.44495764886494726,0.06452443355112336,0.019115635813213884,1
0.19983,2.002,-17.34,3.4046,0.206896552,1,-1.1782789513489003,-0.433002810832113,0.03964022898580879,-0.5106910852110014,-0.4281173046887852,0.06222488767816685,0.016375515796244144,4
0.19983,2.002,-17.34,3.4046,0.206896552,1,-1.1782789513489003,-0.39348112973035315,0.048738893698900936,-0.4718095689261099,-0.4471884191548452,0.06050714518933091,0.009952634796500206,2
0.19983,2.002,-17.34,3.4046,0.206896552,1,-1.1782789513489003,-0.37863183690264124,0.03821041687042452,-0.4862871457543224,-0.5015127439110074,0.06303820537927095,0.019111492552328854,3
0.199826667,2.002,-17.705,3.3866,0.206906897,1,-1.2970987518508288,-0.4211021342477761,0.05064791470154887,-0.4923253434197977,-0.4559681905200705,0.06909952366142534,0.019115635813213884,1
0.199826667,2.002,-17.705,3.3866,0.206906897,1,-1.2970987518508288,-0.37863183690264124,0.03821041687042452,-0.48660584184806793,-0.5051777490938548,0.06303820537927095,0.0230951942037791,3
0.199826667,2.002,-17.705,3.3866,0.206906897,1,-1.2970987518508288,-0.4303152831422631,0.03301986929262057,-0.4900132356607355,-0.4628038308629766,0.05501482901861891,0.015382704888470471,5
0.199826667,2.002,-17.705,3.3866,0.206906897,1,-1.2970987518508288,-0.433002810832113,0.03964022898580879,-0.5065650900267065,-0.44538441848242655,0.07536600767052733,0.016375515796244144,4
0.199826667,2.002,-17.705,3.3866,0.206906897,1,-1.2970987518508288,-0.40412649779231286,0.048738893698900936,-0.4626565196266165,-0.46282547220122067,0.07763651829736773,0.009952634796500206,2
0.1998,30.004,-5.039,3.4252,0.206893103,1,-1.0897021607997006,-0.6115484613151057,-0.024864293965511024,-0.07535951410478446,-0.5078777199564501,0.06445495506632141,0.010544933779165148,2
0.1998,30.004,-5.039,3.4252,0.206893103,1,-1.0897021607997006,-0.5297602353690308,-0.03503824463812635,-0.1438209332060069,-0.5618036096100696,0.06933569542336045,0.019625971086788922,3
0.1998,30.004,-5.039,3.4252,0.206893103,1,-1.0897021607997006,-0.6547355542960577,-0.030666190343908967,-0.12214985471218824,-0.497798672944773,0.07301312889205291,0.016635889136232436,4
0.1998,30.004,-5.039,3.4252,0.206893103,1,-1.0897021607997006,-0.6547355542960577,-0.030666190343908967,-0.12214985471218824,-0.497798672944773,0.07301312889205291,0.016635889136232436,4
0.1998,30.004,-5.039,3.4252,0.206893103,1,-1.0897021607997006,-0.5956772874575108,-0.027790492171188817,-0.12614333455683663,-0.5557361238030717,0.06829466600436718,0.019317445307970048,1
0.1998,30.004,-5.039,3.4252,0.206893103,1,-1.0897021607997006,-0.6232266904925927,-0.019965017581125722,-0.11883935267105698,-0.5464834971539676,0.054269336941652,0.01611773665063083,5
0.1998,30.004,-5.039,3.4252,0.206893103,1,-1.0897021607997006,-0.5297602353690308,-0.03503824463812635,-0.1438209332060069,-0.5618036096100696,0.06933569542336045,0.019625971086788922,3
0.1998,30.004,-5.039,3.4252,0.206893103,1,-1.0897021607997006,-0.6115484613151057,-0.024864293965511024,-0.07535951410478446,-0.5078777199564501,0.06445495506632141,0.010544933779165148,2
0.1998,30.004,-5.039,3.4252,0.206893103,1,-1.0897021607997006,-0.6232266904925927,-0.019965017581125722,-0.11883935267105698,-0.5464834971539676,0.054269336941652,0.01611773665063083,5
0.1998,30.004,-5.039,3.4252,0.206893103,1,-1.0897021607997006,-0.5956772874575108,-0.027790492171188817,-0.12614333455683663,-0.5557361238030717,0.06829466600436718,0.019317445307970048,1
0.199733333,30.002,0.94626,3.4272,0.206896552,1,-1.0219415162000576,-0.6334250504942611,-0.02130993111990392,0.013045397368259729,-0.6037768888217397,0.06758959133177996,0.02094947180012241,1
0.199733333,30.002,0.94626,3.4272,0.206896552,1,-1.0219415162000576,-0.6593119520111941,-0.02277939167339355,0.03687345744576305,-0.5954921325597389,0.06812523269210942,0.01878398657310754,4
0.199733333,30.002,0.94626,3.4272,0.206896552,1,-1.0219415162000576,-0.6698321546800434,-0.01658533447771333,0.0550051957834512,-0.6011894812854007,0.048935313187539575,0.018739893399178982,5
0.199733333,30.002,0.94626,3.4272,0.206896552,1,-1.0219415162000576,-0.5716159450824488,-0.02481871937168762,0.026213990240939893,-0.5994378628896083,0.06640018505248008,0.022069936713669448,3
0.199733333,30.002,0.94626,3.4272,0.206896552,1,-1.0219415162000576,-0.6419819699553773,-0.01953462662640959,0.019120722691877746,-0.5631529032019899,0.06748400583746843,0.011923429295420647,2
0.1997,30.001,-5.2009,3.4169,0.206875862,1,-1.1041062526730696,-0.6052844449420809,-0.021387352226302028,-0.11903857409255579,-0.5613483774894849,0.07000617697834968,0.019317445307970048,1
0.1997,30.001,-5.2009,3.4169,0.206875862,1,-1.1041062526730696,-0.627137867747806,-0.013034397123847156,-0.11883935267105698,-0.5509897413291037,0.055756138069555164,0.01611773665063083,5
0.1997,30.001,-5.2009,3.4169,0.206875862,1,-1.1041062526730696,-0.627137867747806,-0.013034397123847156,-0.11883935267105698,-0.5509897413291037,0.055756138069555164,0.01611773665063083,5
0.1997,30.001,-5.2009,3.4169,0.206875862,1,-1.1041062526730696,-0.6573677329602652,-0.022876748912967742,-0.12214985471218824,-0.5048469682526775,0.07490416086046026,0.016635889136232436,4
0.1997,30.001,-5.2009,3.4169,0.206875862,1,-1.1041062526730696,-0.5405664982626331,-0.012007145227398723,-0.13216970739886164,-0.5918497381231282,0.06136117375193862,0.019625971086788922,3
0.1997,30.001,-5.2009,3.4169,0.206875862,1,-1.1041062526730696,-0.6573677329602652,-0.022876748912967742,-0.12214985471218824,-0.5048469682526775,0.07490416086046026,0.016635889136232436,4
0.1997,30.001,-5.2009,3.4169,0.206875862,1,-1.1041062526730696,-0.5405664982626331,-0.012007145227398723,-0.13216970739886164,-0.5918497381231282,0.06136117375193862,0.019625971086788922,3
0.1997,30.001,-5.2009,3.4169,0.206875862,1,-1.1041062526730696,-0.6052844449420809,-0.021387352226302028,-0.11903857409255579,-0.5613483774894849,0.07000617697834968,0.019317445307970048,1
0.1997,30.001,-5.2009,3.4169,0.206875862,1,-1.1041062526730696,-0.6115484613151057,-0.01953462662640959,-0.07568625760322903,-0.5202500573685392,0.05400199471856468,0.010544933779165148,2
0.1997,30.001,-5.2009,3.4169,0.206875862,1,-1.1041062526730696,-0.6115484613151057,-0.01953462662640959,-0.07568625760322903,-0.5202500573685392,0.05400199471856468,0.010544933779165148,2
0.199466667,30.003,-7.9514,3.4425,0.0,1,-1.2111152561369698,-0.4477755061376956,-0.02583706285338849,-0.2357263930211775,-0.5110980452992954,-0.1486910397245083,0.01789748152019456,3
0.199466667,30.003,-7.9514,3.4425,0.0,1,-1.2111152561369698,-0.5077310371724889,-0.017233431304339318,-0.23353182575665415,-0.46074126929976045,-0.12635939476662317,0.014029647489078343,5
0.199466667,30.003,-7.9514,3.4425,0.0,1,-1.2111152561369698,-0.4880397977156099,-0.026580255888402463,-0.24161034176824614,-0.4164631273644045,-0.16969863506266847,0.015588982347398996,4
0.199466667,30.003,-7.9514,3.4425,0.0,1,-1.2111152561369698,-0.44515795555518706,-0.02446306652505882,-0.2212622981215827,-0.48970994028728454,-0.1546816405840218,0.017965428787283598,1
0.199466667,30.003,-7.9514,3.4425,0.0,1,-1.2111152561369698,-0.48549579231010287,-0.024005076810717584,-0.18850247473455967,-0.42439409740734846,-0.17760446059051901,0.008767246860079467,2
0.199433333,30.002,-8.7162,3.439,0.0,1,-1.2476251626508834,-0.43622429152572295,-0.02088994345278479,-0.24208269325783477,-0.49264810257125646,-0.15535485210595654,0.017965428787283598,1
0.199433333,30.002,-8.7162,3.439,0.0,1,-1.2476251626508834,-0.4712730634509353,-0.022033315142616628,-0.2575334233883768,-0.41797423745505513,-0.17247285093646497,0.008767246860079467,2
0.199433333,30.002,-8.7162,3.439,0.0,1,-1.2476251626508834,-0.4809850338695105,-0.02453635763376951,-0.2669246466015466,-0.4417279249988496,-0.17001406958093868,0.017886984338983895,4
0.199433333,30.002,-8.7162,3.439,0.0,1,-1.2476251626508834,-0.4435269336056081,-0.022028780938126147,-0.25251669755671174,-0.5002172134292777,-0.15083842131891287,0.01789748152019456,3
0.199433333,30.002,-8.7162,3.439,0.0,1,-1.2476251626508834,-0.49552883630851285,-0.015731349925044925,-0.25918151206104084,-0.4540483508910984,-0.1280422494618688,0.014029647489078343,5
0.151937112,10.002,4.1287,3.0137,9.913,3,-1.4631465437530549,-0.704248138689436,-0.003471429154742509,0.15962145351804793,-0.8206163952499628,0.023397755066398532,-0.09677055459469557,5
0.151937112,10.002,4.1287,3.0137,9.913,3,-1.4631465437530549,-0.6615748989535496,0.007770313731161878,0.13184567955788226,-0.9177370496850926,0.06154852171632228,-0.11778637621086091,3
0.151937112,10.002,4.1287,3.0137,9.913,3,-1.4631465437530549,-0.6837947077187709,-0.0036208364274352787,0.14720221764873714,-0.918427485707216,0.03493148683046456,-0.1028029173053801,4
0.151937112,10.002,4.1287,3.0137,9.913,3,-1.4631465437530549,-0.6614444946730509,-0.008056593821384012,0.15459451546368655,-0.6763594309473411,0.14219833050272426,-0.05216750488150865,2
0.151937112,10.002,4.1287,3.0137,9.913,3,-1.4631465437530549,-0.709006039572414,0.0001844634665758349,0.15105726192938163,-0.8750962389400229,-0.011856358530931175,-0.08518825529143215,1
0.150997298,10.002,3.3451,3.199,6.000861905,3,-1.5029275820431425,-0.8006490116706118,-0.003471429154742509,0.05143957583699375,-0.6880098752025515,0.014935004115104676,-0.09715514810755849,5
0.150997298,10.002,3.3451,3.199,6.000861905,3,-1.5029275820431425,-0.6618153767893091,0.0048325786308851095,0.07036625936161726,-0.8911841120861936,0.06527969359623967,-0.11778637621086091,3
0.150997298,10.002,3.3451,3.199,6.000861905,3,-1.5029275820431425,-0.7044576990953647,-0.0013397395450738259,0.06333143640542403,-0.7573074013716541,-0.02051606183871627,-0.09701686788350344,1
0.150997298,10.002,3.3451,3.199,6.000861905,3,-1.5029275820431425,-0.7186881527188234,-0.004850836209952831,0.03979654472786933,-0.7829939350484346,0.043547679124749265,-0.1028029173053801,4
0.150997298,10.002,3.3451,3.199,6.000861905,3,-1.5029275820431425,-0.6575747021799907,-0.008056593821384012,0.12665103796345648,-0.6945824888767674,0.14219833050272426,-0.05216750488150865,2
0.150962487,10.003,3.9069,3.0973,9.00257619,3,-1.49319981323662,-0.6575747021799907,-0.008056593821384012,0.12665103796345648,-0.6945824888767674,0.14219833050272426,-0.05216750488150865,2
0.150962487,10.003,3.9069,3.0973,9.00257619,3,-1.49319981323662,-0.6532982627907767,0.0015603361499961466,0.0904068985953927,-0.9141070866503287,0.06527969359623967,-0.11778637621086091,3
0.150962487,10.003,3.9069,3.0973,9.00257619,3,-1.49319981323662,-0.7840469607943669,-0.00271362298168242,0.13529593022074551,-0.802071126550436,0.0036209590756334366,-0.11808236861601472,5
0.150962487,10.003,3.9069,3.0973,9.00257619,3,-1.49319981323662,-0.7126508343941532,-0.004033261428412515,0.1270656279590912,-0.8819228769629263,-0.011856358530931175,-0.08518825529143215,1
0.150962487,10.003,3.9069,3.0973,9.00257619,3,-1.49319981323662,-0.6837947077187709,-0.0036208364274352787,0.12720738139702006,-0.8984326505986974,0.03493148683046456,-0.1028029173053801,4
0.150475137,10.002,2.5852,3.309,3.00025,3,-1.4675754466243172,-0.682279518567957,0.003971137803746388,0.03682620242470876,-0.7064130626630504,0.07483005614689318,-0.11778637621086091,3
0.150475137,10.002,2.5852,3.309,3.00025,3,-1.4675754466243172,-0.6958757050870917,-0.0013397395450738259,0.05993580891052261,-0.6842443503509276,-0.015384133951738477,-0.09701686788350344,1
0.150475137,10.002,2.5852,3.309,3.00025,3,-1.4675754466243172,-0.792192379287444,-0.003471429154742509,0.03172882649581879,-0.6060834441985935,0.016333322506397963,-0.09715514810755849,5
0.150475137,10.002,2.5852,3.309,3.00025,3,-1.4675754466243172,-0.6606429290538653,-0.013315015383996069,0.0602380933141103,-0.6789456937974319,0.13234636145061812,-0.05216750488150865,2
0.150475137,10.002,2.5852,3.309,3.00025,3,-1.4675754466243172,-0.7117980330321007,0.0009185210778377951,0.041950577679090204,-0.6874400943469664,0.053659887471003455,-0.1028029173053801,4
0.150166667,30.003,40.817,3.4106,0.206889655,1,-0.463559636853159,-0.42678129132371395,-0.04558212172938511,0.8559718958404846,-0.619689698566217,0.04265221722307615,0.01161293463781476,2
0.150166667,30.003,40.817,3.4106,0.206889655,1,-0.463559636853159,-0.49621166422584795,-0.0516836297523696,0.8016914104297758,-0.5882990401494317,0.06737223331350833,0.013766533799935133,1
0.150166667,30.003,40.817,3.4106,0.206889655,1,-0.463559636853159,-0.4678337409265805,-0.04513051417190581,0.9337213954306207,-0.48386277580168097,0.06337746280594729,0.014536536987870932,4
0.150166667,30.003,40.817,3.4106,0.206889655,1,-0.463559636853159,-0.5736821965989657,-0.034096074340632186,0.7837989977560937,-0.5930493127088994,0.049348160448716955,0.017581551112234594,5
0.150166667,30.003,40.817,3.4106,0.206889655,1,-0.463559636853159,-0.4416705147133325,-0.07999696896411479,0.806518028016435,-0.7000357655785047,0.06370536187489051,0.016413927954854444,3
0.150153869,2.002,26.948,3.3817,0.99988619,2,0.4526610042624374,-0.45625460442621263,0.06038257064064965,0.8643623497453519,-0.43450958353467284,0.0796164499031147,-0.053370679854415355,4
0.150153869,2.002,26.948,3.3817,0.99988619,2,0.4526610042624374,-0.6321173200558405,0.05746285105124116,0.7343313640588894,-0.5576633265195414,0.016428861223394053,-0.0711918141040951,5
0.150153869,2.002,26.948,3.3817,0.99988619,2,0.4526610042624374,-0.42971765901660547,0.07705235752277076,0.793793088288512,-0.5382856221916154,0.12740048824693076,-0.04854326163418591,2
0.150153869,2.002,26.948,3.3817,0.99988619,2,0.4526610042624374,-0.44684850194258613,0.10130098965862999,0.8396676449268125,-0.5405169453541748,0.06067951885401271,-0.059373854203149674,1
0.150153869,2.002,26.948,3.3817,0.99988619,2,0.4526610042624374,-0.4946722985105589,0.08883588637923821,0.8473542930791155,-0.6167690580070484,0.06921350851014722,-0.0654697394836694,3
0.150127056,10.001,1.2674,3.3933,1.00012381,3,-1.3976225075237556,-0.8002107314334717,-0.001412328751757741,0.03987964164931327,-0.5566638621455059,0.016333322506397963,-0.09715514810755849,5
0.150127056,10.001,1.2674,3.3933,1.00012381,3,-1.3976225075237556,-0.6706899333884939,0.014590454966528341,0.007734751168172806,-0.6936941085208673,0.0368276166144642,-0.12905958596151323,3
0.150127056,10.001,1.2674,3.3933,1.00012381,3,-1.3976225075237556,-0.7133324061683379,0.0021707158419303598,0.04274742870591581,-0.5456926686198859,0.08061483139521443,-0.1028029173053801,4
0.150127056,10.001,1.2674,3.3933,1.00012381,3,-1.3976225075237556,-0.7049450040957891,0.0036708763960632495,0.06046784188132733,-0.6464247496216557,-0.014533037249930204,-0.09179968840908259,1
0.150127056,10.001,1.2674,3.3933,1.00012381,3,-1.3976225075237556,-0.6542084537213668,0.0008754283795133233,0.024163241311325693,-0.5431358000123874,0.13071856900467538,-0.04926079731900245,2
0.1501,30.002,10.555,3.3865,0.206893103,1,-1.0657120899547912,-0.7326126156072132,-0.02943355481605977,0.18895387755474075,-0.6319996725860983,0.06875152329099364,0.02208431055303663,4
0.1501,30.002,10.555,3.3865,0.206893103,1,-1.0657120899547912,-0.7086473810765892,-0.024035907204961404,0.31624552672263234,-0.6450803931616247,0.051559214813169094,0.020079098101705314,5
0.1501,30.002,10.555,3.3865,0.206893103,1,-1.0657120899547912,-0.665743838888593,-0.028464757420588283,0.30675863346084953,-0.7105131924408488,0.06383735015057028,0.017532300900202243,1
0.1501,30.002,10.555,3.3865,0.206893103,1,-1.0657120899547912,-0.5825135875333217,-0.040700894834008065,0.35188129293266684,-0.7211340450134593,0.06633683028339873,0.024844055268913506,3
0.1501,30.002,10.555,3.3865,0.206893103,1,-1.0657120899547912,-0.6774233776377514,-0.026337181525304912,0.18728320127993356,-0.6489357074396684,0.0495558729430195,0.013282102001830935,2
0.150033333,30.003,-5.4482,3.3597,0.206886207,1,-1.093557209419298,-0.6827312121144495,-0.026879483317025006,-0.08798866213299333,-0.5300897723739035,0.07318766078213229,0.018933891127817334,4
0.150033333,30.003,-5.4482,3.3597,0.206886207,1,-1.093557209419298,-0.6130833632469875,-0.02245177880860865,-0.0628058880433673,-0.5660579806100577,0.059984349858714266,0.010544933779165148,2
0.150033333,30.003,-5.4482,3.3597,0.206886207,1,-1.093557209419298,-0.6583845273172483,-0.019965017581125722,-0.11608181786723434,-0.547079362925142,0.05571320659480989,0.020735489623621105,5
0.150033333,30.003,-5.4482,3.3597,0.206886207,1,-1.093557209419298,-0.6583845273172483,-0.019965017581125722,-0.11608181786723434,-0.547079362925142,0.05571320659480989,0.020735489623621105,5
0.150033333,30.003,25.53,3.4043,0.206886207,1,-0.7627516071996099,-0.6449635103088803,-0.04513051417190581,0.587614191302564,-0.6073011154402047,0.06584772898466326,0.014881142657250166,4
0.150033333,30.002,26.034,3.4246,0.206889655,1,-0.6934388937857044,-0.6389213307722821,-0.04528048980748281,0.7074004709790461,-0.5673706256761215,0.0660469390777871,0.013766533799935133,1
0.150033333,30.002,26.034,3.4246,0.206889655,1,-0.6934388937857044,-0.5382942331279628,-0.0401343184383586,0.8501036478462629,-0.482651635222137,0.06738065252662637,0.014881142657250166,4
0.150033333,30.003,25.53,3.4043,0.206886207,1,-0.7627516071996099,-0.532923315516673,-0.04558212172938511,0.5775750035140663,-0.6789810010208748,0.045979060305980965,0.013501403965055942,2
0.150033333,30.002,26.034,3.4246,0.206889655,1,-0.6934388937857044,-0.4522018942516297,-0.0461381022981368,0.7697443587519228,-0.5514984144945629,0.055821720733074474,0.01161293463781476,2
0.150033333,30.003,25.53,3.4043,0.206886207,1,-0.7627516071996099,-0.6340114065547823,-0.05010186052066274,0.6396798429870978,-0.6294852980016731,0.06360695886891335,0.013766533799935133,1
0.150033333,30.003,-5.4482,3.3597,0.206886207,1,-1.093557209419298,-0.5614498558620107,-0.031617317830678074,-0.1088377503096126,-0.6512524618278257,0.07031436196732102,0.02360967273823917,3
0.150033333,30.003,-5.4482,3.3597,0.206886207,1,-1.093557209419298,-0.6130833632469875,-0.02245177880860865,-0.0628058880433673,-0.5660579806100577,0.059984349858714266,0.010544933779165148,2
0.150033333,30.003,25.53,3.4043,0.206886207,1,-0.7627516071996099,-0.6689028143440373,-0.034096074340632186,0.5872857346851379,-0.6174111613631248,0.04967838805285282,0.017581551112234594,5
0.150033333,30.002,26.034,3.4246,0.206889655,1,-0.6934388937857044,-0.4845772492935066,-0.07248531611636282,0.7322086609562394,-0.645128837727243,0.06484410913020838,0.015893569892505184,3
0.150033333,30.003,25.53,3.4043,0.206886207,1,-0.7627516071996099,-0.5325784133610432,-0.07999696896411479,0.6216563855635467,-0.7356628808495589,0.06263948082749266,0.015893569892505184,3
0.150033333,30.002,26.034,3.4246,0.206889655,1,-0.6934388937857044,-0.6371837731846608,-0.030716391237219795,0.6553146538510919,-0.6012785489484668,0.05047472155769356,0.017581551112234594,5
0.150033333,30.003,-5.4482,3.3597,0.206886207,1,-1.093557209419298,-0.5614498558620107,-0.031617317830678074,-0.1088377503096126,-0.6512524618278257,0.07031436196732102,0.02360967273823917,3
0.150033333,30.003,-5.4482,3.3597,0.206886207,1,-1.093557209419298,-0.6827312121144495,-0.026879483317025006,-0.08798866213299333,-0.5300897723739035,0.07318766078213229,0.018933891127817334,4
0.150033333,30.003,-5.4482,3.3597,0.206886207,1,-1.093557209419298,-0.6250862097842037,-0.02687357415794395,-0.08456259509781376,-0.5809671976557002,0.07057372281327844,0.019317445307970048,1
0.150033333,30.003,-5.4482,3.3597,0.206886207,1,-1.093557209419298,-0.6250862097842037,-0.02687357415794395,-0.08456259509781376,-0.5809671976557002,0.07057372281327844,0.019317445307970048,1
0.150009464,10.002,-17.233,3.4637,0.0,2,-1.6071341262745733,-0.4423728505615145,-0.002890361128374934,-0.47439586648019033,-0.3757096808077767,-0.11875503167393617,-0.06694018745562062,5
0.150009464,10.002,-17.233,3.4637,0.0,2,-1.6071341262745733,-0.4169563270252547,-0.0016335692201391793,-0.4781923975259997,-0.36882736508501696,-0.15327035324531607,-0.06826134301256388,1
0.150009464,10.002,-17.233,3.4637,0.0,2,-1.6071341262745733,-0.4409641473076772,-0.0010810221079736947,-0.5096747341868467,-0.32833973727189003,-0.15684994196053595,-0.058891906212084,4
0.150009464,10.002,-17.233,3.4637,0.0,2,-1.6071341262745733,-0.3771051775617525,0.00036136934417299924,-0.4868817807501182,-0.4082781602058094,-0.14378192887990734,-0.05903134720167145,3
0.150009464,10.002,-17.233,3.4637,0.0,2,-1.6071341262745733,-0.3735807998874225,-0.007440449907444417,-0.4800562055548653,-0.35976238798582927,-0.17034156206063927,-0.02903217204846442,2
0.150002153,10.002,2.8281,3.4203,0.0,2,-1.284196704428953,-0.6911405595066026,-0.00699563420843333,0.056777086826041344,-0.5276095697958954,-0.10215732512646354,-0.08797095749294385,5
0.150002153,10.002,2.8281,3.4203,0.0,2,-1.284196704428953,-0.5907672397210263,-0.0006684574799146504,0.041516993201803416,-0.59566338679404,-0.13718914768309332,-0.08267415809677914,3
0.150002153,10.002,2.8281,3.4203,0.0,2,-1.284196704428953,-0.5922370358835906,-0.009743007093202322,0.05816798425745219,-0.5359315217123367,-0.15860518399393186,-0.045930764176882806,2
0.150002153,10.002,2.8281,3.4203,0.0,2,-1.284196704428953,-0.6217813659258536,-0.0019974710352835246,0.07694015321554616,-0.6051917717792094,-0.14051366359461098,-0.09047993843443691,1
0.150002153,10.002,2.8281,3.4203,0.0,2,-1.284196704428953,-0.6768917952978518,-0.0016932434483896942,0.05556646247860044,-0.49685914969522854,-0.15566891552356538,-0.08040302278473974,4
0.150001986,10.002,42.761,3.4165,0.0,2,0.5095700341039073,-0.4595101860840805,0.009497997701400892,1.012447682050988,-0.349625822706148,-0.13721437099331524,-0.04851521569304168,4
0.150001986,10.002,42.761,3.4165,0.0,2,0.5095700341039073,-0.5594115798431448,0.0015444723283872008,0.8055576209211722,-0.499021027807612,-0.10236107604461722,-0.06505937981186434,5
0.150001986,10.002,42.761,3.4165,0.0,2,0.5095700341039073,-0.562603739973565,0.01771626606961945,0.8126158427447081,-0.4835587862483226,-0.1456178417475894,-0.05283692475408316,1
0.150001986,10.002,42.761,3.4165,0.0,2,0.5095700341039073,-0.4156891839392483,0.024890421233139934,0.902866565512959,-0.5176870412298012,-0.12389390500378795,-0.053985017841914666,3
0.150001986,10.002,42.761,3.4165,0.0,2,0.5095700341039073,-0.377292263021227,0.00544737127609551,0.9678160338033922,-0.44226260427152736,-0.13446029091021047,-0.0418459256272763,2
0.150000088,10.002,27.884,3.4358,0.0,2,0.012270403308344861,-0.46937187702627853,0.00544737127609551,0.8837254230049438,-0.40747114227386194,-0.12733873284189032,-0.0418459256272763,2
0.150000088,10.002,27.884,3.4358,0.0,2,0.012270403308344861,-0.4289472292456776,0.022767107766121626,0.9082710668444633,-0.43866988077294083,-0.12389390500378795,-0.053985017841914666,3
0.150000088,10.002,27.884,3.4358,0.0,2,0.012270403308344861,-0.53910103547154,0.0015444723283872008,0.8548044135607779,-0.3904783877939917,-0.10236107604461722,-0.06505937981186434,5
0.150000088,10.002,27.884,3.4358,0.0,2,0.012270403308344861,-0.562603739973565,0.01771626606961945,0.808897585272789,-0.4491759367636405,-0.143876038948074,-0.05283692475408316,1
0.150000088,10.002,27.884,3.4358,0.0,2,0.012270403308344861,-0.48814856773125936,0.009497997701400892,0.9042893623467535,-0.3672893749177456,-0.1444991883885814,-0.048773669945076106,4
0.15,2.002,11.226,3.3812,0.206896552,1,-0.9867966486253065,-0.697988161300309,0.06868907937314361,0.26157526368275286,-0.6608364994009025,0.0704446997900959,0.01378110410645604,2
0.15,2.003,25.194,3.3986,0.206896552,1,-0.3022393908527726,-0.6200700042909011,0.07763959519099445,0.5534045930067077,-0.6587428116286174,0.06690296554821544,0.013624786548316479,2
0.15,10.004,40.709,3.4139,0.206896552,1,0.01007258565740592,-0.5082222538723726,-0.03114348730770871,0.7846229359647259,-0.7009889244067017,0.06645427337673027,0.016413927954854444,3
0.15,10.002,1.7928,3.3875,0.206889655,1,-1.0333866279599049,-0.6647739963280037,-0.008028754633851349,0.09367158372828271,-0.6367491812934167,0.060238885980797935,0.012621644604951143,2
0.15,10.004,10.365,3.4016,0.2069,1,-0.8188884846363249,-0.7155726692918688,0.0018956255237571895,0.29160086924210193,-0.6084431064827368,0.05066891215043143,0.020079098101705314,5
0.15,10.003,10.887,3.3966,0.2069,1,-0.9281474295827712,-0.771807606422808,0.005617953951004892,0.2767863983963616,-0.6303607094241306,0.06880717374035157,0.019143849997781216,4
0.15,10.003,10.887,3.3966,0.2069,1,-0.9281474295827712,-0.7125585583318025,0.0018956255237571895,0.323369268681854,-0.6449648221908137,0.05240811868803576,0.020079098101705314,5
0.15,10.004,10.365,3.4016,0.2069,1,-0.8188884846363249,-0.6673246173141524,-0.012572428459243383,0.28658056559972467,-0.6667607608437538,0.06530917202122509,0.017532300900202243,1
0.15,10.004,10.365,3.4016,0.2069,1,-0.8188884846363249,-0.7553187088272534,0.004330652356147766,0.2195850249310024,-0.6303607094241306,0.07061095672775991,0.02208431055303663,4
0.15,30.003,40.006,3.4266,0.103448276,1,-0.3606373757347259,-0.5097932306770235,-0.04884512967895716,0.8320235482999123,-0.4988132645911537,0.0018702892202418298,0.010917900600470603,2
0.15,10.004,40.709,3.4139,0.206896552,1,0.01007258565740592,-0.629283377607353,-0.029388160846137906,0.7561305442755111,-0.5756921411212533,0.06841037813108414,0.013766533799935133,1
0.15,10.003,10.887,3.3966,0.2069,1,-0.9281474295827712,-0.6989382727956399,-0.004403372595552355,0.25426087238360195,-0.6493074577883817,0.07143861543736421,0.01370837852358818,2
0.15,10.004,40.709,3.4139,0.206896552,1,0.01007258565740592,-0.5107715247711166,-0.020384192259516567,0.8615202120435425,-0.5413666290673427,0.06900009587290697,0.01161293463781476,2
0.15,10.004,40.709,3.4139,0.206896552,1,0.01007258565740592,-0.6528089258319233,0.007688984144479037,0.8615925507317297,-0.4861992355622351,0.06676981978467665,0.014536536987870932,4
0.15,30.002,40.746,3.4118,0.206889655,1,-0.2811357213638832,-0.5061339200011571,-0.06803508375305682,0.7672974984731991,-0.701832888313802,0.06526135108724702,0.016413927954854444,3
0.15,30.003,40.006,3.4266,0.103448276,1,-0.3606373757347259,-0.4655684190618922,-0.07309464486781508,0.8318658325343858,-0.5460173260839656,0.012474324505892581,0.015950778686674313,3
0.15,2.003,25.194,3.3986,0.206896552,1,-0.3022393908527726,-0.5887166953369161,0.0743241251911968,0.5808981221495196,-0.6820355957199353,0.0659078163356753,0.015893569892505184,3
0.15,2.003,1.6366,3.3713,0.206903448,1,-1.151974734735963,-0.7073700814007315,0.04925044447882101,0.06681956702377648,-0.6153609156934544,0.05272006395272911,0.023439571363851427,5
0.15,10.002,1.7928,3.3875,0.206889655,1,-1.0333866279599049,-0.6430023616368998,0.004279026308795437,0.05208029355155304,-0.7249819696519989,0.06735991249530343,0.02705719186924398,3
0.15,2.003,1.6366,3.3713,0.206903448,1,-1.151974734735963,-0.7241104864119552,0.0482637158758007,0.10837730170693248,-0.6682786131602189,0.07118065904534887,0.02208431055303663,4
0.15,2.003,40.186,3.4037,0.206889655,1,0.25751031892396126,-0.6032753796305041,0.05779055101564154,0.7879167380509898,-0.5961250019306317,0.05140555041492917,0.017663476103916765,5
0.15,2.002,11.226,3.3812,0.206896552,1,-0.9867966486253065,-0.5974059850981576,0.056710984518285844,0.36035428107250483,-0.7224882800469641,0.06832152359362226,0.025115703204646705,3
0.15,2.002,11.226,3.3812,0.206896552,1,-0.9867966486253065,-0.6546103284158744,0.06747533827467123,0.3327773645869456,-0.7114707600139082,0.06409941464546137,0.017532300900202243,1
0.15,2.003,25.194,3.3986,0.206896552,1,-0.3022393908527726,-0.6894896088226232,0.05779055101564154,0.5498298854473979,-0.6350720716314391,0.05173577801906504,0.018090164614841343,5
0.15,10.004,10.365,3.4016,0.2069,1,-0.8188884846363249,-0.6889234401891008,-0.011259134849533439,0.19850449591118377,-0.6060822188248858,0.07034088556072675,0.013282102001830935,2
0.15,10.003,10.887,3.3966,0.2069,1,-0.9281474295827712,-0.5965700109562022,0.010273374125827104,0.3600777983199805,-0.7161744944157544,0.06888218505482654,0.02113200155319646,3
0.15,10.004,10.365,3.4016,0.2069,1,-0.8188884846363249,-0.6030640777389635,-0.013559036958031356,0.2480058770580217,-0.6695254071441014,0.06714148805680452,0.02086035361746326,3
0.15,2.003,25.194,3.3986,0.206896552,1,-0.3022393908527726,-0.6022635580017232,0.09327046894381055,0.6766408271761611,-0.6255035103298724,0.06343534631072544,0.01344254455761984,1
0.15,2.003,1.6366,3.3713,0.206903448,1,-1.151974734735963,-0.6670829919306561,0.05653757308609784,0.07994293653813657,-0.6619006001832894,0.06746082788216881,0.012694370187819003,2
0.15,2.003,40.186,3.4037,0.206889655,1,0.25751031892396126,-0.5056731326508452,0.08671257291221991,0.8374148675845936,-0.670915547722252,0.06724604439747055,0.016413927954854444,3
0.15,2.003,40.186,3.4037,0.206889655,1,0.25751031892396126,-0.5212985479552299,0.07763959519099445,0.8202857514820061,-0.6199979400634765,0.04279110984760336,0.011736317221075297,2
0.15,2.003,1.6366,3.3713,0.206903448,1,-1.151974734735963,-0.6439786305002053,0.04859136697719805,0.07405358029296621,-0.7464709462330211,0.06652690401970177,0.02705719186924398,3
0.15,30.002,40.746,3.4118,0.206889655,1,-0.2811357213638832,-0.6034190874476917,-0.030716391237219795,0.7663344748876989,-0.5975555568840355,0.05047472155769356,0.017581551112234594,5
0.15,10.004,40.709,3.4139,0.206896552,1,0.01007258565740592,-0.607330264702905,0.005819084399845451,0.7840621594665572,-0.5974399859132246,0.05132362543256022,0.017581551112234594,5
0.15,10.003,10.887,3.3966,0.2069,1,-0.9281474295827712,-0.6681942542735487,0.00436171021690825,0.34828207816462964,-0.6930420759506524,0.06565643412061035,0.017532300900202243,1
0.15,2.003,40.186,3.4037,0.206889655,1,0.25751031892396126,-0.6544208677730058,0.056557590409647675,0.8292793294577859,-0.532884552385658,0.06581397119851318,0.014536536987870932,4
0.15,10.002,1.7928,3.3875,0.206889655,1,-1.0333866279599049,-0.6718588010975509,0.0026837573686498218,0.10731777986045926,-0.6886736812931485,0.07040360163431615,0.0225470673921518,1
0.15,30.003,40.006,3.4266,0.103448276,1,-0.3606373757347259,-0.6224510934352293,-0.04989601099747233,0.7747655454953201,-0.5154335737065412,0.05102954855188727,0.013766533799935133,1
0.15,30.002,40.746,3.4118,0.206889655,1,-0.2811357213638832,-0.6289309064074768,-0.04528048980748281,0.7212391289230436,-0.6138462294801138,0.06816686348523944,0.013766533799935133,1
0.15,2.003,25.194,3.3986,0.206896552,1,-0.3022393908527726,-0.7248486040323041,0.056557590409647675,0.568646540294867,-0.6131909570610151,0.06828423737722915,0.014881142657250166,4
0.15,30.003,40.006,3.4266,0.103448276,1,-0.3606373757347259,-0.6735871655179654,-0.036164765967987476,0.8010560599179007,-0.4686465184483677,0.034758961448678745,0.014536536987870932,4
0.15,10.002,1.7928,3.3875,0.206889655,1,-1.0333866279599049,-0.723094830007758,0.00091894960263744,0.10952490073628723,-0.6147638526510855,0.07164151530829259,0.02208431055303663,4
0.15,2.002,11.226,3.3812,0.206896552,1,-0.9867966486253065,-0.7728232628270052,0.0531992586213164,0.27854814544552936,-0.6291461723251268,0.06844761054206173,0.019143849997781216,4
0.15,2.003,1.6366,3.3713,0.206903448,1,-1.151974734735963,-0.6585385466669686,0.06209042784961639,0.10816651133121923,-0.688109554213006,0.06761827493435703,0.0225470673921518,1
0.15,30.002,40.746,3.4118,0.206889655,1,-0.2811357213638832,-0.5114903370616958,-0.041562761345412584,0.7954942247015424,-0.623119760316331,0.04371393503504805,0.01161293463781476,2
0.15,30.003,40.006,3.4266,0.103448276,1,-0.3606373757347259,-0.5783001440460793,-0.03318118367460556,0.806513068950735,-0.5196618585195393,0.010961940531851724,0.017071467228233814,5
0.15,10.002,1.7928,3.3875,0.206889655,1,-1.0333866279599049,-0.7114249664731324,-0.002966797121334821,0.06367001430597156,-0.6158889488643036,0.051310011697933075,0.023439571363851427,5
0.15,30.002,40.746,3.4118,0.206889655,1,-0.2811357213638832,-0.6540785675833467,-0.033712129392661154,0.8119574444764294,-0.5371969383163377,0.0649103863479104,0.014536536987870932,4
0.15,2.003,40.186,3.4037,0.206889655,1,0.25751031892396126,-0.59154911077203,0.10130098965862999,0.7778736170032061,-0.6148037970531732,0.06842892798013053,0.013766533799935133,1
0.15,2.002,11.226,3.3812,0.206896552,1,-0.9867966486253065,-0.7085036732594017,0.05386709213955328,0.3272238472662866,-0.6436498382082209,0.052490043670404704,0.020161023093387485,5
0.149987902,10.004,1.1386,3.4564,0.0,3,-1.27491817172441,-0.708960728434613,-0.007273188929539174,0.07713661288609729,-0.43735347383641054,-0.15117515813733917,-0.09820590739604086,4
0.149987902,10.004,1.1386,3.4564,0.0,3,-1.27491817172441,-0.739226626730524,-0.004988471893593669,0.05077096454333514,-0.4852123376741656,-0.10150192493223585,-0.08971191393677146,5
0.149987902,10.004,1.1386,3.4564,0.0,3,-1.27491817172441,-0.6158267773757689,-0.01681182871805504,0.023766449224203824,-0.5071400209935382,-0.16243641953682528,-0.04111973681952805,2
0.149987902,10.004,1.1386,3.4564,0.0,3,-1.27491817172441,-0.639498341169674,-0.011258336321334354,0.039308461698237804,-0.5715402661275584,-0.13238601655350066,-0.10450832295464352,3
0.149987902,10.004,1.1386,3.4564,0.0,3,-1.27491817172441,-0.6182880263295374,-0.011352454519656021,0.06754375874763355,-0.575253938427195,-0.1498600343661383,-0.08526275896001607,1
0.149978267,10.002,-7.2743,3.4322,0.0,2,-1.4955688995042211,-0.517493123288732,-0.0026104295981349422,-0.2132568359700963,-0.5199842046794947,-0.1523055973893497,-0.05903134720167145,3
0.149978267,10.002,-7.2743,3.4322,0.0,2,-1.4955688995042211,-0.5545065486448584,-0.009743007093202322,-0.1390567176276818,-0.4632972265803255,-0.16610435517970473,-0.02903217204846442,2
0.149978267,10.002,-7.2743,3.4322,0.0,2,-1.4955688995042211,-0.596025135582313,-0.00699563420843333,-0.19599972694646567,-0.4826504211593419,-0.1240088792250026,-0.06694018745562062,5
0.149978267,10.002,-7.2743,3.4322,0.0,2,-1.4955688995042211,-0.5214112237057997,-0.0032899277764954606,-0.20886492399731652,-0.5041932031023316,-0.15278918752796017,-0.06826134301256388,1
0.149978267,10.002,-7.2743,3.4322,0.0,2,-1.4955688995042211,-0.5882284171239007,-0.003146318228682503,-0.2013345596101135,-0.4403286308469251,-0.16860546770039947,-0.058891906212084,4
0.149967203,10.002,12.877,3.3979,0.0,2,-1.115087184228203,-0.64436974582728,0.005491694181109778,0.35099962262203915,-0.620509646035498,-0.13229934361588674,-0.07440521789016202,3
0.149967203,10.002,12.877,3.3979,0.0,2,-1.115087184228203,-0.754802048568381,0.0023146856820676475,0.2900827016076073,-0.5163860692083836,-0.14566448175988625,-0.06739148477092385,4
0.149967203,10.002,12.877,3.3979,0.0,2,-1.115087184228203,-0.739416237086989,-0.0023789865477010608,0.37869498690590264,-0.5488327453727834,-0.10480714958976023,-0.07664841037942097,5
0.149967203,10.002,12.877,3.3979,0.0,2,-1.115087184228203,-0.7000247624129406,0.000391212965187151,0.4632804096187465,-0.5922845849650912,-0.13820268005132674,-0.06785823401995003,1
0.149967203,10.002,12.877,3.3979,0.0,2,-1.115087184228203,-0.6933053833059967,-0.0063463920913636685,0.25464285901747646,-0.6113936306466349,-0.15758388877147808,-0.052328734816983344,2
0.149966667,2.002,10.555,3.3888,0.20687931,1,-0.8055172443120154,-0.7673629321507178,0.0531992586213164,0.2316843223408796,-0.6291461723251268,0.06965510814159642,0.02208431055303663,4
0.149966667,30.001,-5.0221,3.403,0.200006667,1,-1.1627973440757018,-0.6874652529414743,-0.01399710818193853,-0.11054359753616154,-0.5315651620831341,0.02569923411589116,0.02022540573962033,5
0.149966667,2.002,1.9014,3.3837,0.206893103,1,-0.9864058399310677,-0.6970918941128184,0.04866455604729708,0.05436467360937968,-0.7294080168672372,0.06652690401970177,0.02705719186924398,3
0.149966667,30.001,-5.0221,3.403,0.200006667,1,-1.1627973440757018,-0.6874652529414743,-0.01399710818193853,-0.11054359753616154,-0.5315651620831341,0.02569923411589116,0.02022540573962033,5
0.149966667,10.002,26.216,3.4079,0.206896552,1,-0.44519162822394037,-0.6482246295455844,0.004547143222298473,0.6504000174207613,-0.624856324591674,0.06789688119548373,0.011663591638207436,2
0.149966667,2.002,1.9014,3.3837,0.206893103,1,-0.9864058399310677,-0.7088210462545976,0.05674147675745189,0.10223524422326591,-0.6416614599828608,0.059244970333529635,0.012694370187819003,2
0.149966667,10.002,26.216,3.4079,0.206896552,1,-0.44519162822394037,-0.7568531415914186,0.008976285739336162,0.6787833276460878,-0.5504310964653268,0.06864380057551898,0.014881142657250166,4
0.149966667,2.002,1.9014,3.3837,0.206893103,1,-0.9864058399310677,-0.6884609633707441,0.06564728405879577,0.11676976673072204,-0.6890490065724589,0.06761827493435703,0.0225470673921518,1
0.149966667,30.001,-5.0221,3.403,0.200006667,1,-1.1627973440757018,-0.6088695081722107,-0.011760409208363853,-0.10723031613742932,-0.6148759072471875,0.041284069015819116,0.019162821818608792,3
0.149966667,10.002,26.216,3.4079,0.206896552,1,-0.44519162822394037,-0.6082786163690617,0.021290335680823773,0.7380894454754889,-0.69774757499923,0.06711711688723881,0.016413927954854444,3
0.149966667,30.001,-5.0221,3.403,0.200006667,1,-1.1627973440757018,-0.7186743247765116,-0.022718823510222138,-0.0780365658691153,-0.4878181948256679,0.052746439997572454,0.018933891127817334,4
0.149966667,30.001,-5.0221,3.403,0.200006667,1,-1.1627973440757018,-0.6714422309593647,-0.019072087386157364,-0.08474105266621336,-0.552261638585478,0.058003650372847916,0.019317445307970048,1
0.149966667,10.002,1.6647,3.3765,0.206906897,1,-1.1121345798490014,-0.7418057763762772,-0.002966797121334821,0.06776395806577057,-0.6165939747309312,0.054198565669357775,0.023439571363851427,5
0.149966667,2.002,10.555,3.3888,0.20687931,1,-0.8055172443120154,-0.6886120815141475,0.07103219448385062,0.33250950220273806,-0.6934174012299628,0.06532772187027149,0.017532300900202243,1
0.149966667,10.002,26.216,3.4079,0.206896552,1,-0.44519162822394037,-0.6646629255195148,0.00557330941548571,0.7034266003919766,-0.6010810530325398,0.05140555041492917,0.017663476103916765,5
0.149966667,30.001,-5.0221,3.403,0.200006667,1,-1.1627973440757018,-0.647785232567112,-0.019616272205021233,-0.028243135130614973,-0.5358024725597352,0.006115712587488815,0.00984989974182099,2
0.149966667,2.002,10.555,3.3888,0.20687931,1,-0.8055172443120154,-0.737077056937851,0.061999898320063945,0.2137246844515903,-0.6510552839026786,0.04863304775557481,0.013405484585091472,2
0.149966667,2.002,10.555,3.3888,0.20687931,1,-0.8055172443120154,-0.738145233016694,0.05386709213955328,0.33276206759735943,-0.6436498382082209,0.052490043670404704,0.020161023093387485,5
0.149966667,30.001,-5.0221,3.403,0.200006667,1,-1.1627973440757018,-0.6088695081722107,-0.011760409208363853,-0.10723031613742932,-0.6148759072471875,0.041284069015819116,0.019162821818608792,3
0.149966667,2.002,1.9014,3.3837,0.206893103,1,-0.9864058399310677,-0.7345427679060959,0.04850025427294895,0.12171892892569304,-0.6135493155520817,0.07128195211000275,0.02208431055303663,4
0.149966667,30.001,-5.0221,3.403,0.200006667,1,-1.1627973440757018,-0.7186743247765116,-0.022718823510222138,-0.0780365658691153,-0.4878181948256679,0.052746439997572454,0.018933891127817334,4
0.149966667,2.002,10.555,3.3888,0.20687931,1,-0.8055172443120154,-0.6720428440047544,0.055350271989009346,0.3371287595154718,-0.7311131500510964,0.06859387060801964,0.024844055268913506,3
0.149966667,10.002,1.6647,3.3765,0.206906897,1,-1.1121345798490014,-0.6957055250930716,0.003445573523058556,0.06746166679775342,-0.7422204295464325,0.06708756548090605,0.02705719186924398,3
0.149966667,10.002,1.6647,3.3765,0.206906897,1,-1.1121345798490014,-0.707105993302539,-0.0003124690559343435,0.11523477181792259,-0.6902993973181583,0.07054782144259661,0.0225470673921518,1
0.149966667,10.002,1.6647,3.3765,0.206906897,1,-1.1121345798490014,-0.7086336198681965,-0.008232658305205405,0.09969587234139908,-0.6594346330710686,0.0684547435294371,0.012621644604951143,2
0.149966667,10.002,26.216,3.4079,0.206896552,1,-0.44519162822394037,-0.7113585997186601,0.01940126804896863,0.6733894058223814,-0.6398433153703809,0.06663771582301706,0.013766533799935133,1
0.149966667,2.002,1.9014,3.3837,0.206893103,1,-0.9864058399310677,-0.7370116406737361,0.04925044447882101,0.07306281322147697,-0.6146558898268267,0.051310011697933075,0.023439571363851427,5
0.149966667,30.001,-5.0221,3.403,0.200006667,1,-1.1627973440757018,-0.6714422309593647,-0.019072087386157364,-0.08474105266621336,-0.552261638585478,0.058003650372847916,0.019317445307970048,1
0.149966667,10.002,1.6647,3.3765,0.206906897,1,-1.1121345798490014,-0.7335271115018986,0.00091894960263744,0.11803582831285894,-0.6166852055441996,0.07548422369291075,0.02208431055303663,4
0.149966667,30.001,-5.0221,3.403,0.200006667,1,-1.1627973440757018,-0.647785232567112,-0.019616272205021233,-0.028243135130614973,-0.5358024725597352,0.006115712587488815,0.00984989974182099,2
0.149933333,10.002,-7.9311,3.3775,0.206896552,1,-1.1555841321763247,-0.6526699500082759,-0.008232658305205405,-0.12141479740908835,-0.5689638898917474,0.06849129695037845,0.009879909213632345,2
0.149933333,10.002,-15.568,3.3916,0.200006667,1,-1.263531076506398,-0.5528275800356641,-5.14893583022058e-05,-0.3804797148657963,-0.42463432708987964,0.043977129256818445,0.018673517787829042,4
0.149933333,10.002,-15.568,3.3916,0.200006667,1,-1.263531076506398,-0.530157750128128,0.005746553229982965,-0.3271047274582088,-0.5355722729640547,0.038578884920279964,0.02263204493559897,3
0.149933333,10.003,-15.862,3.3852,0.200006667,1,-1.2273226509851833,-0.4938052634711494,0.004074604433844798,-0.37888078204821796,-0.5152744023280684,0.03537653065024642,0.02263204493559897,3
0.149933333,10.003,-15.862,3.3852,0.200006667,1,-1.2273226509851833,-0.5047336957743391,-0.001237015323713422,-0.4041897152434103,-0.4568522007437423,0.0174103683559224,0.019408448985777794,5
0.149933333,10.003,-8.2094,3.3645,0.206896552,1,-1.3048283895247355,-0.6394528047158383,0.0005850539659149945,-0.15930011767428368,-0.5587046972685493,0.07540607927599922,0.018673517787829042,4
0.149933333,10.003,-15.862,3.3852,0.200006667,1,-1.2273226509851833,-0.5483787129027768,-5.14893583022058e-05,-0.40414663807023316,-0.402503576783929,0.0410644347104244,0.018673517787829042,4
0.149933333,10.003,-15.862,3.3852,0.200006667,1,-1.2273226509851833,-0.48935424428142144,-0.008093073626514524,-0.3815101438498823,-0.4524903444293886,0.001924517565057613,0.009184875176288188,2
0.149933333,10.002,-7.9311,3.3775,0.206896552,1,-1.1555841321763247,-0.633404209164437,0.000821592363063246,-0.17393658470362425,-0.5330047783930786,0.07558965581236407,0.018673517787829042,4
0.149933333,10.002,-15.568,3.3916,0.200006667,1,-1.263531076506398,-0.5047336957743391,-0.001667121530044824,-0.3852367095439695,-0.47753634687978774,0.019305359036661685,0.01967470525763929,5
0.149933333,10.002,-15.568,3.3916,0.200006667,1,-1.263531076506398,-0.5002346127823694,-0.008093073626514524,-0.33750540973793247,-0.477639035244938,0.0017674717592308297,0.009184875176288188,2
0.149933333,10.003,-8.2094,3.3645,0.206896552,1,-1.3048283895247355,-0.6116819320642389,-0.003736025461985264,-0.1636022561765276,-0.5784979054704309,0.07334865362849087,0.019115635813213884,1
0.149933333,10.003,-7.5976,3.4005,0.193554839,1,-1.2410819085130582,-0.6144393559359014,-0.003683733195066452,-0.17696448635775597,-0.5472920410800726,0.025324687073007227,0.019408448985777794,5
0.149933333,10.002,-7.9311,3.3775,0.206896552,1,-1.1555841321763247,-0.6128446011734195,0.00030874398158630355,-0.17316590920323505,-0.5718163529410958,0.07334865362849087,0.019115635813213884,1
0.149933333,10.003,-7.5976,3.4005,0.193554839,1,-1.2410819085130582,-0.5556826529258978,-0.0016910102317342535,-0.17659867057343945,-0.607022588980617,0.02592552621586947,0.018648343284148723,3
0.149933333,10.003,-7.5976,3.4005,0.193554839,1,-1.2410819085130582,-0.6465014145895839,-0.0011855900543741881,-0.17169881214387714,-0.48484505891101437,0.04029655177379027,0.018673517787829042,4
0.149933333,10.003,-8.2094,3.3645,0.206896552,1,-1.3048283895247355,-0.629145218852791,-0.008232658305205405,-0.1490295429021353,-0.5764355863840319,0.06849129695037845,0.009879909213632345,2
0.149933333,10.003,-8.2094,3.3645,0.206896552,1,-1.3048283895247355,-0.6096405514632351,-0.0027210221369750797,-0.19058402434224264,-0.5718693796731532,0.0587957374099642,0.019918532869778575,5
0.149933333,10.003,-8.2094,3.3645,0.206896552,1,-1.3048283895247355,-0.5643064177109045,0.00157901982718613,-0.17468321493826808,-0.6439361724501942,0.07414335893670795,0.0230951942037791,3
0.149933333,10.002,-7.9311,3.3775,0.206896552,1,-1.1555841321763247,-0.6218427523272112,-0.002966797121334821,-0.17600337569136174,-0.5672305611521006,0.05887766239233315,0.020000457861460746,5
0.149933333,10.002,-15.568,3.3916,0.200006667,1,-1.263531076506398,-0.5370398557613953,0.0005172970253624953,-0.39573069822741674,-0.4420265098195523,0.054646550049074,0.019115635813213884,1
0.149933333,10.003,-7.5976,3.4005,0.193554839,1,-1.2410819085130582,-0.6403470311983256,-0.01039563081227243,-0.11959736309072469,-0.536201313228812,0.005947053046547808,0.009184875176288188,2
0.149933333,10.003,-7.5976,3.4005,0.193554839,1,-1.2410819085130582,-0.6235611013168818,-0.0044670861880877055,-0.17188612387282773,-0.5430168255418539,0.05876167205628008,0.019115635813213884,1
0.149933333,10.003,-15.862,3.3852,0.200006667,1,-1.2273226509851833,-0.5307182030598051,-0.003189660551433917,-0.4016880649072118,-0.4386838387604803,0.054646550049074,0.019115635813213884,1
0.149933333,10.002,-7.9311,3.3775,0.206896552,1,-1.1555841321763247,-0.5692687609771383,0.004851262308075093,-0.16542542510433123,-0.6515038611658384,0.07414335893670795,0.0230951942037791,3
0.149913333,2.003,-8.3088,3.3728,0.206893103,1,-1.1670543673522304,-0.6303934299241518,0.05653757308609784,-0.14361582045501564,-0.5785387478698977,0.0645990727521712,0.009952634796500206,2
0.149913333,2.003,-8.3088,3.3728,0.206893103,1,-1.1670543673522304,-0.6055856664420571,0.04925044447882101,-0.1898187785432674,-0.567806728221476,0.05921932746656239,0.020000457861460746,5
0.149913333,2.003,-8.3088,3.3728,0.206893103,1,-1.1670543673522304,-0.5941806315910071,0.06184550795907853,-0.18049965597921983,-0.5722512754518538,0.07140452867257409,0.019115635813213884,1
0.149913333,2.003,-8.3088,3.3728,0.206893103,1,-1.1670543673522304,-0.5660601329131169,0.04342862369900104,-0.18095888975076377,-0.6465849528519902,0.0721072726251441,0.0230951942037791,3
0.149913333,2.003,-8.3088,3.3728,0.206893103,1,-1.1670543673522304,-0.6404684610920959,0.04879918068414554,-0.17238438849803062,-0.5420113201462664,0.07378087252262049,0.018673517787829042,4
0.1499,10.001,-8.3599,3.3929,0.100003333,1,-1.3115251756495827,-0.6168223000428407,0.0012775559211149813,-0.1559939985506935,-0.5417826856090687,0.0013969830103451387,0.009451535465195775,2
0.1499,10.002,-8.3304,3.3951,0.103451724,1,-1.135786880322462,-0.6394180312938988,-0.0011855900543741881,-0.18952937147580087,-0.48484505891101437,0.0335115650924854,0.018673517787829042,4
0.1499,10.002,-8.3304,3.3951,0.103451724,1,-1.135786880322462,-0.6119431077814079,-0.0014341249960125424,-0.18084455003263428,-0.542471485894639,0.05252380333375186,0.019115635813213884,1
0.1499,10.002,-8.3304,3.3951,0.103451724,1,-1.135786880322462,-0.6168223000428407,-0.01039563081227243,-0.1559939985506935,-0.5368076845142059,0.0002091325499350205,0.009184875176288188,2
0.1499,10.001,-8.3599,3.3929,0.100003333,1,-1.3115251756495827,-0.615401997914014,-5.9900440101046114e-05,-0.19409348444780336,-0.5456863769539632,0.04094981901347637,0.019115635813213884,1
0.1499,10.001,-8.3599,3.3929,0.100003333,1,-1.3115251756495827,-0.6041193233814556,-0.0022316710674203932,-0.1980133785842918,-0.5535439826827496,0.007445067707449198,0.01967470525763929,5
0.1499,10.002,-8.3304,3.3951,0.103451724,1,-1.135786880322462,-0.6022371550719253,-0.004113839401397854,-0.19463446779409424,-0.550732728941366,0.01747367523610592,0.01967470525763929,5
0.1499,10.001,-8.3599,3.3929,0.100003333,1,-1.3115251756495827,-0.5541479489745689,0.01327095124812331,-0.19716064349282533,-0.5990593255928252,0.014632597209129017,0.02263204493559897,3
0.1499,10.001,-8.3599,3.3929,0.100003333,1,-1.3115251756495827,-0.6404336876701564,-0.00016993368742987514,-0.18952937147580087,-0.48484505891101437,0.0335115650924854,0.018673517787829042,4
0.1499,10.002,-8.3304,3.3951,0.103451724,1,-1.135786880322462,-0.5541479489745689,0.003104955013259314,-0.19414837857708334,-0.5958035501430277,0.02592552621586947,0.018648343284148723,3
0.149886667,2.002,-7.9408,3.357,0.206886207,1,-1.2268006422293072,-0.6344198655406944,0.04879918068414554,-0.14542198256123812,-0.5574901601695456,0.07378087252262049,0.018673517787829042,4
0.149886667,2.002,-7.9408,3.357,0.206886207,1,-1.2268006422293072,-0.6002732688476681,0.061507696092303374,-0.16861596126342193,-0.578932827981189,0.07263283589738422,0.019115635813213884,1
0.149886667,2.002,-7.9408,3.357,0.206886207,1,-1.2268006422293072,-0.6177878673060332,0.04925044447882101,-0.16420554358977824,-0.573940755110234,0.05887766239233315,0.020000457861460746,5
0.149886667,2.002,-7.9408,3.357,0.206886207,1,-1.2268006422293072,-0.6539181610796367,0.05653757308609784,-0.1160010749619687,-0.571067051377613,0.0645990727521712,0.009952634796500206,2
0.149886667,2.002,-7.9408,3.357,0.206886207,1,-1.2268006422293072,-0.5716313988601905,0.04342862369900104,-0.16416858521522953,-0.6580763386760373,0.07237961963954148,0.0230951942037791,3
0.149866667,9.108,-14.24,3.3143,0.206903448,1,-1.1103368598555035,-0.5702203212608583,0.0409120258432813,-0.31347779724979774,-0.5337714051618241,0.07529355080216192,0.018673517787829042,4
0.149866667,9.108,-14.24,3.3143,0.206903448,1,-1.1103368598555035,-0.5437169499511947,0.024398283166228794,-0.2374948087800294,-0.6348878318967763,0.07254642819258152,0.0230951942037791,3
0.149866667,9.108,-14.24,3.3143,0.206903448,1,-1.1103368598555035,-0.5110878737957683,0.009684473886154591,-0.37149990995880217,-0.5409956081025302,0.05240051609929651,0.020000457861460746,5
0.149866667,9.108,-14.24,3.3143,0.206903448,1,-1.1103368598555035,-0.5261138181132264,0.012324151625216473,-0.3558472484420054,-0.5239492378616706,0.06777182644698769,0.019115635813213884,1
0.149866667,9.108,-14.24,3.3143,0.206903448,1,-1.1103368598555035,-0.5702203212608583,0.0409120258432813,-0.31347779724979774,-0.5337714051618241,0.07529355080216192,0.018673517787829042,4
0.149866667,9.108,-14.24,3.3143,0.206903448,1,-1.1103368598555035,-0.5345233342185384,0.03508266191231087,-0.2713697190367384,-0.6079151563788764,0.07736320368538145,0.009952634796500206,2
0.149866667,9.108,-14.24,3.3143,0.206903448,1,-1.1103368598555035,-0.5345233342185384,0.03508266191231087,-0.2713697190367384,-0.6079151563788764,0.07736320368538145,0.009952634796500206,2
0.149866667,9.108,-14.24,3.3143,0.206903448,1,-1.1103368598555035,-0.5261138181132264,0.012324151625216473,-0.3558472484420054,-0.5239492378616706,0.06777182644698769,0.019115635813213884,1
0.149866667,9.108,-14.24,3.3143,0.206903448,1,-1.1103368598555035,-0.5437169499511947,0.024398283166228794,-0.2374948087800294,-0.6348878318967763,0.07254642819258152,0.0230951942037791,3
0.149866667,9.108,-14.24,3.3143,0.206903448,1,-1.1103368598555035,-0.5110878737957683,0.009684473886154591,-0.37149990995880217,-0.5409956081025302,0.05240051609929651,0.020000457861460746,5
0.149856667,2.002,-17.061,3.3434,0.206910345,1,-1.1860141720041533,-0.49290120031801055,0.040397371293511244,-0.43506225212709976,-0.4781849005771801,0.0584613808314316,0.020000457861460746,5
0.149856667,2.002,-17.061,3.3434,0.206910345,1,-1.1860141720041533,-0.505912571544759,0.06164401797606842,-0.4333514927467331,-0.4739167886879295,0.056763836292084306,0.019115635813213884,1
0.149856667,2.002,-17.061,3.3434,0.206910345,1,-1.1860141720041533,-0.505705156668555,0.053086370527744293,-0.4183893835172057,-0.4990857725287788,0.07634652070119045,0.018673517787829042,4
0.149856667,2.002,-17.061,3.3434,0.206910345,1,-1.1860141720041533,-0.47171356634265976,0.03723153166181874,-0.4250282518332824,-0.531728748899186,0.07322678150201682,0.0230951942037791,3
0.149856667,2.002,-17.061,3.3434,0.206910345,1,-1.1860141720041533,-0.5148810687049991,0.057209019791334866,-0.378240424177493,-0.5458663739031181,0.08661629544163589,0.009952634796500206,2
0.149853333,2.004,-17.167,3.3563,0.206893103,1,-1.2623000291195463,-0.49483793520135805,0.0289459855624591,-0.43748025469714774,-0.45979869668371975,0.06970004156581126,0.019115635813213884,1
0.149853333,2.004,-17.167,3.3563,0.206893103,1,-1.2623000291195463,-0.4984612817387097,0.047673702938482165,-0.43441265016328545,-0.45778769175289197,0.06130194966099225,0.018673517787829042,4
0.149853333,2.004,-17.167,3.3563,0.206893103,1,-1.2623000291195463,-0.48567289753467774,0.04853499002754688,-0.4003783522703452,-0.47604098489042374,0.05807076036988292,0.009952634796500206,2
0.149853333,2.004,-17.167,3.3563,0.206893103,1,-1.2623000291195463,-0.44689843728236156,0.03723153166181874,-0.4361526191374287,-0.535230931394035,0.06303820537927095,0.0230951942037791,3
0.149853333,2.004,-17.167,3.3563,0.206893103,1,-1.2623000291195463,-0.47708042834536174,0.03451703908154741,-0.4580150126456283,-0.47026255547534673,0.04847358086379245,0.020000457861460746,5
0.149836667,2.003,-17.644,3.3177,0.10715,1,-1.3549867313868005,-0.4728303614168544,0.03365794259298127,-0.43283870284911247,-0.507327850026777,0.012047951704007574,0.02263204493559897,3
0.149836667,2.003,-17.644,3.3177,0.10715,1,-1.3549867313868005,-0.5119735031668097,0.04566652052104473,-0.4364166979631409,-0.43691365151898937,0.03183103432995267,0.018673517787829042,4
0.149836667,2.003,-17.644,3.3177,0.10715,1,-1.3549867313868005,-0.4775146605691407,0.06448194078635425,-0.4007365758199012,-0.5095224429573864,0.003228636831627227,0.009451535465195775,2
0.149836667,2.003,-17.644,3.3177,0.10715,1,-1.3549867313868005,-0.48660771568422206,0.033193064732477066,-0.4587864175322466,-0.47343093470670283,0.0154717102390714,0.01967470525763929,5
0.149836667,2.003,-17.644,3.3177,0.10715,1,-1.3549867313868005,-0.495111314454989,0.06197380385157885,-0.44166139128850773,-0.44295770457247274,0.05476220864569768,0.019115635813213884,1
0.149833333,30.004,-13.826,3.3909,0.103455172,1,-1.285941163630314,-0.5112843900657026,-0.021001192410476505,-0.2864699669432593,-0.5037287664040924,-0.0053812319500138985,0.009134218175895513,2
0.149833333,30.004,-13.883,3.3417,0.206910345,1,-1.2914236513123483,-0.5466529550700215,-0.024756280824076386,-0.26582543084572535,-0.6005535796564072,0.08552377997490111,0.009829252213239669,2
0.149833333,30.002,25.697,3.4061,0.107139286,1,-0.6192131567870841,-0.7300862687989138,-0.031679102295311165,0.5741284333541989,-0.6018969601765275,0.018631398101570086,0.017071467228233814,5
0.149833333,30.002,25.697,3.4061,0.107139286,1,-0.6192131567870841,-0.742028615383897,-0.042298027058131994,0.5101953751966357,-0.6513935146364384,-0.007889576965244487,0.010917900600470603,2
0.149833333,30.003,-5.078,3.4143,0.20001,1,-1.2289780049543515,-0.7010844785318477,-0.022241654007229952,-0.053094623233773744,-0.532349341842346,0.007510788672370836,0.00984989974182099,2
0.149833333,30.003,-4.9433,3.4143,0.193545161,1,-1.3034717250575925,-0.7050365386501654,-0.022241654007229952,-0.04914256315270905,-0.532349341842346,0.007510788672370836,0.00984989974182099,2
0.149833333,30.004,-13.883,3.3417,0.206910345,1,-1.2914236513123483,-0.5278963814210147,-0.01677518498967402,-0.36151181548368183,-0.502385919992812,0.05558508671354503,0.019918532869778575,5
0.149833333,30.003,-4.9433,3.4143,0.193545161,1,-1.3034717250575925,-0.7017647567484527,-0.019050126915099098,-0.11532839255407452,-0.5308141215052455,0.024119758093729616,0.02022540573962033,5
0.149833333,30.002,0.45727,3.4021,0.200006667,1,-1.087784406707258,-0.7185208495118423,-0.019616272205021233,-0.031183491172851064,-0.5454448614735157,0.0056901844486128535,0.00984989974182099,2
0.149833333,30.003,-4.9433,3.4143,0.193545161,1,-1.3034717250575925,-0.756205239573028,-0.027217224757187068,-0.06759434149600566,-0.46280188076430934,0.0418895132583566,0.018933891127817334,4
0.149833333,30.003,-5.078,3.4143,0.20001,1,-1.2289780049543515,-0.7046961434278637,-0.019050126915099098,-0.11436728188768029,-0.5308141215052455,0.026090034823864697,0.02022540573962033,5
0.149833333,30.003,-5.078,3.4143,0.20001,1,-1.2289780049543515,-0.7530977490334771,-0.027217224757187068,-0.08747841915115714,-0.48450568979838865,0.05342645226279274,0.018933891127817334,4
0.149833333,30.003,-5.078,3.4143,0.20001,1,-1.2289780049543515,-0.6883801595246769,-0.025475227331044153,-0.09423245491692796,-0.5466751497797668,0.06102245220914483,0.019317445307970048,1
0.149833333,30.004,-13.883,3.3417,0.206910345,1,-1.2914236513123483,-0.5466529550700215,-0.024756280824076386,-0.26582543084572535,-0.6005535796564072,0.08552377997490111,0.009829252213239669,2
0.149833333,30.003,-4.9433,3.4143,0.193545161,1,-1.3034717250575925,-0.6883801595246769,-0.025475227331044153,-0.09423245491692796,-0.5466751497797668,0.06102245220914483,0.019317445307970048,1
0.149833333,30.002,0.45727,3.4021,0.200006667,1,-1.087784406707258,-0.7126028626583866,-0.019072087386157364,-0.02515793436905369,-0.5461022673361003,0.06309709158726036,0.019317445307970048,1
0.149833333,30.004,-13.883,3.3417,0.206910345,1,-1.2914236513123483,-0.5371608085534535,-0.026484097941429353,-0.3412521816045046,-0.5198341947840527,0.057102335570380094,0.019115635813213884,1
0.149833333,30.004,-13.826,3.3909,0.103455172,1,-1.285941163630314,-0.5423238917844719,-0.024776593187125398,-0.324546824649442,-0.4712632381124422,0.05873143051285297,0.019115635813213884,1
0.149833333,30.003,-4.9433,3.4143,0.193545161,1,-1.3034717250575925,-0.6883801595246769,-0.025475227331044153,-0.09423245491692796,-0.5466751497797668,0.06102245220914483,0.019317445307970048,1
0.149833333,30.003,-4.9433,3.4143,0.193545161,1,-1.3034717250575925,-0.7050365386501654,-0.022241654007229952,-0.04914256315270905,-0.532349341842346,0.007510788672370836,0.00984989974182099,2
0.149833333,30.003,-5.078,3.4143,0.20001,1,-1.2289780049543515,-0.7010844785318477,-0.022241654007229952,-0.053094623233773744,-0.532349341842346,0.007510788672370836,0.00984989974182099,2
0.149833333,30.003,-5.078,3.4143,0.20001,1,-1.2289780049543515,-0.6883801595246769,-0.025475227331044153,-0.09423245491692796,-0.5466751497797668,0.06102245220914483,0.019317445307970048,1
0.149833333,30.004,-13.826,3.3909,0.103455172,1,-1.285941163630314,-0.5112843900657026,-0.021001192410476505,-0.2864699669432593,-0.5037287664040924,-0.0053812319500138985,0.009134218175895513,2
0.149833333,30.004,-13.826,3.3909,0.103455172,1,-1.285941163630314,-0.514821815569885,-0.01660340904374607,-0.35584383805049585,-0.4778838880220428,0.01054685396142304,0.019408448985777794,5
0.149833333,30.004,-13.826,3.3909,0.103455172,1,-1.285941163630314,-0.5935948574799113,-0.028876369758509098,-0.29406681848689914,-0.4390569785027765,0.03358025063294917,0.018673517787829042,4
0.149833333,30.003,-4.9433,3.4143,0.193545161,1,-1.3034717250575925,-0.6428684805778903,-0.02609057855035644,-0.0953563343291171,-0.5990213189576753,0.0244555436304654,0.019162821818608792,3
0.149833333,30.003,-4.9433,3.4143,0.193545161,1,-1.3034717250575925,-0.756205239573028,-0.027217224757187068,-0.06759434149600566,-0.46280188076430934,0.0418895132583566,0.018933891127817334,4
0.149833333,30.003,-5.078,3.4143,0.20001,1,-1.2289780049543515,-0.6281131443919731,-0.028856590084615164,-0.11287035839399323,-0.60528352803085,0.03624245237064315,0.019162821818608792,3
0.149833333,30.002,25.697,3.4061,0.107139286,1,-0.6192131567870841,-0.7646927031627274,-0.041383455735631285,0.5884077948424965,-0.6336616519768722,0.054850318436510864,0.013766533799935133,1
0.149833333,30.003,-4.9433,3.4143,0.193545161,1,-1.3034717250575925,-0.6428684805778903,-0.02609057855035644,-0.0953563343291171,-0.5990213189576753,0.0244555436304654,0.019162821818608792,3
0.149833333,30.002,25.697,3.4061,0.107139286,1,-0.6192131567870841,-0.6333381647992065,-0.055718208206817506,0.6493770477513316,-0.7022456721600611,0.009801023130421527,0.015430420624325052,3
0.149833333,30.003,-5.078,3.4143,0.20001,1,-1.2289780049543515,-0.7530977490334771,-0.027217224757187068,-0.08747841915115714,-0.48450568979838865,0.05342645226279274,0.018933891127817334,4
0.149833333,30.002,0.45727,3.4021,0.200006667,1,-1.087784406707258,-0.6609040171842208,-0.02122690325777512,-0.06607009771978482,-0.6288998020149301,0.035322118531621524,0.019162821818608792,3
0.149833333,30.004,-13.826,3.3909,0.103455172,1,-1.285941163630314,-0.5935948574799113,-0.028876369758509098,-0.29406681848689914,-0.4390569785027765,0.03358025063294917,0.018673517787829042,4
0.149833333,30.004,-13.883,3.3417,0.206910345,1,-1.2914236513123483,-0.5925784938619472,-0.03042646758724004,-0.29450957669876515,-0.5382077756919899,0.0809080725791864,0.018673517787829042,4
0.149833333,30.002,0.45727,3.4021,0.200006667,1,-1.087784406707258,-0.743328068992123,-0.017548045535804704,-0.015320044099353254,-0.5334713487653062,0.022243450190871955,0.021187814893200995,5
0.149833333,30.004,-13.883,3.3417,0.206910345,1,-1.2914236513123483,-0.5803091419118573,-0.027624022226664238,-0.22618768719490617,-0.6158748717326671,0.07590698267304105,0.0230951942037791,3
0.149833333,30.004,-13.826,3.3909,0.103455172,1,-1.285941163630314,-0.5549825412037899,-0.024668859701487234,-0.24188420084770768,-0.5878892598836682,0.023486452470242513,0.02263204493559897,3
0.149833333,30.004,-13.883,3.3417,0.206910345,1,-1.2914236513123483,-0.5371608085534535,-0.026484097941429353,-0.3412521816045046,-0.5198341947840527,0.057102335570380094,0.019115635813213884,1
0.149833333,30.003,-5.078,3.4143,0.20001,1,-1.2289780049543515,-0.6281131443919731,-0.028856590084615164,-0.11287035839399323,-0.60528352803085,0.03624245237064315,0.019162821818608792,3
0.149833333,30.003,-4.9433,3.4143,0.193545161,1,-1.3034717250575925,-0.7017647567484527,-0.019050126915099098,-0.11532839255407452,-0.5308141215052455,0.024119758093729616,0.02022540573962033,5
0.149833333,30.004,-13.826,3.3909,0.103455172,1,-1.285941163630314,-0.5423238917844719,-0.024776593187125398,-0.324546824649442,-0.4712632381124422,0.05873143051285297,0.019115635813213884,1
0.149833333,30.003,-5.078,3.4143,0.20001,1,-1.2289780049543515,-0.7046961434278637,-0.019050126915099098,-0.11436728188768029,-0.5308141215052455,0.026090034823864697,0.02022540573962033,5
0.149833333,30.004,-13.826,3.3909,0.103455172,1,-1.285941163630314,-0.5549825412037899,-0.024668859701487234,-0.24188420084770768,-0.5878892598836682,0.023486452470242513,0.02263204493559897,3
0.149833333,30.004,-13.826,3.3909,0.103455172,1,-1.285941163630314,-0.514821815569885,-0.01660340904374607,-0.35584383805049585,-0.4778838880220428,0.01054685396142304,0.019408448985777794,5
0.149833333,30.004,-13.883,3.3417,0.206910345,1,-1.2914236513123483,-0.5278963814210147,-0.01677518498967402,-0.36151181548368183,-0.502385919992812,0.05558508671354503,0.019918532869778575,5
0.149833333,30.002,0.45727,3.4021,0.200006667,1,-1.087784406707258,-0.7505534013709985,-0.02517332650255412,-0.007357934820465744,-0.5216171387513168,0.05183802493149415,0.018933891127817334,4
0.149833333,30.002,25.697,3.4061,0.107139286,1,-0.6192131567870841,-0.834776577509474,-0.03657537070568651,0.5009380420553498,-0.5870068206544965,0.03330037576030009,0.014881142657250166,4
0.149833333,30.004,-13.883,3.3417,0.206910345,1,-1.2914236513123483,-0.5803091419118573,-0.027624022226664238,-0.22618768719490617,-0.6158748717326671,0.07590698267304105,0.0230951942037791,3
0.149833333,30.004,-13.883,3.3417,0.206910345,1,-1.2914236513123483,-0.5925784938619472,-0.03042646758724004,-0.29450957669876515,-0.5382077756919899,0.0809080725791864,0.018673517787829042,4
0.1498,30.004,0.51499,3.4143,0.19356129,1,-1.3219876826924872,-0.7633258430822752,-0.030010470454581082,-0.016989465826191007,-0.4976168517046608,0.04136235124664381,0.018933891127817334,4
0.1498,30.004,0.51499,3.4143,0.19356129,1,-1.3219876826924872,-0.7241950081445975,-0.023551960962358863,-0.037374546947539784,-0.5308206504536792,0.006866876034764573,0.00984989974182099,2
0.1498,30.004,0.51499,3.4143,0.19356129,1,-1.3219876826924872,-0.703062346422521,-0.025475227331044153,-0.02295452883699909,-0.5509568032622337,0.06230246141552925,0.019625828822609038,1
0.1498,30.004,0.51499,3.4143,0.19356129,1,-1.3219876826924872,-0.7593064713664353,-0.019050126915099098,0.000524548664689064,-0.5531586778862402,0.020635914411395787,0.024322941452264785,5
0.1498,30.004,0.51499,3.4143,0.19356129,1,-1.3219876826924872,-0.6659005190900643,-0.027228223850834184,-0.06056359130656347,-0.6106934276525863,0.02260706016299082,0.019162821818608792,3
0.149766667,30.003,-5.3611,3.3777,0.206910345,1,-1.2668696993514659,-0.725447129860986,-0.019965017581125722,-0.11346601370489225,-0.5477843887917697,0.05860176056623459,0.02351622506044805,5
0.149766667,30.003,-5.3611,3.3777,0.206910345,1,-1.2668696993514659,-0.6489728601070237,-0.028542670283350162,-0.10811970910290256,-0.6235901939170435,0.07821023294673068,0.02360967273823917,3
0.149766667,30.004,0.56772,3.3797,0.206903448,1,-1.2476279541415563,-0.756200299046468,-0.03255402961280197,-0.008353674276731908,-0.5435684689623304,0.07409619322279468,0.018933891127817334,4
0.149766667,30.004,0.56772,3.3797,0.206903448,1,-1.2476279541415563,-0.7343234669946832,-0.024210673831403254,-0.034262915356666784,-0.5720770384091884,0.06755629476974719,0.010544933779165148,2
0.149766667,30.003,-5.3611,3.3777,0.206910345,1,-1.2668696993514659,-0.6489728601070237,-0.028542670283350162,-0.10811970910290256,-0.6235901939170435,0.07821023294673068,0.02360967273823917,3
0.149766667,30.003,-5.3611,3.3777,0.206910345,1,-1.2668696993514659,-0.762796198267024,-0.029760783915407957,-0.08243996517732739,-0.5140667692874559,0.07647458422230556,0.018933891127817334,4
0.149766667,30.003,-5.3611,3.3777,0.206910345,1,-1.2668696993514659,-0.695233718927484,-0.026856940666912122,-0.08423199775861576,-0.5765674146357924,0.057370930593460795,0.019317445307970048,1
0.149766667,30.003,-5.3611,3.3777,0.206910345,1,-1.2668696993514659,-0.695233718927484,-0.026856940666912122,-0.08423199775861576,-0.5765674146357924,0.057370930593460795,0.019317445307970048,1
0.149766667,30.004,0.56772,3.3797,0.206903448,1,-1.2476279541415563,-0.6735889325480093,-0.031014474743860775,-0.0558129420154728,-0.6383353962609545,0.06483901424304349,0.02360967273823917,3
0.149766667,30.003,-5.3611,3.3777,0.206910345,1,-1.2668696993514659,-0.762796198267024,-0.029760783915407957,-0.08243996517732739,-0.5140667692874559,0.07647458422230556,0.018933891127817334,4
0.149766667,30.004,0.56772,3.3797,0.206903448,1,-1.2476279541415563,-0.695297748495359,-0.026856940666912122,-0.012267808129545301,-0.5801628040987998,0.07443885680288076,0.019625828822609038,1
0.149766667,30.003,-5.3611,3.3777,0.206910345,1,-1.2668696993514659,-0.7253206315048737,-0.022900366876274347,-0.049982991642900744,-0.5680158892739564,0.07671806082013063,0.010544933779165148,2
0.149766667,30.003,-5.3611,3.3777,0.206910345,1,-1.2668696993514659,-0.7253206315048737,-0.022900366876274347,-0.049982991642900744,-0.5680158892739564,0.07671806082013063,0.010544933779165148,2
0.149766667,30.004,0.56772,3.3797,0.206903448,1,-1.2476279541415563,-0.7641148695768788,-0.019965017581125722,-0.0005168661172501742,-0.5701289455173537,0.05234191589057446,0.024833025336265566,5
0.149766667,30.003,-5.3611,3.3777,0.206910345,1,-1.2668696993514659,-0.725447129860986,-0.019965017581125722,-0.11346601370489225,-0.5477843887917697,0.05860176056623459,0.02351622506044805,5
0.1496,30.002,1.1778,3.4095,0.206906897,1,-1.0967367172959972,-0.7042416465657879,-0.020912983456510117,0.053953212823253126,-0.7246969840105157,0.06252185258053941,0.023073490217793733,3
0.1496,30.004,0.78444,3.3689,0.206893103,1,-1.1002791189602033,-0.7439487162110163,-0.023762085763737558,0.0011383545299759135,-0.5903635698370635,0.059340437221108,0.01095163491088897,2
0.1496,30.002,1.1778,3.4095,0.206906897,1,-1.0967367172959972,-0.779267483484,-0.01658533447771333,0.06653820688370615,-0.610817339620553,0.053267736812122164,0.026138381808996202,5
0.1496,30.002,1.1778,3.4095,0.206906897,1,-1.0967367172959972,-0.812592475253623,-0.024667230942286553,0.1007849192712456,-0.6241135698019934,0.07138502487563528,0.02673648742493242,4
0.1496,30.004,0.78444,3.3689,0.206893103,1,-1.1002791189602033,-0.7785282328538596,-0.019965017581125722,0.06798248345497995,-0.6056060695787892,0.04925262173172087,0.026138381808996202,5
0.1496,30.004,0.78444,3.3689,0.206893103,1,-1.1002791189602033,-0.6856627789235791,-0.030183386376011187,-0.012369742677547037,-0.6699282138934359,0.06364671805844409,0.024194345846772193,3
0.1496,30.002,1.1778,3.4095,0.206906897,1,-1.0967367172959972,-0.756846676277928,-0.018881006492301823,0.04217091539350804,-0.6234825798776,0.06721645583282225,0.011923429295420647,2
0.1496,30.004,0.78444,3.3689,0.206893103,1,-1.1002791189602033,-0.7804163586976938,-0.031560568283312024,0.055336386607959864,-0.6511462592356838,0.06838255166308954,0.025098507232032715,4
0.1496,30.004,0.78444,3.3689,0.206893103,1,-1.1002791189602033,-0.6964025891688652,-0.025940022653667256,0.008750725137069822,-0.5943680366314947,0.07443885680288076,0.01990568809444085,1
0.1496,30.002,1.1778,3.4095,0.206906897,1,-1.0967367172959972,-0.7085227735131048,-0.02037637961562723,0.10010342265479266,-0.6789245122554712,0.07254216948058456,0.021562693978194148,1
0.101535086,10.002,3.439,2.6414,9.0004,3,-2.477325757496471,-0.8797551072086207,-0.00754144907463342,0.07207061814377085,-0.93550274905283,0.035996372200897894,-0.12356541041284799,4
0.101535086,10.002,3.439,2.6414,9.0004,3,-2.477325757496471,-1.0501665308279917,-0.009483136350754649,0.04916482952889055,-0.8513672476168722,0.004774089958518743,-0.15235468901693822,5
0.101535086,10.002,3.439,2.6414,9.0004,3,-2.477325757496471,-0.9833170937909744,-0.004335965969657991,0.0946889442554675,-0.9189247929840348,-0.03410962927620858,-0.11308146017603576,1
0.101535086,10.002,3.439,2.6414,9.0004,3,-2.477325757496471,-0.8524596314737574,0.00293305350409355,0.09022279298864305,-0.9348094578355085,0.05947859183856053,-0.1411638832418248,3
0.101535086,10.002,3.439,2.6414,9.0004,3,-2.477325757496471,-0.8053971585864201,-0.010083810409996658,0.14262548306898679,-0.7104864266468212,0.14219833050272426,-0.05216750488150865,2
0.100734499,10.003,3.1408,2.8621,6.00087619,3,-2.4880421206939,-1.0569439728511498,-0.008725330177694559,0.03316229043994099,-0.8519612043257803,0.004180133640766144,-0.15192458271980286,5
0.100734499,10.003,3.1408,2.8621,6.00087619,3,-2.4880421206939,-0.9533474809187464,-0.00754144907463342,0.050390835946891456,-0.93550274905283,0.035996372200897894,-0.13685164988040924,4
0.100734499,10.003,3.1408,2.8621,6.00087619,3,-2.4880421206939,-0.8573810985358432,-0.0003391889767954126,0.057864536454435435,-0.9181710631668102,0.05947859183856053,-0.1411638832418248,3
0.100734499,10.003,3.1408,2.8621,6.00087619,3,-2.4880421206939,-0.8069304836029186,-0.015342231972608715,0.07467763650172855,-0.7320923831360414,0.13234636145061812,-0.05216750488150865,2
0.100734499,10.003,3.1408,2.8621,6.00087619,3,-2.4880421206939,-1.0019357381085865,-0.008042923546454403,0.05802083721617237,-0.9363151165819726,-0.045570121482014656,-0.11308146017603576,1
0.100351569,10.002,2.5025,3.1368,3.000061905,3,-2.4399568895201957,-0.8069304836029186,-0.015342231972608715,0.07467763650172855,-0.7320923831360414,0.13234636145061812,-0.05216750488150865,2
0.100351569,10.002,2.5025,3.1368,3.000061905,3,-2.4399568895201957,-0.8785377156594768,0.0016759947635000571,0.04073094281135127,-0.8708249862759839,0.06193415730464039,-0.1411638832418248,3
0.100351569,10.002,2.5025,3.1368,3.000061905,3,-2.4399568895201957,-0.9533474809187464,-0.00754144907463342,0.050390835946891456,-0.93550274905283,0.035996372200897894,-0.13685164988040924,4
0.100351569,10.002,2.5025,3.1368,3.000061905,3,-2.4399568895201957,-1.000443758533802,-0.004335965969657991,0.046682012618985025,-0.9305082012689673,-0.04523714922368526,-0.11308146017603576,1
0.100351569,10.002,2.5025,3.1368,3.000061905,3,-2.4399568895201957,-1.0535650224937125,-0.009483136350754649,0.013533634315244854,-0.8480257158819586,0.004774089958518743,-0.15235468901693822,5
0.100177528,10.002,1.6871,3.3205,1.000119048,3,-2.3618183888629263,-0.8069304836029186,-0.015342231972608715,0.07467763650172855,-0.6948496315674856,0.13234636145061812,-0.05216750488150865,2
0.100177528,10.002,1.6871,3.3205,1.000119048,3,-2.3618183888629263,-0.9564426946896128,-0.0017720917868427931,0.06985325098969042,-0.6403211460773309,0.07168233276461251,-0.13685164988040924,4
0.100177528,10.002,1.6871,3.3205,1.000119048,3,-2.3618183888629263,-0.9821393074444495,-0.004335965969657991,0.057276013132650405,-0.7119763460173272,-0.03763740469701588,-0.11308146017603576,1
0.100177528,10.002,1.6871,3.3205,1.000119048,3,-2.3618183888629263,-0.8785377156594768,0.002071612676954828,0.03429796846350655,-0.7066424731432925,0.03405519566003932,-0.15243709299247712,3
0.100177528,10.002,1.6871,3.3205,1.000119048,3,-2.3618183888629263,-1.0505186772206798,-0.009483136350754649,0.026033785357140005,-0.6215776580106467,0.016333322506397963,-0.1309973622113466,5
0.100153869,2.003,26.666,3.3131,0.999869048,2,-0.012581343573330551,-0.8872626339853741,0.061231790406163784,0.6382335539185442,-0.6708556936914101,0.056194047575700096,-0.0874194124294445,4
0.100153869,2.003,26.666,3.3131,0.999869048,2,-0.012581343573330551,-0.8163607978867367,0.11575385488831672,0.7391376589238644,-0.6638877421431243,0.05257785470457747,-0.06413117999210954,1
0.100153869,2.003,26.666,3.3131,0.999869048,2,-0.012581343573330551,-0.8222082754125586,0.07393367152428254,0.7276978216227143,-0.6363018543971702,0.04264787220978178,-0.08961990448646247,5
0.100153869,2.003,26.666,3.3131,0.999869048,2,-0.012581343573330551,-0.7290823991177604,0.07227132380241529,0.7418188776308671,-0.7383438055741135,0.06718446016602683,-0.0888472465146333,3
0.100153869,2.003,26.666,3.3131,0.999869048,2,-0.012581343573330551,-0.718368496929761,0.09690546061377972,0.6329439768823795,-0.6768266045488417,0.12740048824693076,-0.04854326163418591,2
0.100133333,30.003,10.564,3.3534,0.103451724,1,-1.2546541361658334,-0.8333633546717465,-0.024800457982346414,0.21863546553533525,-0.6784782688366249,-0.008019441213691606,0.012962687485851348,2
0.100133333,30.003,10.564,3.3534,0.103451724,1,-1.2546541361658334,-0.9005891163297929,-0.03251240683835931,0.3011687782080844,-0.6813981624785811,0.01204643378732726,0.02725666793063283,5
0.100133333,30.003,10.564,3.3534,0.103451724,1,-1.2546541361658334,-0.7403687067478313,-0.03574176701251417,0.2899213474430144,-0.7825285829999484,0.011801792587502859,0.02951255388557911,3
0.100133333,30.003,10.564,3.3534,0.103451724,1,-1.2546541361658334,-0.8739365917886608,-0.026914416677318514,0.21534938335185871,-0.6686287152953446,0.03077785420580767,0.029652979015372692,4
0.100133333,30.003,10.564,3.3534,0.103451724,1,-1.2546541361658334,-0.8735515673845657,-0.025438747972948476,0.27397290759719906,-0.733686991201248,0.0569316328689456,0.020910691560711712,1
0.100033333,30.005,11.323,3.358,0.200013333,1,-1.2019228773503412,-0.862890521028603,-0.025844653391977772,0.3064458036329597,-0.7338017995678819,0.062089599948376414,0.020910691560711712,1
0.100033333,30.005,11.323,3.358,0.200013333,1,-1.2019228773503412,-0.7480453345979913,-0.03976345782633871,0.29553988356608896,-0.7891351974150166,0.02421654091158416,0.02978420182131231,3
0.100033333,30.005,11.323,3.358,0.200013333,1,-1.2019228773503412,-0.892017161406111,-0.029707662374712528,0.272835970481392,-0.6778830743767321,0.04361543620587326,0.026712518460117282,4
0.100033333,2.002,25.631,3.3348,0.206893103,1,-0.9912909486090514,-0.9076019695098512,0.061231790406163784,0.4984194608149119,-0.7133449664106593,0.06735555448278319,0.02244981111958623,4
0.100033333,2.002,25.631,3.3348,0.206893103,1,-0.9912909486090514,-0.8762293332390254,0.07426137148868292,0.5560850201360882,-0.6915175816649571,0.05173577801906504,0.021777613256126642,5
0.100033333,30.005,11.323,3.358,0.200013333,1,-1.2019228773503412,-0.832923690173775,-0.027743804501369596,0.23017033296171577,-0.681052477681078,-0.003580346448579803,0.012962687485851348,2
0.100033333,30.005,11.323,3.358,0.200013333,1,-1.2019228773503412,-0.9300181160937063,-0.03251240683835931,0.3317634301166981,-0.6818402910139412,0.020809481933247297,0.02775808441452682,5
0.100033333,2.002,25.631,3.3348,0.206893103,1,-0.9912909486090514,-0.8297759324638173,0.09927758868579986,0.6419650437729433,-0.722494926219806,0.056720524250995365,0.01466284153284505,1
0.100033333,2.002,25.631,3.3348,0.206893103,1,-0.9912909486090514,-0.8223328124545515,0.0867520910827443,0.4860143697098829,-0.8036062596458942,0.04611795293050818,0.013624786548316479,2
0.100033333,2.002,25.631,3.3348,0.206893103,1,-0.9912909486090514,-0.7530797937311582,0.07227132380241529,0.5800344200758264,-0.831510070405202,0.06387876799155492,0.025008919428801166,3
0.100003884,10.002,12.579,3.3584,0.0,2,-1.351134664077111,-0.7616623317496851,0.004647879117983394,0.31471544243162497,-0.7166744229220785,-0.12490224471141119,-0.11682481883093715,3
0.100003884,10.002,12.579,3.3584,0.0,2,-1.351134664077111,-0.9436882886011153,-0.0083906937437132,0.3520182396657765,-0.6136294580227696,-0.10568357633776032,-0.11049062448320911,5
0.100003884,10.002,12.579,3.3584,0.0,2,-1.351134664077111,-0.8493441598620848,-0.004505069290462416,0.3224086740310304,-0.6825692786159925,-0.12701940469443798,-0.08412966654635966,1
0.100003884,10.002,12.579,3.3584,0.0,2,-1.351134664077111,-0.799765181550756,-0.011860088468529284,0.2270562369329855,-0.6461129244533368,-0.15758388877147808,-0.052328734816983344,2
0.100003884,10.002,12.579,3.3584,0.0,2,-1.351134664077111,-0.9049851855344605,-0.003971739535918459,0.2835331544163637,-0.5922390382899902,-0.13695139010145796,-0.10144021734595299,4
0.100000111,10.003,-7.201,3.4051,0.0,2,-1.570182960851926,-0.6348597280378453,-0.006273166214232333,-0.18965392691548913,-0.5608726390008815,-0.14490849848487414,-0.08240885423263535,3
0.100000111,10.003,-7.201,3.4051,0.0,2,-1.570182960851926,-0.7672904589225072,-0.005600821221014485,-0.18281310931779443,-0.4501743274135515,-0.1665011311834678,-0.09294063878711313,4
0.100000111,10.003,-7.201,3.4051,0.0,2,-1.570182960851926,-0.7264822314973571,-0.007865668980230112,-0.18809124486520887,-0.5393928870814853,-0.14191733859363012,-0.0843259353050962,1
0.100000111,10.003,-7.201,3.4051,0.0,2,-1.570182960851926,-0.822334473496303,-0.011000179089605808,-0.18203855676110833,-0.506473486032337,-0.12335347903077491,-0.09947160168085248,5
0.100000111,10.003,-7.201,3.4051,0.0,2,-1.570182960851926,-0.6327324387122644,-0.0121667135739699,-0.1189660589536652,-0.5141387914516963,-0.17079334488604217,-0.02903217204846442,2
0.100000088,10.002,27.818,3.3897,0.0,2,-0.6318162910214684,-0.8907912812416907,0.0032185144780669363,0.7006537245213985,-0.44854664894752205,-0.14239485187164974,-0.08282240252010524,4
0.100000088,10.002,27.818,3.3897,0.0,2,-0.6318162910214684,-0.8202568768794299,0.005494062283833046,0.7185524215782061,-0.5607400913420133,-0.1348727485211566,-0.05759425054304302,1
0.100000088,10.002,27.818,3.3897,0.0,2,-0.6318162910214684,-0.858660773942247,-0.0044672348676249385,0.7278669682657346,-0.5514220753288828,-0.10236107604461722,-0.08348747019423172,5
0.100000088,10.002,27.818,3.3897,0.0,2,-0.6318162910214684,-0.679813871413935,-0.0027056689793244003,0.7135305873863399,-0.5764250899618492,-0.14324123352533205,-0.0418459256272763,2
0.100000088,10.002,27.818,3.3897,0.0,2,-0.6318162910214684,-0.6898073667380958,0.01580692533403635,0.7935789414751343,-0.6024033175373915,-0.11854818635736591,-0.08333807741757482,3
0.100000026,30.001,27.84,3.3998,0.0,2,-0.9554772075100345,-0.8151026336188079,-0.036543839145451784,0.6958855231758208,-0.5654113462311215,-0.1318053688108921,-0.05759425054304302,1
0.100000026,30.001,27.84,3.3998,0.0,2,-0.9554772075100345,-0.6744026709976606,-0.038813533997163176,0.7086263962229714,-0.5744664406985975,-0.1431750948051922,-0.040402201134711505,2
0.100000026,30.001,27.84,3.3998,0.0,2,-0.9554772075100345,-0.8876928022701759,-0.035821978598833085,0.6856400968041271,-0.4537211798364297,-0.1400100772868609,-0.08282240252010524,4
0.100000026,30.001,27.84,3.3998,0.0,2,-0.9554772075100345,-0.858660773942247,-0.03307110100053251,0.7219823296740651,-0.5602580278948881,-0.09982082970323973,-0.08217667031567544,5
0.100000026,30.001,27.84,3.3998,0.0,2,-0.9554772075100345,-0.6826390640903264,-0.04688693799544126,0.7381746250926517,-0.614673897937173,-0.11751161540974862,-0.07736252487287856,3
0.1,30.004,40.14,3.3651,0.214285714,1,-0.9020749066957039,-0.8922577137756161,-0.03644423535675742,0.6694079147581943,-0.6791848324169405,0.05950107402633876,0.01466284153284505,1
0.1,2.003,25.279,3.345,0.206896552,1,-0.7965565592512569,-0.9020999767049216,0.061231790406163784,0.5006490700389259,-0.6930527906818316,0.06545210343494545,0.02244981111958623,4
0.1,30.002,26.086,3.3508,0.107142857,1,-1.0606594918364194,-0.8862261823812151,-0.028659382076002656,0.6133104994590394,-0.6708581767440773,0.06386551182251424,0.01466284153284505,1
0.1,30.004,40.14,3.3651,0.214285714,1,-0.9020749066957039,-0.8657727201993112,-0.03709645983297378,0.6655569064687006,-0.6614248592266813,0.06587611910304986,0.01900375422090292,4
0.1,10.003,40.26,3.3704,0.206896552,1,-0.6068468531051026,-0.726302896727284,0.011746826071757824,0.7035008166218176,-0.8001785275910516,0.06550531050015707,0.022661012321477755,3
0.1,10.003,40.26,3.3704,0.206896552,1,-0.6068468531051026,-0.8840372302476317,-0.0001926227961666882,0.7243047239538282,-0.6442512784106657,0.05132362543256022,0.02169568826444447,5
0.1,2.003,25.279,3.345,0.206896552,1,-0.7965565592512569,-0.8076085183661781,0.06713014660635963,0.48356633105315266,-0.7955740282929037,0.06387876799155492,0.025008919428801166,3
0.1,30.004,40.14,3.3651,0.214285714,1,-0.9020749066957039,-0.719914515762066,-0.05583922111429274,0.670984477493912,-0.7879613547329791,0.07614589842793067,0.022661012321477755,3
0.1,30.002,26.086,3.3508,0.107142857,1,-1.0606594918364194,-0.7751677711633965,-0.03316058841533959,0.5128910329123028,-0.729598828048911,-0.007889576965244487,0.010917900600470603,2
0.1,2.003,25.279,3.345,0.206896552,1,-0.7965565592512569,-0.8377279621222988,0.0867520910827443,0.48692101836903023,-0.78264578291215,0.06690296554821544,0.013624786548316479,2
0.1,2.002,40.402,3.3523,0.206893103,1,-0.5146718310782337,-0.8439158809522632,0.061231790406163784,0.6990996353770607,-0.6685376976896077,0.06298183725622948,0.01900375422090292,4
0.1,10.001,11.279,3.3325,0.206886207,1,-1.1684333637447584,-0.8906868259678595,0.011307810314465315,0.27542061065556483,-0.73100244584959,0.06787849084590562,0.026712518460117282,4
0.1,10.001,11.279,3.3325,0.206886207,1,-1.1684333637447584,-0.9191830610198667,0.020002839346416293,0.33156523600686344,-0.7061308959079906,0.052490043670404704,0.02835009329020977,5
0.1,10.003,40.26,3.3704,0.206896552,1,-0.6068468531051026,-0.8538608499488327,0.002689860521350056,0.6973378883278929,-0.6732223941665143,0.06334140045451932,0.01900375422090292,4
0.1,30.002,26.086,3.3508,0.107142857,1,-1.0606594918364194,-0.695164532585477,-0.04582070128060877,0.6211150236800314,-0.7832422202650924,0.009801023130421527,0.022197863053297625,3
0.1,30.002,26.086,3.3508,0.107142857,1,-1.0606594918364194,-0.9090823408169671,-0.03769080949132331,0.5754680972872301,-0.6643814122211188,0.018301170497434214,0.02118560438044369,5
0.1,30.004,40.14,3.3651,0.214285714,1,-0.9020749066957039,-0.7391926866164431,-0.037754990041721614,0.6899376826477237,-0.6305412088544108,0.14497780959005468,0.01161293463781476,2
0.1,30.002,26.086,3.3508,0.107142857,1,-1.0606594918364194,-0.8985416271840222,-0.029715756722725927,0.5864935381966643,-0.6463975145760924,0.03477259637671523,0.02244981111958623,4
0.1,30.004,40.14,3.3651,0.214285714,1,-0.9020749066957039,-0.8830383527372032,-0.04010778153664432,0.7018838280020282,-0.6416415147297084,0.05873458465677686,0.02169568826444447,5
0.1,2.002,40.402,3.3523,0.206893103,1,-0.5146718310782337,-0.8547042915638303,0.07705689838854596,0.7077337931003421,-0.6760281816544012,0.05140555041492917,0.021777613256126642,5
0.1,10.001,11.279,3.3325,0.206886207,1,-1.1684333637447584,-0.7720668020061566,0.018923324853531084,0.30874268578831104,-0.803849779976299,0.06638211111479904,0.03024735108949244,3
0.1,2.002,40.402,3.3523,0.206893103,1,-0.5146718310782337,-0.8628371475473977,0.0914333492264268,0.6960609634686261,-0.7017390062846244,0.06083665004349314,0.01466284153284505,1
0.1,10.002,25.345,3.3518,0.214278571,1,-0.9700756194932365,-0.8275373913985095,0.00827759767184034,0.465794484349899,-0.7938172433630097,0.07913561806839425,0.025008919428801166,3
0.1,10.001,11.279,3.3325,0.206886207,1,-1.1684333637447584,-0.856031901598908,0.008248381472658366,0.23474126710323617,-0.7600295399758034,0.04965968717238866,0.01378110410645604,2
0.1,10.002,25.345,3.3518,0.214278571,1,-0.9700756194932365,-0.9429841574793681,-0.0004383977805264294,0.5209126696316525,-0.7045742299826816,0.058970434410730375,0.021777613256126642,5
0.1,10.003,40.26,3.3704,0.206896552,1,-0.6068468531051026,-0.8857269524014555,-0.00785238483658759,0.6851717675547115,-0.6649652436561883,0.06239366951864213,0.01466284153284505,1
0.1,2.002,40.402,3.3523,0.206893103,1,-0.5146718310782337,-0.7271388710555038,0.07227132380241529,0.7181828827178106,-0.7944488228077534,0.06494464903895278,0.022661012321477755,3
0.1,10.002,25.345,3.3518,0.214278571,1,-0.9700756194932365,-0.92223145757569,0.0075585406392929145,0.5934698590706102,-0.7174473864678294,0.0428404780710116,0.01466284153284505,1
0.1,10.002,25.345,3.3518,0.214278571,1,-0.9700756194932365,-0.8630611730413511,-0.00422901168698445,0.4608207332144957,-0.7358879131311551,0.10011022435384803,0.013552060965448618,2
0.1,10.002,25.345,3.3518,0.214278571,1,-0.9700756194932365,-0.9120449457014911,0.002689860521350056,0.49604287460213525,-0.7005819356208667,0.07150056529906579,0.02244981111958623,4
0.1,2.003,25.279,3.345,0.206896552,1,-0.7965565592512569,-0.8814068294269964,0.09005161132459762,0.6048893881635741,-0.722494926219806,0.056720524250995365,0.01466284153284505,1
0.1,10.003,40.26,3.3704,0.206896552,1,-0.6068468531051026,-0.7291463500121609,-0.00422901168698445,0.7210695496283006,-0.6973007233627141,0.06457003811257891,0.011663591638207436,2
0.1,2.003,25.279,3.345,0.206896552,1,-0.7965565592512569,-0.910738919050782,0.07705689838854596,0.5283845755597576,-0.6994160162424669,0.05173577801906504,0.021777613256126642,5
0.1,10.001,11.279,3.3325,0.206886207,1,-1.1684333637447584,-0.8797301018951111,-0.0007471865109982901,0.310993146863766,-0.7790240488108248,0.07655884059611708,0.020910691560711712,1
0.1,2.002,40.402,3.3523,0.206893103,1,-0.5146718310782337,-0.7189816178567707,0.07807806131895631,0.7169187874009367,-0.7133157663140446,0.04279110984760336,0.011736317221075297,2
0.09999073,10.002,-17.161,3.4396,0.0,2,-1.6549112420252026,-0.4966713941207854,-0.009635389351751655,-0.42556082412600515,-0.3841445389320143,-0.16171420635655523,-0.02903217204846442,2
0.09999073,10.002,-17.161,3.4396,0.0,2,-1.6549112420252026,-0.6804786369367503,-0.008902068324387074,-0.4569557379954495,-0.39079713079612705,-0.11875503167393617,-0.10078240155940875,5
0.09999073,10.002,-17.161,3.4396,0.0,2,-1.6549112420252026,-0.523951704245992,-0.0007213111739838496,-0.45248304076492785,-0.41238170606317,-0.13638482997543178,-0.08240885423263535,3
0.09999073,10.002,-17.161,3.4396,0.0,2,-1.6549112420252026,-0.6182447439772659,-0.004199282531335485,-0.44828804792370647,-0.41532017754158007,-0.13142056694137863,-0.0843259353050962,1
0.09999073,10.002,-17.161,3.4396,0.0,2,-1.6549112420252026,-0.6302370698039885,-0.003771634972654283,-0.43991644762689247,-0.3681986345164478,-0.1547456054436043,-0.09294063878711313,4
0.099988695,10.003,42.627,3.3837,0.0,2,0.15770459068099013,-0.688971392409876,0.014134976537898183,0.8081823892262764,-0.6024033175373915,-0.11854818635736591,-0.08333807741757482,3
0.099988695,10.003,42.627,3.3837,0.0,2,0.15770459068099013,-0.858660773942247,-0.0024600725527852774,0.7618543395912275,-0.5516724454867653,-0.10170567585038953,-0.08217667031567544,5
0.099988695,10.003,42.627,3.3837,0.0,2,0.15770459068099013,-0.8391900326567702,0.0032185144780669363,0.8317749155126513,-0.4308830967359245,-0.1351100344763836,-0.06843511498533189,4
0.099988695,10.003,42.627,3.3837,0.0,2,0.15770459068099013,-0.6762695686309599,-0.0027056689793244003,0.7767611764091998,-0.573241737280041,-0.14324123352533205,-0.0418459256272763,2
0.099988695,10.003,42.627,3.3837,0.0,2,0.15770459068099013,-0.8213525566543103,-0.012533613240520936,0.7185251546930522,-0.5797329043108038,-0.13443456639070064,-0.05759425054304302,1
0.099987686,10.003,2.3884,3.3904,0.0,2,-1.4286603502074027,-0.7406808728491887,-0.0121667135739699,0.08302375864703208,-0.5912804319639691,-0.1632941737002693,-0.045930764176882806,2
0.099987686,10.003,2.3884,3.3904,0.0,2,-1.4286603502074027,-0.8559975426681922,-0.008080421247577761,0.07306285969680175,-0.6373671392910183,-0.12933038823772222,-0.10654453072696925,1
0.099987686,10.003,2.3884,3.3904,0.0,2,-1.4286603502074027,-0.9498351561743766,-0.011000179089605808,0.05362840683199465,-0.5492552087386139,-0.10150192493223585,-0.12050237171817571,5
0.099987686,10.003,2.3884,3.3904,0.0,2,-1.4286603502074027,-0.7707375472108834,-0.004856758376699872,0.02964527122210711,-0.6577566993772053,-0.1260254885966424,-0.12509375903755426,3
0.099987686,10.003,2.3884,3.3904,0.0,2,-1.4286603502074027,-0.8947556699987035,-0.004383856313070283,0.07764970547985285,-0.5098050844155659,-0.15356457900663373,-0.11445175535976887,4
0.099968764,10.003,0.90388,3.41,0.0,3,-2.2420798362363006,-0.89386994884233,-0.005600821221014485,0.01991559033282101,-0.512179323071614,-0.15413044460816308,-0.1222980867465958,4
0.099968764,10.003,0.90388,3.41,0.0,3,-2.2420798362363006,-0.8374332896238775,-0.008564303124148864,-0.03976803344907239,-0.549416968121659,-0.13945984167396092,-0.08961472993716597,1
0.099968764,10.003,0.90388,3.41,0.0,3,-2.2420798362363006,-0.7732031032419764,-0.004856758376699872,-0.01114623757544905,-0.6022841476579197,-0.13022067932994105,-0.12169991927454248,3
0.099968764,10.003,0.90388,3.41,0.0,3,-2.2420798362363006,-0.7287566441734089,-0.0121667135739699,-0.00826292927376926,-0.5371813384699635,-0.16380120813613758,-0.03534774572588503,2
0.099968764,10.003,0.90388,3.41,0.0,3,-2.2420798362363006,-0.9708034593425691,-0.011000179089605808,0.05362840683199465,-0.5322147884420702,-0.10150192493223585,-0.1235541280405596,5
0.099966667,10.003,1.9335,3.3301,0.200006667,1,-1.2219881123088252,-0.891418698169291,-0.0037792742042802273,0.0988108468381688,-0.6629609877475013,0.04695666737970896,0.029652979015372692,4
0.099966667,30.003,10.632,3.3642,0.193558065,1,-1.2964511260146618,-0.8837995619527647,-0.02522441960289143,0.27896341604180636,-0.7338017995678819,0.062089599948376414,0.020910691560711712,1
0.099966667,2.002,11.148,3.2913,0.214282143,1,-1.3596850893387515,-0.8906868259678595,0.05617260290309787,0.29448412722209466,-0.8047845724690705,0.07090532819449435,0.026712518460117282,4
0.099966667,10.002,1.3187,3.3282,0.200006667,1,-1.2777313895606284,-0.891418698169291,-0.0037792742042802273,0.09338259916286916,-0.658111993472412,0.04639003627118655,0.029652979015372692,4
0.099966667,10.003,1.8797,3.2932,0.206889655,1,-0.9744861747567876,-0.8863384772068821,-0.003472947501577437,0.09150346629787237,-0.7934103701821005,0.06754769503488206,0.029652979015372692,4
0.099966667,10.002,1.0404,3.27,0.206889655,1,-1.3460818761395046,-0.8863384772068821,-0.003472947501577437,0.08607521862257272,-0.7885613759070111,0.06698106392635964,0.029652979015372692,4
0.099966667,10.002,1.3187,3.3282,0.200006667,1,-1.2777313895606284,-0.9241176832164638,-0.0103024786664173,0.07398127967026084,-0.6147988576069474,0.01962490689009428,0.030801472472958266,5
0.099966667,10.003,1.8797,3.2932,0.206889655,1,-0.9744861747567876,-0.9285896929283627,-0.008909661401994527,0.061440186663530766,-0.696539790155366,0.04982976832427084,0.031045300085097552,5
0.099966667,10.002,1.0404,3.27,0.206889655,1,-1.3460818761395046,-0.9285896929283627,-0.009155436386354267,0.05706570656504482,-0.7337096118088812,0.04991169330663979,0.031127225076779723,5
0.099966667,10.004,25.278,3.3586,0.206896552,1,-0.8629940372718347,-0.9049883138923905,-0.016496775147679728,0.5762948167184367,-0.7089973627496511,0.058281132974661885,0.014338852290529757,1
0.099966667,2.004,11.34,3.3209,0.200013333,1,-1.1263516418472705,-0.8957670469302684,0.055866276200395075,0.27718235770473254,-0.6989443399524317,0.04376276261347812,0.026712518460117282,4
0.099966667,2.002,10.656,3.3138,0.206893103,1,-1.1873736279619693,-0.8747942137974314,0.05787345861783251,0.21988625345984475,-0.7297879087505862,0.06872642524715047,0.029652979015372692,4
0.099966667,30.003,10.632,3.3642,0.193558065,1,-1.2964511260146618,-0.8839009570120834,-0.026914416677318514,0.21901648986386135,-0.6691164423711597,0.03756284088711254,0.029652979015372692,4
0.099966667,30.003,10.632,3.3642,0.193558065,1,-1.2964511260146618,-0.7728837065733387,-0.03574176701251417,0.2754653399437666,-0.7825285829999484,0.011801792587502859,0.02951255388557911,3
0.099966667,2.002,11.148,3.2913,0.214282143,1,-1.3596850893387515,-0.8893925354041857,0.07033791261259466,0.3223411043966189,-0.7469417815702036,0.06047814948717132,0.02784867680631578,5
0.099966667,2.002,10.656,3.3138,0.206893103,1,-1.1873736279619693,-0.8014236821196391,0.05352299021498766,0.29172185723204164,-0.804228127192473,0.06554910263919737,0.02997570315375924,3
0.099966667,10.004,25.278,3.3586,0.206896552,1,-0.8629940372718347,-0.8242834997130558,-0.01577636818634346,0.4721428634156473,-0.717955048631411,0.06782579073566013,0.013501403965055942,2
0.099966667,2.002,10.656,3.3138,0.206893103,1,-1.1873736279619693,-0.8951167940138839,0.08123044052888873,0.27846074737375603,-0.774365622450132,0.057384592585731295,0.020910691560711712,1
0.099966667,10.004,25.278,3.3586,0.206896552,1,-0.8629940372718347,-0.9114486603881232,0.0014025589264929294,0.4989820537692867,-0.6977374871587381,0.06640795202110894,0.02244981111958623,4
0.099966667,2.002,11.148,3.2913,0.214282143,1,-1.3596850893387515,-0.9030186455254443,0.08123044052888873,0.31078708020737394,-0.8098120507621206,0.04159667558269575,0.020910691560711712,1
0.099966667,10.004,25.278,3.3586,0.206896552,1,-0.8629940372718347,-0.82313381498534,-0.017950102912727743,0.4383330422081053,-0.801094713556813,0.06335934398521204,0.025008919428801166,3
0.099966667,10.004,25.278,3.3586,0.206896552,1,-0.8629940372718347,-0.9400718577345833,-0.0001926227961666882,0.5245299969753251,-0.7039511291356757,0.05165385303669609,0.02169568826444447,5
0.099966667,2.002,10.656,3.3138,0.206893103,1,-1.1873736279619693,-0.8864802348398371,0.07033791261259466,0.3270343153597787,-0.7227766926633195,0.052490043670404704,0.02784867680631578,5
0.099966667,30.003,10.632,3.3642,0.193558065,1,-1.2964511260146618,-0.8333633546717465,-0.024800457982346414,0.2143195616500452,-0.6777932053105906,-0.004388601366663351,0.012962687485851348,2
0.099966667,2.004,11.34,3.3209,0.200013333,1,-1.1263516418472705,-0.8014236821196391,0.05320907041372266,0.29013750485144557,-0.792144587872317,0.026377321024774573,0.02978420182131231,3
0.099966667,2.002,11.148,3.2913,0.214282143,1,-1.3596850893387515,-0.8213525551519706,0.05352299021498766,0.29118734571151433,-0.8241355533932802,0.0723472278373083,0.03024735108949244,3
0.099966667,2.004,11.34,3.3209,0.200013333,1,-1.1263516418472705,-0.8361611033743247,0.08833695479203016,0.24334755528951063,-0.7469831568491645,-0.004720512634376064,0.013280004775151611,2
0.099966667,10.003,1.9335,3.3301,0.200006667,1,-1.2219881123088252,-0.8066727714784793,-0.0015145496051991358,0.073156102609355,-0.7253571199707222,0.0325359400731395,0.031725690485909584,3
0.099966667,10.002,1.3187,3.3282,0.200006667,1,-1.2777313895606284,-0.7927571914516739,0.001757692875689827,0.06343904660781846,-0.7328278897039127,0.0325359400731395,0.031725690485909584,3
0.099966667,10.003,1.8797,3.2932,0.206889655,1,-0.9744861747567876,-0.8066727714784793,-0.0012006298039341345,0.06906717309029772,-0.7535696117940824,0.07030677884322359,0.03218883975408971,3
0.099966667,10.002,1.0404,3.27,0.206889655,1,-1.3460818761395046,-0.7927571914516739,0.002071612676954828,0.05935011708876118,-0.7610403815272729,0.07030677884322359,0.03218883975408971,3
0.099966667,30.003,10.632,3.3642,0.193558065,1,-1.2964511260146618,-0.9070935983560048,-0.03251240683835931,0.3302768323337659,-0.6453664910793304,0.02013670447980985,0.02725666793063283,5
0.099966667,10.003,1.9335,3.3301,0.200006667,1,-1.2219881123088252,-0.8957330482886755,-0.006716341955179814,0.10727920550853014,-0.7107398363784887,0.06459145179018379,0.02592545805266127,1
0.099966667,10.002,1.3187,3.3282,0.200006667,1,-1.2777313895606284,-0.906210386880266,-0.0061026015380048195,0.09955198461888358,-0.725425750289578,0.06459145179018379,0.02592545805266127,1
0.099966667,10.003,1.8797,3.2932,0.206889655,1,-0.9744861747567876,-0.8983881555745029,-0.007422689757368062,0.10211492805974558,-0.7503061257419177,0.08040674058720469,0.02592545805266127,1
0.099966667,10.002,1.0404,3.27,0.206889655,1,-1.3460818761395046,-0.8891758815725916,-0.0050337289451272225,0.08345577352447435,-0.7850662903883494,0.08040674058720469,0.024941084638703613,1
0.099966667,2.004,11.34,3.3209,0.200013333,1,-1.1263516418472705,-0.8926764547885978,0.03908125778689282,0.3077763410541229,-0.7607928254548461,0.06034485708223656,0.020910691560711712,1
0.099966667,10.003,1.9335,3.3301,0.200006667,1,-1.2219881123088252,-0.9241176832164638,-0.009872372460085899,0.07398127967026084,-0.6150651137158275,0.019727313108742237,0.03053521620109677,5
0.099966667,10.003,1.9335,3.3301,0.200006667,1,-1.2219881123088252,-0.7998189932014793,-0.017822914060670884,0.09142399220669177,-0.7404644498531706,0.0036769200663547964,0.011926610567606986,2
0.099966667,2.004,11.34,3.3209,0.200013333,1,-1.1263516418472705,-0.9118200190289645,0.06919087033253163,0.344722007275559,-0.6909492318471894,0.020804938862565906,0.028024340686388313,5
0.099966667,2.002,10.656,3.3138,0.206893103,1,-1.1873736279619693,-0.8511220091534778,0.08183288362808526,0.21950130662182346,-0.7598637793655507,0.04863304775557481,0.01378110410645604,2
0.099966667,10.002,1.0404,3.27,0.206889655,1,-1.3460818761395046,-0.807066465774551,-0.015456037882249802,0.04518750954361167,-0.7575268275453709,0.059967798040015625,0.011974086295813322,2
0.099966667,10.003,1.8797,3.2932,0.206889655,1,-0.9744861747567876,-0.8121419120114297,-0.015456037882249802,0.09175073570513632,-0.7626905033062212,0.060238885980797935,0.012621644604951143,2
0.099966667,2.002,11.148,3.2913,0.214282143,1,-1.3596850893387515,-0.8636525009153411,0.08852206491865218,0.25944906123215333,-0.7680509519577027,0.1026580429484602,0.01378110410645604,2
0.099966667,10.002,1.3187,3.3282,0.200006667,1,-1.2777313895606284,-0.7947435469646007,-0.017822914060670884,0.05131311552540865,-0.70361426245654,0.002509722829563543,0.011279052258469164,2
0.099933333,30.004,10.653,3.3115,0.107142857,1,-1.187747687712169,-0.8944508830286213,-0.028910104649839924,0.2737991385930218,-0.7633448922936804,0.060909463544376194,0.020910691560711712,1
0.099933333,10.001,-7.389,3.1476,0.133258621,1,-1.360698400453099,-0.6876648025558098,0.005415645914617926,-0.11074083388841245,-0.66874289205065,0.007134903506957926,0.009451535465195775,2
0.099933333,3.518,11.328,3.2984,0.206896552,1,-0.5370316713700333,-0.9009991802019067,0.017175383705471177,0.3077763410541229,-0.7937099627219141,0.057783287302590906,0.020910691560711712,1
0.099933333,10.001,-7.389,3.1476,0.133258621,1,-1.360698400453099,-0.7751514653087361,0.01685774423647672,-0.15461209408007562,-0.7634986277262215,0.028736000410281123,0.02872559259645641,5
0.099933333,10.001,-7.389,3.1476,0.133258621,1,-1.360698400453099,-0.7640433950489387,0.0053877011826261876,-0.15180456520523877,-0.7072881004586816,0.04745377823826857,0.026242186250165105,4
0.099933333,3.518,11.328,3.2984,0.206896552,1,-0.5370316713700333,-0.8421813704958185,0.055011224530171605,0.25420019623590634,-0.7497084472025745,0.0704446997900959,0.01378110410645604,2
0.099933333,30.004,10.653,3.3115,0.107142857,1,-1.187747687712169,-0.8445063094981015,-0.031139205070212485,0.21738354581641034,-0.7534744287189096,-0.0046069858653936535,0.012962687485851348,2
0.099933333,30.004,10.653,3.3115,0.107142857,1,-1.187747687712169,-0.7728837065733387,-0.03699744629207999,0.27365321159362793,-0.7918742370908148,0.018148919473751447,0.02951255388557911,3
0.099933333,30.004,10.653,3.3115,0.107142857,1,-1.187747687712169,-0.9070935983560048,-0.027310603618388996,0.3216295730415732,-0.6986585605656728,0.02013670447980985,0.02725666793063283,5
0.099933333,3.518,11.328,3.2984,0.206896552,1,-0.5370316713700333,-0.9162920287408634,0.06065527776721865,0.3579864866146818,-0.7244184874603525,0.052490043670404704,0.02835009329020977,5
0.099933333,10.001,-7.389,3.1476,0.133258621,1,-1.360698400453099,-0.7949579112199717,-0.0026278136254404673,-0.15489126592874528,-0.8009080779459328,0.061752478093840185,0.022494026473723353,1
0.099933333,3.518,11.328,3.2984,0.206896552,1,-0.5370316713700333,-0.8906868259678595,0.05787345861783251,0.29732857560971754,-0.7494455034984275,0.06703030617616605,0.026712518460117282,4
0.099933333,30.004,10.653,3.3115,0.107142857,1,-1.187747687712169,-0.8862984324409626,-0.029707662374712528,0.23916270793648436,-0.7112489866558462,0.03861956203705631,0.029652979015372692,4
0.099933333,3.518,11.328,3.2984,0.206896552,1,-0.5370316713700333,-0.8014236821196391,0.027150674112490378,0.2893164301523939,-0.8271682774682995,0.058211700682877565,0.03024735108949244,3
0.099933333,10.001,-7.389,3.1476,0.133258621,1,-1.360698400453099,-0.6662707517258241,0.00952432879654225,-0.14928144663805143,-0.7836384168535006,0.0318171973733115,0.027763692820444705,3
0.0999,2.003,-8.4391,3.0745,0.206896552,1,-1.34723671583098,-0.6615183059306582,0.07968931528739631,-0.14369199488486628,-0.6668237032764591,0.06815221172349993,0.009952634796500206,2
0.0999,30.002,-5.1743,3.0992,0.042778571,1,-1.3548516232382208,-0.7474917526257923,-0.025480568185448648,-0.038631239627138714,-0.6912992547778413,-0.024600484614493327,0.00984989974182099,2
0.0999,2.003,-8.4391,3.0745,0.206896552,1,-1.34723671583098,-0.7614565286150901,0.06833985978271812,-0.1645073079201393,-0.7998490911116823,0.04614634284283966,0.029051345200277866,5
0.0999,2.003,-8.4391,3.0745,0.206896552,1,-1.34723671583098,-0.6716354008539929,0.04165904493944254,-0.17019311746116728,-0.8289138498564717,0.051313310365367217,0.028226842088624835,3
0.0999,2.003,-8.4391,3.0745,0.206896552,1,-1.34723671583098,-0.7453118007187731,0.06810830658301711,-0.16012412677286192,-0.8392279064049945,0.06302002470416483,0.026242186250165105,4
0.0999,2.003,-8.4391,3.0745,0.206896552,1,-1.34723671583098,-0.7794704002747312,0.06885737439821242,-0.17010225776582957,-0.8159695997438393,0.05839351888047531,0.022494026473723353,1
0.0999,30.002,-5.1743,3.0992,0.042778571,1,-1.3548516232382208,-0.7026948218289181,-0.018812177052604965,-0.09009266750654206,-0.782054111053003,0.026012795089918654,0.02827817135490477,3
0.0999,30.002,-5.1743,3.0992,0.042778571,1,-1.3548516232382208,-0.8647306843055412,-0.02281663801171817,-0.09166819171514362,-0.7432952429738361,0.020515374727547168,0.029276293078437446,5
0.0999,30.002,-5.1743,3.0992,0.042778571,1,-1.3548516232382208,-0.8647306843055412,-0.02281663801171817,-0.09166819171514362,-0.7432952429738361,0.020515374727547168,0.029276293078437446,5
0.0999,30.002,-5.1743,3.0992,0.042778571,1,-1.3548516232382208,-0.8607778567043716,-0.02081471521174535,-0.0761689240927808,-0.804851086572744,0.05130174189340323,0.022695835968479513,1
0.0999,30.002,-5.1743,3.0992,0.042778571,1,-1.3548516232382208,-0.7474917526257923,-0.025480568185448648,-0.038631239627138714,-0.6912992547778413,-0.024600484614493327,0.00984989974182099,2
0.0999,30.002,-5.1743,3.0992,0.042778571,1,-1.3548516232382208,-0.8607778567043716,-0.02081471521174535,-0.0761689240927808,-0.804851086572744,0.05130174189340323,0.022695835968479513,1
0.0999,30.002,-5.1743,3.0992,0.042778571,1,-1.3548516232382208,-0.7026948218289181,-0.018812177052604965,-0.09009266750654206,-0.782054111053003,0.026012795089918654,0.02827817135490477,3
0.0999,30.002,-5.1743,3.0992,0.042778571,1,-1.3548516232382208,-0.8599775732378475,-0.02252045597648248,-0.07547490537632257,-0.7598979104286991,0.033110950427362694,0.026502559590153397,4
0.0999,30.002,-5.1743,3.0992,0.042778571,1,-1.3548516232382208,-0.8599775732378475,-0.02252045597648248,-0.07547490537632257,-0.7598979104286991,0.033110950427362694,0.026502559590153397,4
0.099833333,30.004,-12.706,2.8688,0.031373103,1,-1.3602037483058198,-0.6569890515264706,-0.024605172137962653,-0.3069368157396093,-0.6868550282693469,-0.04709024938754738,0.021898992503993214,1
0.099833333,30.004,-12.706,2.8688,0.031373103,1,-1.3602037483058198,-0.6108162227817229,-0.021200817999779246,-0.19701366638299078,-0.7355619231297169,-0.06280144967022352,0.02701283105649054,3
0.099833333,30.004,-12.706,2.8688,0.031373103,1,-1.3602037483058198,-0.6480494575912599,-0.030199600907508284,-0.2750508754863404,-0.6925353102711961,-0.053126919631613416,0.026024647038429976,4
0.099833333,30.004,-12.706,2.8688,0.031373103,1,-1.3602037483058198,-0.6808173444890417,-0.024318719391012565,-0.3251270743855275,-0.6866990690829698,0.015783782014623285,0.028459336324594915,5
0.099833333,30.004,-12.706,2.8688,0.031373103,1,-1.3602037483058198,-0.6808173444890417,-0.024318719391012565,-0.3251270743855275,-0.6866990690829698,0.015783782014623285,0.028459336324594915,5
0.099833333,30.004,-12.706,2.8688,0.031373103,1,-1.3602037483058198,-0.5536254118516808,-0.028046552599407734,-0.2604471277928678,-0.5860112239560112,-0.11776197147264611,0.008767246860079467,2
0.099833333,30.004,-12.706,2.8688,0.031373103,1,-1.3602037483058198,-0.6569890515264706,-0.024605172137962653,-0.3069368157396093,-0.6868550282693469,-0.04709024938754738,0.021898992503993214,1
0.099833333,30.004,-12.706,2.8688,0.031373103,1,-1.3602037483058198,-0.6480494575912599,-0.030199600907508284,-0.2750508754863404,-0.6925353102711961,-0.053126919631613416,0.026024647038429976,4
0.099833333,30.004,-12.706,2.8688,0.031373103,1,-1.3602037483058198,-0.5536254118516808,-0.028046552599407734,-0.2604471277928678,-0.5860112239560112,-0.11776197147264611,0.008767246860079467,2
0.099833333,30.004,-12.706,2.8688,0.031373103,1,-1.3602037483058198,-0.6108162227817229,-0.021200817999779246,-0.19701366638299078,-0.7355619231297169,-0.06280144967022352,0.02701283105649054,3
0.099666667,30.004,25.582,3.3736,0.200006667,1,-1.0520896154698995,-0.7613166508529684,-0.054818981755524875,0.5296731382235884,-0.7923352469853125,0.02254620626394171,0.024545770160621032,3
0.099666667,30.004,25.582,3.3736,0.200006667,1,-1.0520896154698995,-0.7914345325669274,-0.03644265703856945,0.45959362558787686,-0.7159559474210255,-0.0071220806904602795,0.012806369927711786,2
0.099666667,30.002,25.721,3.3436,0.206893103,1,-1.0740586470674602,-0.9358729896321892,-0.03672809843323194,0.5200031447550282,-0.7003753411304205,0.05080494916182943,0.02169568826444447,5
0.099666667,30.002,25.721,3.3436,0.206893103,1,-1.0740586470674602,-0.8169896171963774,-0.03531666618073359,0.46884420674527066,-0.8011125338845886,0.04704077811795287,0.01161293463781476,2
0.099666667,30.002,25.721,3.3436,0.206893103,1,-1.0740586470674602,-0.7612107676904998,-0.04573772982694209,0.5944981146976351,-0.8099468242668081,0.06329477659717668,0.025008919428801166,3
0.099666667,30.002,25.721,3.3436,0.206893103,1,-1.0740586470674602,-0.8994777571107261,-0.03036979083204642,0.5786315322178416,-0.7185914304782637,0.05562917470000684,0.01466284153284505,1
0.099666667,30.004,25.582,3.3736,0.200006667,1,-1.0520896154698995,-0.8717935811370262,-0.04018873192253523,0.5940213551628404,-0.6599646602408029,0.061425531613640484,0.01466284153284505,1
0.099666667,30.002,25.721,3.3436,0.206893103,1,-1.0740586470674602,-0.9127183021395467,-0.029307018402032554,0.49032872187672183,-0.6901437997352332,0.06454851858434267,0.02244981111958623,4
0.099666667,30.004,25.582,3.3736,0.200006667,1,-1.0520896154698995,-0.9141041769715957,-0.03455290067475289,0.49282352880341934,-0.6289630996435881,0.04345206304104068,0.02244981111958623,4
0.099666667,30.004,25.582,3.3736,0.200006667,1,-1.0520896154698995,-0.9314009799202904,-0.039192890870617704,0.5404286541929468,-0.6432918390538543,0.020055216281907633,0.02118560438044369,5
0.099633333,30.002,0.82813,3.1941,0.198937931,1,-1.343053387908222,-0.8689163222885691,-0.02252045597648248,0.03764936397317797,-0.7939966109441593,0.048633256939938294,0.02801499882247299,4
0.099633333,30.002,0.82813,3.1941,0.198937931,1,-1.343053387908222,-0.7812883160630009,-0.025480568185448648,0.001930657396442257,-0.6952255021873861,0.0056901844486128535,0.010256600873544812,2
0.099633333,30.002,0.82813,3.1941,0.198937931,1,-1.343053387908222,-0.883268285660597,-0.021220620630774647,-0.02019431289052591,-0.7545368619449436,0.06343344792257995,0.023284078754950314,1
0.099633333,30.002,0.82813,3.1941,0.198937931,1,-1.343053387908222,-0.9285085677891038,-0.02281663801171817,0.060360181159339846,-0.836885617027292,0.02323310341220349,0.0318984498269856,5
0.099633333,30.002,0.82813,3.1941,0.198937931,1,-1.343053387908222,-0.7823213015761575,-0.018694143073516897,-0.017577863074839117,-0.7928993135865312,0.028471942606556694,0.028862844463437797,3
0.050088768,10.002,1.5939,2.8473,1.000094286,3,-3.0104865756451713,-0.9650746965012513,-0.00754144907463342,0.053257806987967345,-0.9359904761286453,0.045344343969482,-0.13685164988040924,4
0.050088768,10.002,1.5939,2.8473,1.000094286,3,-3.0104865756451713,-1.0656616095732898,-0.009483136350754649,0.03019655155017972,-0.8525920447055251,0.004774089958518743,-0.15235468901693822,5
0.050088768,10.002,1.5939,2.8473,1.000094286,3,-3.0104865756451713,-0.9127192243980243,0.0016759947635000571,0.04418711029225961,-0.9163444019842427,0.013004973551433067,-0.15243709299247712,3
0.050088768,10.002,1.5939,2.8473,1.000094286,3,-3.0104865756451713,-1.012025264983531,-0.0050337289451272225,0.05896128270542249,-0.9305082012689673,-0.04523714922368526,-0.11308146017603576,1
0.050088768,10.002,1.5939,2.8473,1.000094286,3,-3.0104865756451713,-0.8108409705199301,-0.015509954828303307,0.07733203704410699,-0.73066857395228,0.13234636145061812,-0.05216750488150865,2
0.050013379,10.002,42.904,3.3134,0.0,2,-0.5982002594406932,-0.8730725728813559,-0.007262761767487973,0.736721656927839,-0.6184791793418117,-0.10236107604461722,-0.08348747019423172,5
0.050013379,10.002,42.904,3.3134,0.0,2,-0.5982002594406932,-0.846433908964973,-0.000613407747587189,0.7751542779873125,-0.5891276086936705,-0.12485165093268734,-0.06843511498533189,4
0.050013379,10.002,42.904,3.3134,0.0,2,-0.5982002594406932,-0.7053673257748596,-0.011200471315532923,0.7361935565364547,-0.7178947284445166,-0.14324123352533205,-0.0418459256272763,2
0.050013379,10.002,42.904,3.3134,0.0,2,-0.5982002594406932,-0.840430874087906,-0.0016884392473730258,0.7039045179123059,-0.6421804008143954,-0.13118121738545596,-0.05759425054304302,1
0.050013379,10.002,42.904,3.3134,0.0,2,-0.5982002594406932,-0.740661707315594,0.009309325367212296,0.7394480118411593,-0.7043942782992962,-0.11854818635736591,-0.08333807741757482,3
0.050001953,10.002,12.841,3.2806,0.0,2,-1.546037062402393,-0.8171953009814024,-0.016888528601266443,0.2402541979844682,-0.7644124043756164,-0.15758388877147808,-0.052328734816983344,2
0.050001953,10.002,12.841,3.2806,0.0,2,-1.546037062402393,-0.8641882061716751,-0.007489051541488152,0.3453482594923116,-0.7511064947932027,-0.12376605568919331,-0.0726155598089099,1
0.050001953,10.002,12.841,3.2806,0.0,2,-1.546037062402393,-0.9557894316222518,-0.011186220643576234,0.37196704188827423,-0.6581800524168648,-0.10121147372643463,-0.11049062448320911,5
0.050001953,10.002,12.841,3.2806,0.0,2,-1.546037062402393,-0.8172422318579629,0.004647879117983394,0.30116152900038284,-0.7324972537835128,-0.11918295740906615,-0.11682481883093715,3
0.050001953,10.002,12.841,3.2806,0.0,2,-1.546037062402393,-0.9223999398655723,-0.0044645107828546315,0.3081581479520537,-0.6746173047902994,-0.1280190902663162,-0.10144021734595299,4
0.050000088,10.002,27.798,3.3303,0.0,2,-1.0967939456951827,-0.740661707315594,0.009309325367212296,0.7148073098645545,-0.7055356669344474,-0.11854818635736591,-0.08333807741757482,3
0.050000088,10.002,27.798,3.3303,0.0,2,-1.0967939456951827,-0.8730725728813559,-0.007262761767487973,0.6771034941636026,-0.6089376925467513,-0.10236107604461722,-0.08348747019423172,5
0.050000088,10.002,27.798,3.3303,0.0,2,-1.0967939456951827,-0.8980351575498935,-0.000613407747587189,0.6283564673527144,-0.5893683648272418,-0.13388264568231534,-0.08282240252010524,4
0.050000088,10.002,27.798,3.3303,0.0,2,-1.0967939456951827,-0.7112690520216711,-0.009063374660909175,0.6277417929866351,-0.7211956536537036,-0.14686511616921052,-0.0418459256272763,2
0.050000088,10.002,27.798,3.3303,0.0,2,-1.0967939456951827,-0.8297795530120493,8.678114769281819e-05,0.684865782042034,-0.6274944869498722,-0.13161939951591195,-0.05759425054304302,1
0.050000022,2.002,27.278,3.2573,0.904672857,2,-0.5937298860371255,-0.9140613991231658,0.05953093469142914,0.6246954476158134,-0.7296907652635127,0.059252322005922904,-0.0874194124294445,4
0.050000022,2.002,27.278,3.2573,0.904672857,2,-0.5937298860371255,-0.7415998244448565,0.09362288453616202,0.6189924201904796,-0.7247147294413299,0.12740048824693076,-0.04854326163418591,2
0.050000022,2.002,27.278,3.2573,0.904672857,2,-0.5937298860371255,-0.8877406927844277,0.07393367152428254,0.6611209204373881,-0.7335372738959268,0.06425862874486483,-0.08961990448646247,5
0.050000022,2.002,27.278,3.2573,0.904672857,2,-0.5937298860371255,-0.7993141242442653,0.07227132380241529,0.7119380278559402,-0.7619346500711981,0.05928639674850274,-0.0888472465146333,3
0.050000022,2.002,27.278,3.2573,0.904672857,2,-0.5937298860371255,-0.8819706922257319,0.10652787752711447,0.6951808252558113,-0.7060687845386565,0.05257785470457747,-0.06413117999210954,1
0.05,30.003,40.831,3.0944,0.206893103,1,-1.351145919369636,-0.9166450998117216,-0.04012992040370591,0.6529206714127213,-0.9346969260484912,0.04962894945405424,0.01466284153284505,1
0.05,10.002,11.035,3.0035,0.116,1,-1.3325478919089513,-0.853304110490717,-0.01731238528387621,0.23441452360479162,-0.8006303827580996,-0.005908363094786182,0.013013344486244022,2
0.05,2.002,25.636,3.0506,0.206889655,1,-0.9156136364604015,-0.9113655034382827,0.07230252622626722,0.5210065281670541,-0.9467148037767038,0.05572231701051351,0.02244981111958623,4
0.05,10.003,40.243,3.1488,0.206893103,1,-1.307832033489027,-0.9106784156896174,-0.002988149696029723,0.6781526634260081,-0.9350104298023507,0.039764392884681005,0.023058921890333296,5
0.05,2.002,40.145,3.0987,0.206896552,1,-0.8792963428029344,-0.748471666155383,0.0942101222043857,0.7190465484349988,-0.792261579730548,0.06357612246531062,0.011736317221075297,2
0.05,10.003,40.243,3.1488,0.206893103,1,-1.307832033489027,-0.7656146732717752,-0.00925745181972161,0.6970297228381969,-0.829040005397983,0.04378502549487166,0.011663591638207436,2
0.05,2.002,25.636,3.0506,0.206889655,1,-0.9156136364604015,-0.9178594023309415,0.07426137148868292,0.5416733991215006,-0.9095280849153642,0.056763249650830405,0.023140846882015467,5
0.05,30.003,40.831,3.0944,0.206893103,1,-1.351145919369636,-0.8660139571980108,-0.03570121327182278,0.7088811829732731,-0.9230161109240725,0.04583079716598149,0.01900375422090292,4
0.05,30.003,25.346,3.0267,0.206893103,1,-1.3515305867843939,-0.9241980534722097,-0.03570121327182278,0.5104306176351383,-0.9475312039162964,0.04830106334469747,0.02244981111958623,4
0.05,30.003,25.346,3.0267,0.206893103,1,-1.3515305867843939,-0.9247074467479252,-0.03854815117199905,0.5675260222749785,-0.9529902786877937,0.04723480000160635,0.01466284153284505,1
0.05,10.003,40.243,3.1488,0.206893103,1,-1.307832033489027,-0.8631263766821939,-0.0030794967664405704,0.7207441934780218,-0.8598006930202245,0.05464402168465313,0.01900375422090292,4
0.05,10.003,40.243,3.1488,0.206893103,1,-1.307832033489027,-0.7677117826030008,0.00645402125781402,0.6910868337005377,-0.9974391989095602,0.046220385411870665,0.022661012321477755,3
0.05,30.003,40.831,3.0944,0.206893103,1,-1.351145919369636,-0.9067672384344041,-0.03490597831667401,0.6656621683039703,-0.922622425663285,0.03778892790083774,0.023058921890333296,5
0.05,10.002,11.035,3.0035,0.116,1,-1.3325478919089513,-0.9137902611494064,-0.005436281287111342,0.2868262938084081,-0.937617366964696,0.03720913519093301,0.026712518460117282,4
0.05,30.003,25.346,3.0267,0.206893103,1,-1.3515305867843939,-0.8282582998261205,-0.035962980841286483,0.4352291015256196,-1.0040220281598158,0.03877654240292031,0.025008919428801166,3
0.05,30.003,40.831,3.0944,0.206893103,1,-1.351145919369636,-0.7413945273388527,-0.04423357021529228,0.6695338937500491,-0.9816960566421039,0.04287110425357241,0.022661012321477755,3
0.05,2.002,25.636,3.0506,0.206889655,1,-0.9156136364604015,-0.808659694007074,0.06697851898847147,0.5555914370343089,-1.0366265039204154,0.0554548598342808,0.025008919428801166,3
0.05,30.003,25.346,3.0267,0.206893103,1,-1.3515305867843939,-0.9447991301259026,-0.03490597831667401,0.5140607830835506,-0.9226562714157626,0.038119155504973606,0.023058921890333296,5
0.05,2.002,40.145,3.0987,0.206896552,1,-0.8792963428029344,-0.8670521001622546,0.07230252622626722,0.6990791611466557,-0.9221997107844799,0.053252050831797536,0.01900375422090292,4
0.05,2.002,40.145,3.0987,0.206896552,1,-0.8792963428029344,-0.8813454770058161,0.07426137148868292,0.6820072420104407,-0.9304753169091419,0.039846317867049945,0.023140846882015467,5
0.05,2.002,25.636,3.0506,0.206889655,1,-0.9156136364604015,-0.8907886309004971,0.09849735681229504,0.5977108809864149,-0.9454917286825366,0.06789633301785215,0.01466284153284505,1
0.05,10.002,11.035,3.0035,0.116,1,-1.3325478919089513,-0.919643225937616,-0.00830442583654076,0.31899634641129526,-0.8965541641472373,0.025159633040893824,0.02888615782838315,5
0.05,2.002,40.145,3.0987,0.206896552,1,-0.8792963428029344,-0.7685477574900141,0.06697851898847147,0.7057688997965306,-0.9917094941262622,0.04565972395066638,0.022661012321477755,3
0.05,10.002,11.035,3.0035,0.116,1,-1.3325478919089513,-0.815639780551137,0.001264895581989549,0.2846854839380831,-0.9682614583044779,0.020493113728589377,0.02978420182131231,3
0.05,10.003,40.243,3.1488,0.206893103,1,-1.307832033489027,-0.9198799481685274,-0.015736589163716418,0.6455148586770519,-0.8651248497329652,0.05536018250510097,0.01466284153284505,1
0.05,2.002,40.145,3.0987,0.206896552,1,-0.8792963428029344,-0.8939348919456824,0.10652787752711447,0.6927178194932639,-0.9271983760432341,0.051514929176773874,0.01466284153284505,1
0.05,10.002,11.035,3.0035,0.116,1,-1.3325478919089513,-0.9210058153574937,-0.004578398526355158,0.30021667667897417,-0.9873614415340125,0.05347284697461873,0.020910691560711712,1
0.05,2.002,25.636,3.0506,0.206889655,1,-0.9156136364604015,-0.8249496651533991,0.0942101222043857,0.4860143697098829,-0.8456901892554015,0.04611795293050818,0.013624786548316479,2
0.05,30.003,25.346,3.0267,0.206893103,1,-1.3515305867843939,-0.8449951118789614,-0.04147312321932986,0.44933707689167934,-0.8463863226515241,0.045979060305980965,0.013501403965055942,2
0.05,30.003,40.831,3.0944,0.206893103,1,-1.351145919369636,-0.7457513953559101,-0.04147312321932986,0.6940124926180579,-0.8139181898604148,0.04265221722307615,0.01161293463781476,2
0.049978267,10.002,-7.2905,3.3759,0.0,2,-1.6415383552712406,-0.7645343726978172,-0.005837359618162737,-0.17764493436319753,-0.4590369399730116,-0.16532624130137263,-0.09294063878711313,4
0.049978267,10.002,-7.2905,3.3759,0.0,2,-1.6415383552712406,-0.726308249013091,-0.005476708167989273,-0.18673503674101086,-0.5433120390283875,-0.14191733859363012,-0.0843259353050962,1
0.049978267,10.002,-7.2905,3.3759,0.0,2,-1.6415383552712406,-0.6672725688829086,-0.0034542446612613274,-0.17287035167682915,-0.6030246338876896,-0.14490849848487414,-0.10145094814244658,3
0.049978267,10.002,-7.2905,3.3759,0.0,2,-1.6415383552712406,-0.6327324387122644,-0.012370617245323956,-0.11343293401878327,-0.5324171370663681,-0.17079334488604217,-0.02903217204846442,2
0.049978267,10.002,-7.2905,3.3759,0.0,2,-1.6415383552712406,-0.8180088933557272,-0.013007341404445469,-0.18107922667171805,-0.5077850349619984,-0.1240088792250026,-0.10078240155940875,5
0.049973219,10.003,2.7543,3.3495,0.0,2,-1.5576247408300616,-0.8947556699987035,-0.004620394710218534,0.0803622269560583,-0.5548371153486369,-0.14695582386513706,-0.11445175535976887,4
0.049973219,10.003,2.7543,3.3495,0.0,2,-1.5576247408300616,-0.8571023833416984,-0.008418233114352915,0.08510621675057337,-0.6479678438045084,-0.12933038823772222,-0.10654453072696925,1
0.049973219,10.003,2.7543,3.3495,0.0,2,-1.5576247408300616,-0.9510654316935688,-0.011000179089605808,0.06350495056249202,-0.5579014772479423,-0.10150192493223585,-0.12050237171817571,5
0.049973219,10.003,2.7543,3.3495,0.0,2,-1.5576247408300616,-0.8027372049796395,-0.00531007930461783,0.058243275727145376,-0.6763351788721047,-0.12979204877861775,-0.12509375903755426,3
0.049973219,10.003,2.7543,3.3495,0.0,2,-1.5576247408300616,-0.7422287016129121,-0.015261960723437369,0.07681499029975385,-0.6871382652339526,-0.1632941737002693,-0.045930764176882806,2
0.049971997,10.003,-17.393,3.4155,0.0,2,-1.6925094351773138,-0.6842327078967355,-0.0068949060095474125,-0.4367578961350955,-0.4129315669136122,-0.11638232925324701,-0.09947160168085248,5
0.049971997,10.003,-17.393,3.4155,0.0,2,-1.6925094351773138,-0.6184187264615321,-0.006588243343576323,-0.4386203440371901,-0.42211351142963394,-0.13173199336393737,-0.0843259353050962,1
0.049971997,10.003,-17.393,3.4155,0.0,2,-1.6925094351773138,-0.6302370698039885,-0.003771634972654283,-0.43991644762689247,-0.3681986345164478,-0.1547456054436043,-0.09294063878711313,4
0.049971997,10.003,-17.393,3.4155,0.0,2,-1.6925094351773138,-0.5541391187766567,-0.002393259970122017,-0.43092630678322164,-0.44863491495372726,-0.13638482997543178,-0.08240885423263535,3
0.049971997,10.003,-17.393,3.4155,0.0,2,-1.6925094351773138,-0.4966713941207854,-0.009635389351751655,-0.4200740643264726,-0.38957348636584355,-0.16177201942540706,-0.02903217204846442,2
0.049966667,10.003,25.364,3.0912,0.206889655,1,-1.2960128619789797,-0.925998580219748,-0.014154819932009559,0.5699748402601108,-0.9648360689543187,0.06862406743690372,0.01466284153284505,1
0.049966667,1.883,10.566,2.8899,0.206882759,1,-1.059291661406584,-0.8265756956263794,0.04823018540104385,0.28382199472747743,-1.0093445607076865,0.05712519448192324,0.02997570315375924,3
0.049966667,10.002,1.9407,2.7294,0.024403793,1,-1.3224147807654767,-0.858973847393645,-0.0054246045264881105,0.08287001282675192,-0.8752328371204203,-0.0543236579184304,0.029435439803637563,4
0.049966667,10.003,25.364,3.0912,0.206889655,1,-1.2960128619789797,-0.9487103073811158,-0.002988149696029723,0.5265512782055884,-0.9184575718140695,0.05668132466846146,0.023058921890333296,5
0.049966667,10.003,25.364,3.0912,0.206889655,1,-1.2960128619789797,-0.861281438403239,0.0013128440617583691,0.443370275166817,-0.9852194005588535,0.05904420209873933,0.025008919428801166,3
0.049966667,10.003,25.364,3.0912,0.206889655,1,-1.2960128619789797,-0.9213104724348523,-0.0030794967664405704,0.5189892185805366,-0.9682395930215716,0.050302342420327474,0.02244981111958623,4
0.049966667,10.003,25.364,3.0912,0.206889655,1,-1.2960128619789797,-0.8574878219375387,-0.00925745181972161,0.4649041927722283,-0.8615081381890923,0.047111868577776474,0.013552060965448618,2
0.049966667,1.883,10.566,2.8899,0.206882759,1,-1.059291661406584,-0.8816843334841542,0.06894419443793595,0.23030048474669457,-0.9726132448390126,0.05709318777488079,0.029652979015372692,4
0.049966667,10.002,1.9407,2.7294,0.024403793,1,-1.3224147807654767,-0.8897163141440251,-0.008348490938369651,0.1011533330869861,-0.9052555442391895,-0.03910456094774418,0.02533042408293113,1
0.049966667,10.002,1.9407,2.7294,0.024403793,1,-1.3224147807654767,-0.9324197450443171,-0.0103024786664173,0.05812179756816477,-0.8394366908271331,0.019153322167694567,0.03216470609884709,5
0.049966667,10.002,1.9407,2.7294,0.024403793,1,-1.3224147807654767,-0.7729149879515171,-0.01723078662296757,0.0839036433811998,-0.740897510878276,-0.12272065339493565,0.011686281771399082,2
0.049966667,1.883,10.566,2.8899,0.206882759,1,-1.059291661406584,-0.8511220091534778,0.08183288362808526,0.21950130662182346,-0.7971065309341065,0.04863304775557481,0.01378110410645604,2
0.049966667,1.883,10.566,2.8899,0.206882759,1,-1.059291661406584,-0.895118685166235,0.07033791261259466,0.32251453642267736,-0.912305752724642,0.057517515302170065,0.029211910432204603,5
0.049966667,1.883,10.566,2.8899,0.206882759,1,-1.059291661406584,-0.9017550730812945,0.08123044052888873,0.27251951487967746,-0.9928974767145701,0.06856040135258809,0.020910691560711712,1
0.049966667,10.002,1.9407,2.7294,0.024403793,1,-1.3224147807654767,-0.7805969308628119,-0.002138369775493629,0.07292759760981425,-0.8657266939035617,-0.06596772293443792,0.03097482872195542,3
0.049866667,30.003,11.428,2.7926,0.03840931,1,-1.3535491136901368,-0.8126006671562209,-0.02672595455311239,0.29390673617832364,-0.9477056476962753,0.015667785344994627,0.02978420182131231,3
0.049866667,30.003,11.428,2.7926,0.03840931,1,-1.3535491136901368,-0.8409078913088888,-0.03146193767897785,0.23563887304393574,-0.8004842003108934,-0.04563912370591425,0.012962687485851348,2
0.049866667,30.003,11.428,2.7926,0.03840931,1,-1.3535491136901368,-0.8950014972235658,-0.02850419923081063,0.3035958519089036,-0.9639097780711018,0.029525279845111073,0.020910691560711712,1
0.049866667,30.003,11.428,2.7926,0.03840931,1,-1.3535491136901368,-0.8791564210003707,-0.026981130235362798,0.2929689256544225,-0.8756177457835292,-0.038332296921580564,0.02649497924838215,4
0.049866667,30.003,11.428,2.7926,0.03840931,1,-1.3535491136901368,-0.9560619000042788,-0.027310603618388996,0.3594450246822089,-0.8858681368327234,0.020337897210847587,0.029121318040415643,5
0.020012999,10.003,42.758,3.1447,0.0,2,-1.1471444671879976,-0.8853019596450031,-0.005255599452648312,0.7129991510068067,-0.8194993341492954,-0.09033264568890445,-0.08081343668978662,5
0.020012999,10.003,42.758,3.1447,0.0,2,-1.1471444671879976,-0.7053673257748596,-0.011200471315532923,0.7361935565364547,-0.7551374800130725,-0.14324123352533205,-0.0418459256272763,2
0.020012999,10.003,42.758,3.1447,0.0,2,-1.1471444671879976,-0.7398257324285805,0.0023445717571303247,0.7331355765531771,-0.860915471558692,-0.09709363309084437,-0.08333807741757482,3
0.020012999,10.003,42.758,3.1447,0.0,2,-1.1471444671879976,-0.8484555607684888,-0.0021092977572698146,0.7757857209187933,-0.7093510112277,-0.10904646074370249,-0.06843511498533189,4
0.020012999,10.003,42.758,3.1447,0.0,2,-1.1471444671879976,-0.8698807760226192,-0.01971611477172701,0.696001231377013,-0.8210686267423444,-0.10434382079169154,-0.05759425054304302,1
0.020005873,10.002,2.6979,3.3119,0.0,2,-1.6185188732780014,-0.9019995463069063,-0.004620394710218534,0.07462524583796039,-0.6144534159426985,-0.1381288377236342,-0.11445175535976887,4
0.020005873,10.002,2.6979,3.3119,0.0,2,-1.6185188732780014,-0.8675797219332889,-0.009013254553137813,0.07737899590516463,-0.6730774506367743,-0.12607703923247754,-0.10654453072696925,1
0.020005873,10.002,2.6979,3.3119,0.0,2,-1.6185188732780014,-0.9510654316935688,-0.013184273473452777,0.05354706579819322,-0.5954044425464236,-0.10215732512646354,-0.121813171596732,5
0.020005873,10.002,2.6979,3.3119,0.0,2,-1.6185188732780014,-0.7518238291190937,-0.017399057378061116,0.07681499029975385,-0.7015745704923756,-0.1632941737002693,-0.045930764176882806,2
0.020005873,10.002,2.6979,3.3119,0.0,2,-1.6185188732780014,-0.8067737670871429,-0.0020378368237288667,0.05900759508833289,-0.6763351788721047,-0.12979204877861775,-0.12509375903755426,3
0.020000795,10.002,12.888,3.1818,0.0,2,-1.6496085556787339,-0.8031470095831901,-0.016888528601266443,0.3344568148371764,-0.7877398483478464,-0.15464088366134093,-0.052328734816983344,2
0.020000795,10.002,12.888,3.1818,0.0,2,-1.6496085556787339,-0.9414881973376032,-0.005467629545601085,0.442817299135495,-0.7230623688147171,-0.11633127813896862,-0.09081944927573204,4
0.020000795,10.002,12.888,3.1818,0.0,2,-1.6496085556787339,-0.835674976776354,-0.0006449256959604099,0.3334486479847692,-0.8571317011083011,-0.1006048266851576,-0.11682481883093715,3
0.020000795,10.002,12.888,3.1818,0.0,2,-1.6496085556787339,-0.9631976057495922,-0.011186220643576234,0.37144924013409764,-0.8232703524047974,-0.09343411942827515,-0.10912739085732027,5
0.020000795,10.002,12.888,3.1818,0.0,2,-1.6496085556787339,-0.8852390069831745,-0.007489051541488152,0.44169409092748535,-0.7903458925499581,-0.10652801836375148,-0.0726155598089099,1
0.020000088,10.003,27.504,3.2599,0.0,2,-1.3403116547842628,-0.7398257324285805,0.0076373765710741285,0.7138311558659188,-0.7155091605905909,-0.11282889905502089,-0.08333807741757482,3
0.020000088,10.003,27.504,3.2599,0.0,2,-1.3403116547842628,-0.8980351575498935,-0.0011061789945233614,0.6440330869960599,-0.6521892327233217,-0.12685379689501133,-0.08282240252010524,4
0.020000088,10.003,27.504,3.2599,0.0,2,-1.3403116547842628,-0.8730725728813559,-0.005255599452648312,0.6738644990790635,-0.6808174651698209,-0.09810999998706393,-0.08217667031567544,5
0.020000088,10.003,27.504,3.2599,0.0,2,-1.3403116547842628,-0.8555055517042638,-0.01971611477172701,0.6597445545531809,-0.6843614432099275,-0.13161939951591195,-0.05759425054304302,1
0.020000088,10.003,27.504,3.2599,0.0,2,-1.3403116547842628,-0.7208641795278526,-0.011200471315532923,0.6277417929866351,-0.7728747104806826,-0.14686511616921052,-0.0418459256272763,2
0.020000022,2.002,27.702,3.2307,0.0,2,-0.8721282718145691,-0.8437396341975546,0.07023253440158442,0.6898480724636465,-0.6723909149994143,-0.09876540018129162,-0.08348747019423172,5
0.020000022,2.002,27.702,3.2307,0.0,2,-0.8721282718145691,-0.7037211725511588,0.09272769780131057,0.6366748246713542,-0.7523733634501696,-0.14633179550757633,-0.04330043632537126,2
0.020000022,2.002,27.702,3.2307,0.0,2,-0.8721282718145691,-0.816075613234716,0.10493778653588379,0.6954254223173484,-0.6814752350747585,-0.11572063207364408,-0.05759425054304302,1
0.020000022,2.002,27.702,3.2307,0.0,2,-0.8721282718145691,-0.740661707315594,0.06963729911250993,0.7255623726104387,-0.7097794558305759,-0.11191413560765795,-0.08333807741757482,3
0.020000022,2.002,27.702,3.2307,0.0,2,-0.8721282718145691,-0.8901118403568398,0.06069065096206032,0.650517276211176,-0.6583460706128972,-0.12349337775318418,-0.08282240252010524,4
0.019998224,10.003,-17.092,3.3932,0.0,2,-1.714628960419572,-0.5562380174780265,-0.002393259970122017,-0.42565168496221306,-0.48057296245591713,-0.13638482997543178,-0.10145094814244658,3
0.019998224,10.003,-17.092,3.3932,0.0,2,-1.714628960419572,-0.6184187264615321,-0.006588243343576323,-0.43185277509503067,-0.42888108067912983,-0.13173199336393737,-0.0843259353050962,1
0.019998224,10.003,-17.092,3.3932,0.0,2,-1.714628960419572,-0.6302370698039885,-0.005388405695557594,-0.4313398690731265,-0.37515844209119675,-0.1547456054436043,-0.09294063878711313,4
0.019998224,10.003,-17.092,3.3932,0.0,2,-1.714628960419572,-0.4966713941207854,-0.009864156388211996,-0.3848647688794881,-0.421784545884002,-0.1645414881967008,-0.02903217204846442,2
0.019998224,10.003,-17.092,3.3932,0.0,2,-1.714628960419572,-0.6867077261046507,-0.0068949060095474125,-0.42988117823610084,-0.41464886887464675,-0.11906672660610639,-0.09947160168085248,5
0.019965161,10.002,-7.1039,3.3479,0.0,2,-1.6791189022125483,-0.7672904589225072,-0.005837359618162737,-0.15941000859020277,-0.4745157798472792,-0.16532624130137263,-0.09294063878711313,4
0.019965161,10.002,-7.1039,3.3479,0.0,2,-1.6791189022125483,-0.6719669545697979,-0.0034542446612613274,-0.1645246165757999,-0.6066759833949618,-0.14490849848487414,-0.10145094814244658,3
0.019965161,10.002,-7.1039,3.3479,0.0,2,-1.6791189022125483,-0.727413089798356,-0.0058145200347644276,-0.1786108312336728,-0.5499935915577225,-0.14191733859363012,-0.0843259353050962,1
0.019965161,10.002,-7.1039,3.3479,0.0,2,-1.6791189022125483,-0.8277423923648893,-0.013007341404445469,-0.16028347965329887,-0.518344832137227,-0.12277723863138817,-0.1025164918298833,5
0.019965161,10.002,-7.1039,3.3479,0.0,2,-1.6791189022125483,-0.6361951274116291,-0.015261960723437369,-0.11356395449955016,-0.6003006120561623,-0.17079334488604217,-0.02903217204846442,2
