colsample_bytree,gamma,learning_rate,max_depth,min_child_weight,reg_lambda,subsample,val_rmse,val_r2,best_iteration,best_n_estimators,n_leaves,n_splits,n_nodes,bin_id,bin_mid,bin_median,bin_min,bin_count,bin_left,bin_right
0.75,0.0,0.1,4,3,1,0.8,3.3898166653023294,0.9902524718935278,425,426,6653,6177,12830,7,6931.0,4.805455757325583,3.3898166653023294,117,6284.799999999999,7162.599999999999
0.75,0.0,0.1,4,3,5,0.8,3.4268897653357566,0.990038096186754,563,564,8142,7528,15670,9,8569.0,4.228009255229204,3.4268897653357566,30,8040.4,8918.2
0.75,0.0,0.1,4,3,10,1.0,3.429929271067711,0.9900204167782952,862,863,11498,10585,22083,12,11210.5,4.228199975216141,3.429929271067711,50,10673.8,11551.599999999999
0.75,0.0,0.05,4,3,1,1.0,3.433587261913317,0.9899991191435984,993,994,13325,12325,25650,15,13527.0,3.8179163343286655,3.433587261913317,18,13307.199999999999,14185.0
0.75,0.1,0.1,4,3,5,0.8,3.4628043246363687,0.9898281961299892,648,649,8768,8069,16837,9,8569.0,4.228009255229204,3.4268897653357566,30,8040.4,8918.2
0.75,0.1,0.03,4,3,1,0.8,3.470638487837172,0.9897821191902116,990,991,13383,12383,25766,15,13527.0,3.8179163343286655,3.433587261913317,18,13307.199999999999,14185.0
0.75,0.3,0.1,4,3,1,0.8,3.4718231235719323,0.98977514264535,364,365,4988,4573,9561,5,4945.5,4.541048571460504,3.4718231235719323,98,4529.2,5407.0
0.75,0.0,0.03,4,3,1,0.8,3.4794420026662016,0.9897302167221852,991,992,13721,12721,26442,15,13527.0,3.8179163343286655,3.433587261913317,18,13307.199999999999,14185.0
0.75,0.1,0.1,4,3,1,0.8,3.480462196070071,0.9897241935143634,342,343,5300,4907,10207,5,4945.5,4.541048571460504,3.4718231235719323,98,4529.2,5407.0
0.75,0.3,0.1,4,3,5,0.8,3.4912532005970998,0.9896603754541108,549,550,6620,6020,12640,7,6931.0,4.805455757325583,3.3898166653023294,117,6284.799999999999,7162.599999999999
0.75,0.3,0.03,4,3,1,0.8,3.4919245877644656,0.9896563983385488,991,992,12500,11500,24000,14,12810.0,4.062882279000357,3.4919245877644656,30,12429.4,13307.199999999999
0.75,0.0,0.1,4,3,10,0.8,3.52014304285362,0.9894885483157584,864,865,11932,11017,22949,13,11962.5,4.094689769104635,3.52014304285362,48,11551.599999999999,12429.4
0.75,0.0,0.05,4,3,1,0.8,3.5353751758680247,0.9893973825642528,648,649,9597,8898,18495,10,9249.0,4.145608233658916,3.5353751758680247,34,8918.2,9796.0
0.75,0.3,0.05,4,3,1,0.8,3.536485358593364,0.9893907226256142,548,549,7418,6819,14237,8,7424.0,4.700652294768277,3.536485358593364,207,7162.599999999999,8040.4
0.75,0.1,0.05,4,3,1,0.8,3.540048107296718,0.9893693357260112,580,581,8429,7798,16227,9,8569.0,4.228009255229204,3.4268897653357566,30,8040.4,8918.2
0.75,0.1,0.05,4,3,5,0.8,3.5802576407212103,0.989126468030648,850,851,11420,10519,21939,12,11210.5,4.228199975216141,3.429929271067711,50,10673.8,11551.599999999999
0.75,0.0,0.05,4,3,5,0.8,3.584153074549079,0.9891027936633472,850,851,11793,10892,22685,13,11962.5,4.094689769104635,3.52014304285362,48,11551.599999999999,12429.4
0.75,0.0,0.1,3,3,1,0.8,3.6087592193567537,0.9889526557362238,965,966,7710,6710,14420,8,7424.0,4.700652294768277,3.536485358593364,207,7162.599999999999,8040.4
0.75,0.3,0.05,4,3,5,0.8,3.623135709525685,0.98886446010871,850,851,10365,9464,19829,11,10253.5,4.2411684189967325,3.623135709525685,36,9796.0,10673.8
0.75,0.0,0.1,4,3,5,1.0,3.6328726767726,0.9888045274477674,748,749,10452,9653,20105,11,10253.5,4.2411684189967325,3.623135709525685,36,9796.0,10673.8
1.0,0.1,0.1,4,3,20,0.8,3.638298938654395,0.988771058102242,733,734,10210,9426,19636,11,10253.5,4.2411684189967325,3.623135709525685,36,9796.0,10673.8
1.0,0.0,0.1,4,3,1,0.8,3.6442172777135577,0.988734496655068,376,377,6243,5816,12059,6,5847.0,4.525032584484768,3.6442172777135577,111,5407.0,6284.799999999999
1.0,0.0,0.05,4,3,1,0.8,3.652214973435807,0.9886849952522484,733,734,11423,10639,22062,12,11210.5,4.228199975216141,3.429929271067711,50,10673.8,11551.599999999999
0.75,0.0,0.05,4,3,5,1.0,3.6611164643868026,0.9886297722408368,970,971,12558,11558,24116,14,12810.0,4.062882279000357,3.4919245877644656,30,12429.4,13307.199999999999
0.75,1.0,0.1,4,3,1,0.8,3.663666929472131,0.9886139249056348,344,345,3212,2817,6029,3,3154.0,5.783886118106104,3.663666929472131,169,2773.6,3651.3999999999996
0.75,0.1,0.1,4,3,10,0.8,3.6658966215807633,0.9886000616546244,549,550,7419,6819,14238,8,7424.0,4.700652294768277,3.536485358593364,207,7162.599999999999,8040.4
0.75,0.0,0.03,4,3,1,1.0,3.6680271413086194,0.9885868071339696,997,998,13359,12359,25718,15,13527.0,3.8179163343286655,3.433587261913317,18,13307.199999999999,14185.0
0.75,0.1,0.05,4,3,10,0.8,3.671501441309826,0.9885651760861318,998,999,12397,11397,23794,13,11962.5,4.094689769104635,3.52014304285362,48,11551.599999999999,12429.4
1.0,0.3,0.1,4,3,20,0.8,3.6726678873927465,0.9885579091820856,733,734,9001,8217,17218,10,9249.0,4.145608233658916,3.5353751758680247,34,8918.2,9796.0
0.75,0.3,0.05,4,3,10,0.8,3.67692922790351,0.9885313416112724,998,999,11516,10516,22032,12,11210.5,4.228199975216141,3.429929271067711,50,10673.8,11551.599999999999
0.75,0.0,0.05,4,3,10,0.8,3.6782951367029737,0.9885228192546588,998,999,12826,11826,24652,14,12810.0,4.062882279000357,3.4919245877644656,30,12429.4,13307.199999999999
1.0,0.1,0.05,4,3,10,0.8,3.6896234583895393,0.9884520161230136,998,999,13413,12413,25826,15,13527.0,3.8179163343286655,3.433587261913317,18,13307.199999999999,14185.0
0.75,0.3,0.1,4,3,10,0.8,3.700181408199352,0.9883858318749672,549,550,6758,6158,12916,7,6931.0,4.805455757325583,3.3898166653023294,117,6284.799999999999,7162.599999999999
1.0,0.0,0.05,4,3,10,0.8,3.700342130265847,0.9883848229008464,998,999,13914,12914,26828,15,13527.0,3.8179163343286655,3.433587261913317,18,13307.199999999999,14185.0
0.75,0.0,0.1,4,3,20,1.0,3.701840641730629,0.9883754135004472,993,994,12187,11187,23374,13,11962.5,4.094689769104635,3.52014304285362,48,11551.599999999999,12429.4
0.75,0.0,0.03,4,3,5,0.8,3.7179139388015594,0.9882742470325776,995,996,12994,11994,24988,14,12810.0,4.062882279000357,3.4919245877644656,30,12429.4,13307.199999999999
0.75,0.3,0.1,4,3,20,0.8,3.7179531487029673,0.9882739997067655,991,992,10411,9411,19822,11,10253.5,4.2411684189967325,3.623135709525685,36,9796.0,10673.8
0.75,0.0,0.1,4,3,20,0.8,3.720647418461216,0.9882569987097752,850,851,11393,10492,21885,12,11210.5,4.228199975216141,3.429929271067711,50,10673.8,11551.599999999999
0.75,0.1,0.03,4,3,5,0.8,3.727439964090091,0.9882140826933452,995,996,12755,11755,24510,14,12810.0,4.062882279000357,3.4919245877644656,30,12429.4,13307.199999999999
1.0,0.3,0.1,4,3,10,0.8,3.727737519685268,0.9882122009162272,648,649,8074,7375,15449,9,8569.0,4.228009255229204,3.4268897653357566,30,8040.4,8918.2
0.75,0.3,0.03,4,3,5,0.8,3.7297735630856175,0.988199320704152,998,999,12204,11204,23408,13,11962.5,4.094689769104635,3.52014304285362,48,11551.599999999999,12429.4
1.0,0.1,0.05,4,3,1,0.8,3.7359525424727473,0.9881601888096008,863,864,12559,11645,24204,14,12810.0,4.062882279000357,3.4919245877644656,30,12429.4,13307.199999999999
1.0,0.1,0.1,4,3,1,0.8,3.744729038297045,0.9881044953245608,376,377,5991,5564,11555,6,5847.0,4.525032584484768,3.6442172777135577,111,5407.0,6284.799999999999
0.75,1.0,0.05,4,3,1,0.8,3.746290939854101,0.9880945701834892,563,564,5443,4829,10272,6,5847.0,4.525032584484768,3.6442172777135577,111,5407.0,6284.799999999999
0.75,1.0,0.03,4,3,1,0.8,3.7560093907546737,0.988032721057649,719,720,7849,7079,14928,8,7424.0,4.700652294768277,3.536485358593364,207,7162.599999999999,8040.4
0.75,0.1,0.1,4,3,20,0.8,3.758323056233501,0.988017973060432,866,867,10898,9981,20879,12,11210.5,4.228199975216141,3.429929271067711,50,10673.8,11551.599999999999
1.0,0.0,0.1,4,3,20,0.8,3.7598271123891807,0.9880083808847848,733,734,10840,10056,20896,12,11210.5,4.228199975216141,3.429929271067711,50,10673.8,11551.599999999999
1.0,0.0,0.1,4,3,10,0.8,3.762725156544029,0.9879898876753808,733,734,11065,10281,21346,12,11210.5,4.228199975216141,3.429929271067711,50,10673.8,11551.599999999999
1.0,0.3,0.05,4,3,5,0.8,3.7661245708088114,0.9879681769268754,864,865,11230,10315,21545,12,11210.5,4.228199975216141,3.429929271067711,50,10673.8,11551.599999999999
1.0,0.3,0.1,4,3,1,0.8,3.7681575713921376,0.9879551835672766,376,377,5390,4963,10353,5,4945.5,4.541048571460504,3.4718231235719323,98,4529.2,5407.0
1.0,0.0,0.05,4,3,5,0.8,3.770572071053407,0.987939742852784,735,736,11119,10333,21452,12,11210.5,4.228199975216141,3.429929271067711,50,10673.8,11551.599999999999
1.0,0.3,0.05,4,3,10,0.8,3.770871185671834,0.9879378293276042,998,999,12321,11321,23642,13,11962.5,4.094689769104635,3.52014304285362,48,11551.599999999999,12429.4
0.75,0.0,0.1,4,5,1,0.8,3.777203103411004,0.9878972865494312,418,419,6205,5736,11941,6,5847.0,4.525032584484768,3.6442172777135577,111,5407.0,6284.799999999999
0.75,0.0,0.05,4,5,1,0.8,3.779396388764353,0.987883227252012,648,649,9076,8377,17453,10,9249.0,4.145608233658916,3.5353751758680247,34,8918.2,9796.0
0.75,0.3,0.05,4,5,1,0.8,3.7796598289555647,0.9878815380107412,735,736,9177,8391,17568,10,9249.0,4.145608233658916,3.5353751758680247,34,8918.2,9796.0
0.75,0.1,0.1,4,5,1,0.8,3.782449658925344,0.987863641730512,449,450,6296,5796,12092,7,6931.0,4.805455757325583,3.3898166653023294,117,6284.799999999999,7162.599999999999
1.0,0.1,0.03,4,3,1,0.8,3.783138979985108,0.9878592178198706,976,977,14185,13185,27370,15,13527.0,3.8179163343286655,3.433587261913317,18,13307.199999999999,14185.0
0.75,0.0,0.1,4,3,1,1.0,3.784003738678933,0.9878536668491444,489,490,7224,6684,13908,8,7424.0,4.700652294768277,3.536485358593364,207,7162.599999999999,8040.4
1.0,0.0,0.05,4,3,1,1.0,3.790640604690511,0.987811021922556,995,996,13637,12637,26274,15,13527.0,3.8179163343286655,3.433587261913317,18,13307.199999999999,14185.0
0.75,1.0,0.1,4,3,5,0.8,3.791230079769384,0.9878072306596888,342,343,3475,3082,6557,3,3154.0,5.783886118106104,3.663666929472131,169,2773.6,3651.3999999999996
1.0,0.0,0.03,4,3,1,0.8,3.793471868039752,0.9877928070093068,863,864,13272,12358,25630,14,12810.0,4.062882279000357,3.4919245877644656,30,12429.4,13307.199999999999
1.0,0.1,0.1,4,3,10,0.8,3.800713524547343,0.98774615598419,647,648,9233,8535,17768,10,9249.0,4.145608233658916,3.5353751758680247,34,8918.2,9796.0
1.0,0.0,0.1,4,3,10,1.0,3.80451306405144,0.9877216436201796,998,999,13416,12416,25832,15,13527.0,3.8179163343286655,3.433587261913317,18,13307.199999999999,14185.0
0.75,0.3,0.1,4,5,1,0.8,3.805914309811562,0.9877125974358574,461,462,5818,5306,11124,6,5847.0,4.525032584484768,3.6442172777135577,111,5407.0,6284.799999999999
1.0,0.3,0.05,4,3,1,0.8,3.8079912123170336,0.9876991832083136,648,649,8867,8168,17035,9,8569.0,4.228009255229204,3.4268897653357566,30,8040.4,8918.2
1.0,0.1,0.05,4,3,20,0.8,3.818148034796356,0.9876334772629852,998,999,13179,12179,25358,14,12810.0,4.062882279000357,3.4919245877644656,30,12429.4,13307.199999999999
1.0,0.1,0.05,4,3,5,0.8,3.8221112510750914,0.9876077911761948,735,736,10677,9891,20568,12,11210.5,4.228199975216141,3.429929271067711,50,10673.8,11551.599999999999
1.0,1.0,0.1,4,3,20,0.8,3.8244426282602655,0.987592668788416,852,853,6456,5553,12009,7,6931.0,4.805455757325583,3.3898166653023294,117,6284.799999999999,7162.599999999999
1.0,0.0,0.05,4,3,20,0.8,3.8313196046058913,0.9875480078295928,998,999,13586,12586,26172,15,13527.0,3.8179163343286655,3.433587261913317,18,13307.199999999999,14185.0
0.75,0.0,0.03,4,5,1,0.8,3.83467338590278,0.987526198353582,991,992,13056,12056,25112,14,12810.0,4.062882279000357,3.4919245877644656,30,12429.4,13307.199999999999
0.75,0.1,0.03,4,5,1,0.8,3.839446998409084,0.9874951228735862,998,999,12816,11816,24632,14,12810.0,4.062882279000357,3.4919245877644656,30,12429.4,13307.199999999999
1.0,0.3,0.1,4,5,1,0.8,3.8425330489594463,0.987475012585796,332,333,4705,4322,9027,5,4945.5,4.541048571460504,3.4718231235719323,98,4529.2,5407.0
0.75,1.0,0.03,4,3,5,0.8,3.8543847590494975,0.9873976305869774,998,999,9654,8654,18308,10,9249.0,4.145608233658916,3.5353751758680247,34,8918.2,9796.0
1.0,0.0,0.1,4,3,5,0.8,3.8564258577371615,0.9873842798230904,469,470,7451,6931,14382,8,7424.0,4.700652294768277,3.536485358593364,207,7162.599999999999,8040.4
0.75,0.3,0.03,4,5,1,0.8,3.8612163043099534,0.9873529178979252,992,993,12202,11202,23404,13,11962.5,4.094689769104635,3.52014304285362,48,11551.599999999999,12429.4
0.75,1.0,0.05,4,3,5,0.8,3.861587698744672,0.9873504848398248,732,733,6578,5795,12373,7,6931.0,4.805455757325583,3.3898166653023294,117,6284.799999999999,7162.599999999999
0.75,0.1,0.1,4,5,5,0.8,3.8663630941930447,0.9873191796916028,418,419,5652,5183,10835,6,5847.0,4.525032584484768,3.6442172777135577,111,5407.0,6284.799999999999
1.0,0.1,0.1,3,3,5,0.8,3.869390932170641,0.9872993106298672,733,734,6129,5345,11474,6,5847.0,4.525032584484768,3.6442172777135577,111,5407.0,6284.799999999999
0.75,1.0,0.05,4,3,10,0.8,3.8714507270141647,0.9872857851019315,997,998,8327,7327,15654,9,8569.0,4.228009255229204,3.4268897653357566,30,8040.4,8918.2
1.0,0.0,0.1,4,3,1,1.0,3.872036146385362,0.987281939664667,485,486,7399,6863,14262,8,7424.0,4.700652294768277,3.536485358593364,207,7162.599999999999,8040.4
1.0,0.3,0.05,4,3,20,0.8,3.872171367532627,0.9872810513564624,995,996,12269,11269,23538,13,11962.5,4.094689769104635,3.52014304285362,48,11551.599999999999,12429.4
0.75,0.0,0.1,4,8,1,0.8,3.875928746886442,0.9872563555994416,549,550,7185,6585,13770,8,7424.0,4.700652294768277,3.536485358593364,207,7162.599999999999,8040.4
1.0,0.1,0.1,4,5,20,0.8,3.8785472866074495,0.9872391308188182,735,736,9889,9103,18992,11,10253.5,4.2411684189967325,3.623135709525685,36,9796.0,10673.8
0.75,1.0,0.1,4,5,1,0.8,3.87937323141084,0.9872336953322602,416,417,3702,3235,6937,4,3985.0,6.05650129297567,3.87937323141084,405,3651.3999999999996,4529.2
1.0,0.0,0.05,4,5,10,0.8,3.880357967074095,0.9872272133413283,992,993,13083,12083,25166,14,12810.0,4.062882279000357,3.4919245877644656,30,12429.4,13307.199999999999
1.0,0.3,0.1,4,3,5,0.8,3.8805745630233335,0.98722578738471,461,462,6223,5711,11934,6,5847.0,4.525032584484768,3.6442172777135577,111,5407.0,6284.799999999999
1.0,1.0,0.05,4,3,10,0.8,3.884012248639826,0.9872031447697112,995,996,8739,7739,16478,9,8569.0,4.228009255229204,3.4268897653357566,30,8040.4,8918.2
1.0,0.3,0.03,4,3,1,0.8,3.885461968539037,0.9871935900532188,851,852,11948,11046,22994,13,11962.5,4.094689769104635,3.52014304285362,48,11551.599999999999,12429.4
1.0,0.1,0.1,4,3,5,0.8,3.885524244055652,0.987193179532054,376,377,5853,5426,11279,6,5847.0,4.525032584484768,3.6442172777135577,111,5407.0,6284.799999999999
0.75,0.1,0.03,4,3,10,0.8,3.88628740948507,0.9871881481994108,998,999,12304,11304,23608,13,11962.5,4.094689769104635,3.52014304285362,48,11551.599999999999,12429.4
1.0,0.0,0.1,3,3,5,0.8,3.891393731703684,0.9871544582447996,730,731,6116,5335,11451,6,5847.0,4.525032584484768,3.6442172777135577,111,5407.0,6284.799999999999
0.75,0.0,0.03,4,3,10,0.8,3.893543086510473,0.9871402642291284,998,999,12527,11527,24054,14,12810.0,4.062882279000357,3.4919245877644656,30,12429.4,13307.199999999999
1.0,0.3,0.1,3,3,5,0.8,3.900316482329432,0.9870954824744124,733,734,6077,5293,11370,6,5847.0,4.525032584484768,3.6442172777135577,111,5407.0,6284.799999999999
1.0,0.0,0.1,4,3,20,1.0,3.907378581715897,0.9870487090955944,546,547,7607,7010,14617,8,7424.0,4.700652294768277,3.536485358593364,207,7162.599999999999,8040.4
1.0,0.0,0.1,4,5,10,0.8,3.909766111442628,0.987032876977762,648,649,9328,8629,17957,10,9249.0,4.145608233658916,3.5353751758680247,34,8918.2,9796.0
1.0,1.0,0.1,4,3,1,0.8,3.909847987947511,0.9870323338691472,364,365,3510,3095,6605,3,3154.0,5.783886118106104,3.663666929472131,169,2773.6,3651.3999999999996
1.0,1.0,0.05,4,3,5,0.8,3.9108396315008536,0.9870257551308976,982,983,7843,6843,14686,8,7424.0,4.700652294768277,3.536485358593364,207,7162.599999999999,8040.4
0.75,0.1,0.1,4,8,5,0.8,3.913586857820712,0.9870075208337222,549,550,6843,6243,13086,7,6931.0,4.805455757325583,3.3898166653023294,117,6284.799999999999,7162.599999999999
1.0,0.0,0.03,4,3,1,1.0,3.9194519708624433,0.986968549188394,999,1000,13424,12424,25848,15,13527.0,3.8179163343286655,3.433587261913317,18,13307.199999999999,14185.0
0.75,0.3,0.1,4,5,5,0.8,3.921753692168901,0.9869532391014164,425,426,5289,4813,10102,5,4945.5,4.541048571460504,3.4718231235719323,98,4529.2,5407.0
0.75,0.3,0.03,4,3,10,0.8,3.922824640303949,0.9869461125385908,998,999,11932,10932,22864,13,11962.5,4.094689769104635,3.52014304285362,48,11551.599999999999,12429.4
0.75,0.1,0.05,4,3,20,0.8,3.928886322903814,0.9869057387437902,998,999,12086,11086,23172,13,11962.5,4.094689769104635,3.52014304285362,48,11551.599999999999,12429.4
0.75,0.0,0.03,4,3,5,1.0,3.930438528977784,0.9868953902607156,999,1000,12352,11352,23704,13,11962.5,4.094689769104635,3.52014304285362,48,11551.599999999999,12429.4
0.75,0.0,0.05,4,3,20,0.8,3.9309769053915247,0.9868917999763536,998,999,12355,11355,23710,13,11962.5,4.094689769104635,3.52014304285362,48,11551.599999999999,12429.4
1.0,1.0,0.1,3,3,1,0.8,3.9326585230553617,0.9868805825634444,730,731,5652,4871,10523,6,5847.0,4.525032584484768,3.6442172777135577,111,5407.0,6284.799999999999
0.75,0.0,0.05,4,5,5,1.0,3.93313115577345,0.986877428951968,790,791,9916,9075,18991,11,10253.5,4.2411684189967325,3.623135709525685,36,9796.0,10673.8
1.0,0.0,0.1,4,5,1,0.8,3.940845390673085,0.9868259026408944,328,329,5154,4775,9929,5,4945.5,4.541048571460504,3.4718231235719323,98,4529.2,5407.0
0.75,0.0,0.1,4,5,5,0.8,3.941374981498887,0.9868223615987056,417,418,5827,5359,11186,6,5847.0,4.525032584484768,3.6442172777135577,111,5407.0,6284.799999999999
0.75,0.3,0.05,4,3,20,0.8,3.94185525644645,0.98681914988948,998,999,11426,10426,21852,12,11210.5,4.228199975216141,3.429929271067711,50,10673.8,11551.599999999999
0.75,0.1,0.05,4,5,1,0.8,3.942668970269224,0.9868137075044838,430,431,6182,5701,11883,6,5847.0,4.525032584484768,3.6442172777135577,111,5407.0,6284.799999999999
1.0,0.0,0.1,4,5,5,0.8,3.944338480432963,0.986802537756009,461,462,6759,6247,13006,7,6931.0,4.805455757325583,3.3898166653023294,117,6284.799999999999,7162.599999999999
0.75,0.1,0.05,4,5,10,0.8,3.949793606670052,0.986766007621689,998,999,11938,10938,22876,13,11962.5,4.094689769104635,3.52014304285362,48,11551.599999999999,12429.4
0.75,1.0,0.1,4,3,10,0.8,3.951768660588981,0.986752769267438,347,348,3689,3291,6980,4,3985.0,6.05650129297567,3.87937323141084,405,3651.3999999999996,4529.2
0.75,0.0,0.05,4,5,10,0.8,3.952610041688841,0.9867471276638524,998,999,12227,11227,23454,13,11962.5,4.094689769104635,3.52014304285362,48,11551.599999999999,12429.4
1.0,0.0,0.1,4,5,20,0.8,3.9528535255639854,0.9867454948389252,650,651,9222,8521,17743,10,9249.0,4.145608233658916,3.5353751758680247,34,8918.2,9796.0
0.75,0.1,0.1,4,8,1,0.8,3.953817295380001,0.9867390307242256,449,450,5863,5363,11226,6,5847.0,4.525032584484768,3.6442172777135577,111,5407.0,6284.799999999999
1.0,0.1,0.1,4,5,1,0.8,3.954441716356008,0.9867348418198744,328,329,4981,4602,9583,5,4945.5,4.541048571460504,3.4718231235719323,98,4529.2,5407.0
0.75,0.0,0.1,4,5,5,1.0,3.957702400263112,0.9867129568998242,579,580,7567,6937,14504,8,7424.0,4.700652294768277,3.536485358593364,207,7162.599999999999,8040.4
1.0,0.0,0.1,3,3,20,0.8,3.959671701018881,0.9866997306936334,998,999,7729,6729,14458,8,7424.0,4.700652294768277,3.536485358593364,207,7162.599999999999,8040.4
0.75,0.0,0.05,4,5,1,1.0,3.9644006963200336,0.9866679429726436,631,632,8981,8299,17280,10,9249.0,4.145608233658916,3.5353751758680247,34,8918.2,9796.0
0.75,0.3,0.05,4,5,10,0.8,3.9646222907365,0.9866664525118194,998,999,11158,10158,21316,12,11210.5,4.228199975216141,3.429929271067711,50,10673.8,11551.599999999999
0.75,1.0,0.03,4,5,1,0.8,3.9764483999116575,0.9865867883444744,889,890,8922,7982,16904,10,9249.0,4.145608233658916,3.5353751758680247,34,8918.2,9796.0
1.0,0.0,0.1,4,3,5,1.0,3.9793154133587394,0.9865674395600192,561,562,7999,7387,15386,8,7424.0,4.700652294768277,3.536485358593364,207,7162.599999999999,8040.4
1.0,0.3,0.05,4,5,1,0.8,3.981895826370818,0.9865500130489748,976,977,11522,10522,22044,12,11210.5,4.228199975216141,3.429929271067711,50,10673.8,11551.599999999999
1.0,0.3,0.1,4,5,5,0.8,3.982312510603111,0.9865471979624096,371,372,5066,4644,9710,5,4945.5,4.541048571460504,3.4718231235719323,98,4529.2,5407.0
0.75,0.0,0.05,4,3,10,1.0,3.982501684893821,0.9865459198182543,999,1000,12098,11098,23196,13,11962.5,4.094689769104635,3.52014304285362,48,11551.599999999999,12429.4
1.0,0.0,0.05,4,3,5,1.0,3.9834459681625742,0.9865395389200236,999,1000,12736,11736,24472,14,12810.0,4.062882279000357,3.4919245877644656,30,12429.4,13307.199999999999
1.0,0.3,0.1,3,3,1,0.8,3.984131703316377,0.9865349041862256,648,649,5459,4760,10219,6,5847.0,4.525032584484768,3.6442172777135577,111,5407.0,6284.799999999999
0.75,0.1,0.03,4,5,5,0.8,3.984524034094101,0.9865322521495904,995,996,12219,11219,23438,13,11962.5,4.094689769104635,3.52014304285362,48,11551.599999999999,12429.4
1.0,1.0,0.1,4,5,5,0.8,3.984707602238221,0.9865310111951344,376,377,3724,3297,7021,4,3985.0,6.05650129297567,3.87937323141084,405,3651.3999999999996,4529.2
0.75,0.3,0.03,4,5,5,0.8,3.986959915504944,0.9865157804887134,995,996,11797,10797,22594,13,11962.5,4.094689769104635,3.52014304285362,48,11551.599999999999,12429.4
0.75,1.0,0.1,4,8,1,0.8,3.988036566832038,0.9865084968624136,461,462,4086,3574,7660,4,3985.0,6.05650129297567,3.87937323141084,405,3651.3999999999996,4529.2
1.0,1.0,0.03,4,3,1,0.8,3.994801370818155,0.9864626874622616,888,889,9060,8121,17181,10,9249.0,4.145608233658916,3.5353751758680247,34,8918.2,9796.0
0.75,0.3,0.1,3,3,10,0.8,3.9948646706019337,0.9864622584468158,997,998,7289,6289,13578,8,7424.0,4.700652294768277,3.536485358593364,207,7162.599999999999,8040.4
0.75,0.0,0.03,4,5,5,0.8,3.995501214772471,0.986457943879126,995,996,12415,11415,23830,13,11962.5,4.094689769104635,3.52014304285362,48,11551.599999999999,12429.4
0.75,0.1,0.05,4,5,5,0.8,3.99917895009523,0.9864330023175916,648,649,8499,7800,16299,9,8569.0,4.228009255229204,3.4268897653357566,30,8040.4,8918.2
1.0,1.0,0.1,4,5,1,0.8,4.002438186703706,0.9864108797397312,314,315,3333,2968,6301,3,3154.0,5.783886118106104,3.663666929472131,169,2773.6,3651.3999999999996
0.75,1.0,0.05,4,5,1,0.8,4.003372916683232,0.9864045317884366,417,418,4690,4222,8912,5,4945.5,4.541048571460504,3.4718231235719323,98,4529.2,5407.0
0.75,0.0,0.1,4,8,5,0.8,4.00384543042833,0.9864013222824294,367,368,4861,4443,9304,5,4945.5,4.541048571460504,3.4718231235719323,98,4529.2,5407.0
0.75,0.0,0.05,4,5,5,0.8,4.006514607972978,0.9863831850267898,648,649,8698,7999,16697,9,8569.0,4.228009255229204,3.4268897653357566,30,8040.4,8918.2
1.0,0.1,0.03,4,3,10,0.8,4.006568441775255,0.986382819097836,998,999,13394,12394,25788,15,13527.0,3.8179163343286655,3.433587261913317,18,13307.199999999999,14185.0
0.75,0.0,0.1,4,5,10,0.8,4.006712054305799,0.9863818428844576,449,450,6115,5615,11730,6,5847.0,4.525032584484768,3.6442172777135577,111,5407.0,6284.799999999999
0.75,0.3,0.1,4,8,5,0.8,4.00734604676102,0.986377532870749,378,379,4744,4315,9059,5,4945.5,4.541048571460504,3.4718231235719323,98,4529.2,5407.0
0.75,0.0,0.1,4,5,1,1.0,4.012605950774896,0.9863417486418672,405,406,5902,5446,11348,6,5847.0,4.525032584484768,3.6442172777135577,111,5407.0,6284.799999999999
0.75,0.0,0.1,4,5,10,1.0,4.016254464711644,0.9863168994658532,573,574,7235,6611,13846,8,7424.0,4.700652294768277,3.536485358593364,207,7162.599999999999,8040.4
0.75,0.0,0.1,3,3,10,0.8,4.018439194708856,0.98630200896966,997,998,7445,6445,13890,8,7424.0,4.700652294768277,3.536485358593364,207,7162.599999999999,8040.4
1.0,0.3,0.05,4,5,5,0.8,4.019448139585389,0.986295129555928,735,736,9421,8635,18056,10,9249.0,4.145608233658916,3.5353751758680247,34,8918.2,9796.0
0.75,1.0,0.03,4,3,10,0.8,4.021474077972612,0.9862813106337937,998,999,10173,9173,19346,11,10253.5,4.2411684189967325,3.623135709525685,36,9796.0,10673.8
0.75,0.0,0.03,4,8,1,0.8,4.024103261722472,0.9862633665938012,995,996,12122,11122,23244,13,11962.5,4.094689769104635,3.52014304285362,48,11551.599999999999,12429.4
0.75,0.3,0.1,4,5,10,0.8,4.027652601332131,0.9862391239361192,430,431,5432,4951,10383,6,5847.0,4.525032584484768,3.6442172777135577,111,5407.0,6284.799999999999
0.75,0.3,0.05,4,5,5,0.8,4.028785768915588,0.9862313796871516,648,649,8085,7386,15471,9,8569.0,4.228009255229204,3.4268897653357566,30,8040.4,8918.2
1.0,0.0,0.03,4,3,10,0.8,4.0302236728594965,0.9862215496849598,998,999,13637,12637,26274,15,13527.0,3.8179163343286655,3.433587261913317,18,13307.199999999999,14185.0
0.75,1.0,0.1,4,8,5,0.8,4.03439896028879,0.9861929861138476,370,371,3691,3270,6961,4,3985.0,6.05650129297567,3.87937323141084,405,3651.3999999999996,4529.2
0.75,0.1,0.1,4,5,10,0.8,4.0392593009628985,0.9861596987694627,430,431,5748,5267,11015,6,5847.0,4.525032584484768,3.6442172777135577,111,5407.0,6284.799999999999
1.0,1.0,0.05,4,3,1,0.8,4.040357237325508,0.9861521737090064,386,387,4813,4376,9189,5,4945.5,4.541048571460504,3.4718231235719323,98,4529.2,5407.0
1.0,0.3,0.1,4,5,20,0.8,4.04499429497235,0.9861203695821592,648,649,8038,7339,15377,8,7424.0,4.700652294768277,3.536485358593364,207,7162.599999999999,8040.4
0.75,0.1,0.1,3,3,10,0.8,4.046294656442247,0.9861114442604578,991,992,7375,6375,13750,8,7424.0,4.700652294768277,3.536485358593364,207,7162.599999999999,8040.4
1.0,0.3,0.05,4,5,20,0.8,4.0501577289563855,0.9860849122779832,996,997,11752,10752,22504,13,11962.5,4.094689769104635,3.52014304285362,48,11551.599999999999,12429.4
1.0,0.0,0.05,4,5,5,0.8,4.051182578551991,0.9860778692553356,735,736,10412,9626,20038,11,10253.5,4.2411684189967325,3.623135709525685,36,9796.0,10673.8
0.75,0.0,0.03,4,5,1,1.0,4.052664046105134,0.9860676850902148,998,999,12948,11948,24896,14,12810.0,4.062882279000357,3.4919245877644656,30,12429.4,13307.199999999999
1.0,0.1,0.05,4,5,10,0.8,4.052922674841952,0.9860659067972496,734,735,10048,9263,19311,11,10253.5,4.2411684189967325,3.623135709525685,36,9796.0,10673.8
1.0,0.0,0.03,4,3,5,0.8,4.054101577041002,0.9860577994023914,998,999,14033,13033,27066,15,13527.0,3.8179163343286655,3.433587261913317,18,13307.199999999999,14185.0
0.75,1.0,0.1,4,5,5,0.8,4.054482804225037,0.986055177171213,370,371,3522,3101,6623,3,3154.0,5.783886118106104,3.663666929472131,169,2773.6,3651.3999999999996
1.0,0.3,0.1,4,8,5,0.8,4.055611418503467,0.9860474126708358,471,472,5763,5241,11004,6,5847.0,4.525032584484768,3.6442172777135577,111,5407.0,6284.799999999999
1.0,1.0,0.1,4,3,5,0.8,4.057380006413613,0.9860352410127516,376,377,3771,3344,7115,4,3985.0,6.05650129297567,3.87937323141084,405,3651.3999999999996,4529.2
1.0,0.1,0.05,4,5,20,0.8,4.060277961516348,0.986015285427158,998,999,12548,11548,24096,14,12810.0,4.062882279000357,3.4919245877644656,30,12429.4,13307.199999999999
1.0,0.1,0.1,4,8,5,0.8,4.061021207026837,0.9860101650744368,371,372,4993,4571,9564,5,4945.5,4.541048571460504,3.4718231235719323,98,4529.2,5407.0
1.0,0.1,0.1,4,8,20,0.8,4.0625592874861445,0.9859995659835072,734,735,9118,8333,17451,10,9249.0,4.145608233658916,3.5353751758680247,34,8918.2,9796.0
1.0,0.3,0.03,4,3,10,0.8,4.065486596484368,0.9859793824690768,998,999,12804,11804,24608,14,12810.0,4.062882279000357,3.4919245877644656,30,12429.4,13307.199999999999
1.0,1.0,0.1,4,3,10,0.8,4.068604028525746,0.9859578720893696,376,377,4048,3621,7669,4,3985.0,6.05650129297567,3.87937323141084,405,3651.3999999999996,4529.2
1.0,0.1,0.1,3,3,20,0.8,4.075253348476662,0.9859119364817728,998,999,7713,6713,14426,8,7424.0,4.700652294768277,3.536485358593364,207,7162.599999999999,8040.4
0.75,1.0,0.1,4,5,10,0.8,4.07794448590584,0.985893323929425,544,545,4723,4128,8851,5,4945.5,4.541048571460504,3.4718231235719323,98,4529.2,5407.0
1.0,0.1,0.1,3,5,1,0.8,4.078485731799177,0.9858895790588372,733,734,6021,5237,11258,6,5847.0,4.525032584484768,3.6442172777135577,111,5407.0,6284.799999999999
1.0,0.1,0.05,4,5,1,0.8,4.079655177532002,0.985881485987827,650,651,9247,8546,17793,10,9249.0,4.145608233658916,3.5353751758680247,34,8918.2,9796.0
0.75,0.0,0.1,4,8,5,1.0,4.079668975460085,0.9858813904863388,710,711,8734,7973,16707,9,8569.0,4.228009255229204,3.4268897653357566,30,8040.4,8918.2
1.0,1.0,0.05,4,3,20,0.8,4.080624148216867,0.9858747785332824,852,853,8775,7872,16647,9,8569.0,4.228009255229204,3.4268897653357566,30,8040.4,8918.2
0.75,1.0,0.03,4,5,5,0.8,4.082014984314401,0.9858651480379328,998,999,9563,8563,18126,10,9249.0,4.145608233658916,3.5353751758680247,34,8918.2,9796.0
1.0,0.0,0.1,4,8,20,1.0,4.083122337899467,0.9858574780993852,999,1000,12166,11166,23332,13,11962.5,4.094689769104635,3.52014304285362,48,11551.599999999999,12429.4
0.75,0.1,0.1,4,5,20,0.8,4.083345690674375,0.9858559308237252,647,648,8082,7384,15466,9,8569.0,4.228009255229204,3.4268897653357566,30,8040.4,8918.2
1.0,0.0,0.1,4,5,5,1.0,4.085093534050761,0.9858438197214854,995,996,13468,12468,25936,15,13527.0,3.8179163343286655,3.433587261913317,18,13307.199999999999,14185.0
0.75,0.0,0.05,4,5,20,0.8,4.0890420493756805,0.9858164407115017,995,996,11896,10896,22792,13,11962.5,4.094689769104635,3.52014304285362,48,11551.599999999999,12429.4
1.0,0.1,0.03,4,3,5,0.8,4.0894621499148665,0.9858135261770378,998,999,13685,12685,26370,15,13527.0,3.8179163343286655,3.433587261913317,18,13307.199999999999,14185.0
1.0,0.1,0.05,4,5,5,0.8,4.092754945027698,0.9857906713582636,735,736,10101,9315,19416,11,10253.5,4.2411684189967325,3.623135709525685,36,9796.0,10673.8
1.0,0.0,0.1,4,8,5,0.8,4.094904598309866,0.9857757409986256,449,450,5948,5448,11396,6,5847.0,4.525032584484768,3.6442172777135577,111,5407.0,6284.799999999999
1.0,0.1,0.03,4,5,1,0.8,4.096143189418579,0.9857671348370998,997,998,13226,12226,25452,14,12810.0,4.062882279000357,3.4919245877644656,30,12429.4,13307.199999999999
0.75,0.1,0.05,4,5,20,0.8,4.100337488833588,0.9857379720569064,998,999,11620,10620,22240,13,11962.5,4.094689769104635,3.52014304285362,48,11551.599999999999,12429.4
0.75,0.0,0.03,4,5,10,0.8,4.102777233694941,0.9857209948878848,998,999,11963,10963,22926,13,11962.5,4.094689769104635,3.52014304285362,48,11551.599999999999,12429.4
0.75,1.0,0.05,4,3,20,0.8,4.1029242930713945,0.9857199712401934,998,999,9014,8014,17028,10,9249.0,4.145608233658916,3.5353751758680247,34,8918.2,9796.0
1.0,0.0,0.05,4,8,20,0.8,4.105430601961601,0.9857025197388494,995,996,11764,10764,22528,13,11962.5,4.094689769104635,3.52014304285362,48,11551.599999999999,12429.4
0.75,0.1,0.03,4,5,10,0.8,4.10904660867179,0.9856773225998368,995,996,11798,10798,22596,13,11962.5,4.094689769104635,3.52014304285362,48,11551.599999999999,12429.4
1.0,0.3,0.1,3,5,1,0.8,4.112375766718158,0.9856541046724352,823,824,6645,5771,12416,7,6931.0,4.805455757325583,3.3898166653023294,117,6284.799999999999,7162.599999999999
0.75,1.0,0.05,4,5,5,0.8,4.113928189917378,0.9856432714676796,648,649,6217,5518,11735,6,5847.0,4.525032584484768,3.6442172777135577,111,5407.0,6284.799999999999
1.0,0.3,0.05,4,8,20,0.8,4.114101561903824,0.9856420613799596,995,996,11075,10075,21150,12,11210.5,4.228199975216141,3.429929271067711,50,10673.8,11551.599999999999
1.0,0.0,0.05,4,5,20,0.8,4.114925427469484,0.985636310333006,998,999,12889,11889,24778,14,12810.0,4.062882279000357,3.4919245877644656,30,12429.4,13307.199999999999
1.0,0.0,0.1,3,5,1,0.8,4.116217405712277,0.9856272892762904,672,673,5566,4843,10409,6,5847.0,4.525032584484768,3.6442172777135577,111,5407.0,6284.799999999999
0.75,0.1,0.1,4,3,1,1.0,4.116880789176335,0.9856226561940192,146,147,2034,1837,3871,2,2382.0,5.793392504361757,4.116880789176335,219,1895.8,2773.6
1.0,0.0,0.05,4,5,1,0.8,4.1178489135421135,0.985615893455836,542,543,8005,7412,15417,8,7424.0,4.700652294768277,3.536485358593364,207,7162.599999999999,8040.4
1.0,0.3,0.05,4,5,10,0.8,4.118001771585834,0.9856148255355494,734,735,9502,8717,18219,10,9249.0,4.145608233658916,3.5353751758680247,34,8918.2,9796.0
1.0,0.1,0.05,4,8,20,0.8,4.118374055940434,0.985612224459706,995,996,11601,10601,22202,13,11962.5,4.094689769104635,3.52014304285362,48,11551.599999999999,12429.4
1.0,0.1,0.1,3,3,1,0.8,4.121985038564395,0.9855869830496956,549,550,4724,4124,8848,5,4945.5,4.541048571460504,3.4718231235719323,98,4529.2,5407.0
0.75,0.3,0.05,4,5,20,0.8,4.12204182916993,0.9855865858965808,998,999,11069,10069,21138,12,11210.5,4.228199975216141,3.429929271067711,50,10673.8,11551.599999999999
0.75,0.3,0.1,4,8,10,0.8,4.122589258751413,0.9855827572827448,369,370,4600,4180,8780,5,4945.5,4.541048571460504,3.4718231235719323,98,4529.2,5407.0
0.75,0.0,0.03,4,8,1,1.0,4.1236712147744505,0.98557518880161,995,996,12387,11387,23774,13,11962.5,4.094689769104635,3.52014304285362,48,11551.599999999999,12429.4
1.0,0.3,0.03,4,3,20,0.8,4.124673776488521,0.9855681739254548,998,999,12539,11539,24078,14,12810.0,4.062882279000357,3.4919245877644656,30,12429.4,13307.199999999999
1.0,0.3,0.1,3,3,20,0.8,4.1249396947926416,0.9855663130217172,995,996,7598,6598,14196,8,7424.0,4.700652294768277,3.536485358593364,207,7162.599999999999,8040.4
0.75,0.3,0.05,4,8,5,0.8,4.125694819335605,0.985561027984983,734,735,8639,7854,16493,9,8569.0,4.228009255229204,3.4268897653357566,30,8040.4,8918.2
1.0,0.0,0.1,3,3,1,0.8,4.130410047632429,0.9855280047206698,549,550,4725,4125,8850,5,4945.5,4.541048571460504,3.4718231235719323,98,4529.2,5407.0
1.0,0.0,0.1,4,5,20,1.0,4.130758540465989,0.9855255625421232,932,933,12487,11504,23991,14,12810.0,4.062882279000357,3.4919245877644656,30,12429.4,13307.199999999999
0.75,1.0,0.1,4,3,20,0.8,4.133689830073444,0.9855050124073546,544,545,4960,4365,9325,5,4945.5,4.541048571460504,3.4718231235719323,98,4529.2,5407.0
1.0,0.1,0.1,4,5,10,0.8,4.134615834023611,0.9854985175227724,387,388,5683,5245,10928,6,5847.0,4.525032584484768,3.6442172777135577,111,5407.0,6284.799999999999
0.75,0.1,0.1,4,8,10,0.8,4.135543800269334,0.9854920074154674,369,370,4742,4322,9064,5,4945.5,4.541048571460504,3.4718231235719323,98,4529.2,5407.0
1.0,0.3,0.1,4,5,10,0.8,4.136647303808658,0.9854842639321946,380,381,5194,4763,9957,5,4945.5,4.541048571460504,3.4718231235719323,98,4529.2,5407.0
0.75,0.3,0.03,4,5,10,0.8,4.138438043037448,0.985471693595672,995,996,11490,10490,21980,12,11210.5,4.228199975216141,3.429929271067711,50,10673.8,11551.599999999999
1.0,0.0,0.1,3,3,10,0.8,4.1403686511950735,0.9854581353357852,648,649,5407,4708,10115,5,4945.5,4.541048571460504,3.4718231235719323,98,4529.2,5407.0
0.75,0.0,0.1,4,8,20,1.0,4.141056416937456,0.9854533037722862,886,887,10454,9517,19971,11,10253.5,4.2411684189967325,3.623135709525685,36,9796.0,10673.8
0.75,0.0,0.1,4,8,10,0.8,4.141367734466701,0.9854511164986536,369,370,4823,4403,9226,5,4945.5,4.541048571460504,3.4718231235719323,98,4529.2,5407.0
0.75,1.0,0.1,3,3,10,0.8,4.145537683385126,0.9854218031662908,991,992,6665,5665,12330,7,6931.0,4.805455757325583,3.3898166653023294,117,6284.799999999999,7162.599999999999
0.75,0.1,0.1,3,3,20,0.8,4.148409289602002,0.9854015995917428,998,999,7328,6328,13656,8,7424.0,4.700652294768277,3.536485358593364,207,7162.599999999999,8040.4
1.0,0.0,0.1,4,8,20,0.8,4.150423332011753,0.9853874211764836,558,559,7292,6683,13975,8,7424.0,4.700652294768277,3.536485358593364,207,7162.599999999999,8040.4
1.0,0.1,0.03,4,3,20,0.8,4.151680540012011,0.9853785672201874,998,999,12931,11931,24862,14,12810.0,4.062882279000357,3.4919245877644656,30,12429.4,13307.199999999999
1.0,0.0,0.03,4,3,20,0.8,4.153299989450673,0.985367158206869,998,999,13170,12170,25340,14,12810.0,4.062882279000357,3.4919245877644656,30,12429.4,13307.199999999999
0.75,0.0,0.05,4,8,1,0.8,4.155275071199879,0.9853532377432774,430,431,5923,5442,11365,6,5847.0,4.525032584484768,3.6442172777135577,111,5407.0,6284.799999999999
1.0,0.1,0.05,4,8,10,0.8,4.160086335228757,0.9853193000441524,998,999,11612,10612,22224,13,11962.5,4.094689769104635,3.52014304285362,48,11551.599999999999,12429.4
0.75,0.0,0.03,4,3,20,0.8,4.163234972877814,0.9852970689202344,998,999,11877,10877,22754,13,11962.5,4.094689769104635,3.52014304285362,48,11551.599999999999,12429.4
0.75,0.1,0.03,4,3,20,0.8,4.163631126854139,0.9852942706627396,998,999,11643,10643,22286,13,11962.5,4.094689769104635,3.52014304285362,48,11551.599999999999,12429.4
0.75,0.3,0.03,4,8,5,0.8,4.165492266761947,0.9852811208250312,995,996,11193,10193,21386,12,11210.5,4.228199975216141,3.429929271067711,50,10673.8,11551.599999999999
1.0,0.0,0.03,4,5,10,0.8,4.1669935207560815,0.9852705094703088,998,999,12890,11890,24780,14,12810.0,4.062882279000357,3.4919245877644656,30,12429.4,13307.199999999999
0.75,0.0,0.05,4,8,5,1.0,4.168282580016023,0.9852613949262572,638,639,7939,7250,15189,8,7424.0,4.700652294768277,3.536485358593364,207,7162.599999999999,8040.4
0.75,1.0,0.05,4,8,5,0.8,4.169571151226408,0.9852522810155078,853,854,7574,6670,14244,8,7424.0,4.700652294768277,3.536485358593364,207,7162.599999999999,8040.4
0.75,0.0,0.03,4,8,5,0.8,4.170927655966071,0.9852426835752964,995,996,11626,10626,22252,13,11962.5,4.094689769104635,3.52014304285362,48,11551.599999999999,12429.4
0.75,0.0,0.1,3,5,1,1.0,4.171139645259815,0.9852411834425464,979,980,7658,6658,14316,8,7424.0,4.700652294768277,3.536485358593364,207,7162.599999999999,8040.4
1.0,0.3,0.03,4,5,10,0.8,4.172336796239588,0.9852327104261952,998,999,12234,11234,23468,13,11962.5,4.094689769104635,3.52014304285362,48,11551.599999999999,12429.4
1.0,0.1,0.1,3,3,10,0.8,4.172619481510842,0.985230709323754,648,649,5397,4698,10095,5,4945.5,4.541048571460504,3.4718231235719323,98,4529.2,5407.0
1.0,0.0,0.03,4,5,1,1.0,4.1727374139829365,0.9852298744508006,961,962,13767,12767,26534,15,13527.0,3.8179163343286655,3.433587261913317,18,13307.199999999999,14185.0
1.0,0.0,0.1,4,5,10,1.0,4.173214695731999,0.985226495415016,632,633,9251,8568,17819,10,9249.0,4.145608233658916,3.5353751758680247,34,8918.2,9796.0
1.0,1.0,0.05,4,5,5,0.8,4.1737870084312885,0.9852224430742352,734,735,6956,6171,13127,7,6931.0,4.805455757325583,3.3898166653023294,117,6284.799999999999,7162.599999999999
1.0,0.3,0.1,3,5,5,0.8,4.174180747663099,0.985219654825411,733,734,5937,5153,11090,6,5847.0,4.525032584484768,3.6442172777135577,111,5407.0,6284.799999999999
0.75,1.0,0.05,4,8,1,0.8,4.17516134909761,0.9852127095918508,417,418,4885,4417,9302,5,4945.5,4.541048571460504,3.4718231235719323,98,4529.2,5407.0
0.75,0.1,0.03,4,8,5,0.8,4.176409135859683,0.985203869625746,995,996,11512,10512,22024,12,11210.5,4.228199975216141,3.429929271067711,50,10673.8,11551.599999999999
0.75,0.0,0.05,4,5,10,1.0,4.176997138573974,0.9851997029950388,985,986,11463,10463,21926,12,11210.5,4.228199975216141,3.429929271067711,50,10673.8,11551.599999999999
0.75,0.1,0.05,3,3,1,0.8,4.177473789378977,0.9851963249817158,997,998,7658,6658,14316,8,7424.0,4.700652294768277,3.536485358593364,207,7162.599999999999,8040.4
1.0,0.1,0.03,4,5,10,0.8,4.1779014057199975,0.9851932941465,998,999,12714,11714,24428,14,12810.0,4.062882279000357,3.4919245877644656,30,12429.4,13307.199999999999
1.0,1.0,0.05,4,5,10,0.8,4.178793301256266,0.985186971620819,734,735,7436,6651,14087,8,7424.0,4.700652294768277,3.536485358593364,207,7162.599999999999,8040.4
1.0,0.0,0.05,4,3,10,1.0,4.179938185066389,0.98517885371771,669,670,9382,8662,18044,10,9249.0,4.145608233658916,3.5353751758680247,34,8918.2,9796.0
0.75,0.3,0.03,4,3,20,0.8,4.180511038463169,0.9851747910137132,998,999,11363,10363,21726,12,11210.5,4.228199975216141,3.429929271067711,50,10673.8,11551.599999999999
0.75,0.0,0.05,3,3,1,0.8,4.181079221153071,0.9851707608846376,997,998,7692,6692,14384,8,7424.0,4.700652294768277,3.536485358593364,207,7162.599999999999,8040.4
1.0,0.0,0.05,4,5,5,1.0,4.181473236778013,0.985167965803788,999,1000,13384,12384,25768,15,13527.0,3.8179163343286655,3.433587261913317,18,13307.199999999999,14185.0
1.0,0.0,0.1,4,8,10,0.8,4.181765233901759,0.9851658942551754,549,550,7119,6519,13638,7,6931.0,4.805455757325583,3.3898166653023294,117,6284.799999999999,7162.599999999999
0.75,1.0,0.03,4,5,10,0.8,4.182482128210895,0.9851608076962952,998,999,10031,9031,19062,11,10253.5,4.2411684189967325,3.623135709525685,36,9796.0,10673.8
1.0,0.3,0.05,3,3,5,0.8,4.184106483985708,0.9851492792270043,998,999,7761,6761,14522,8,7424.0,4.700652294768277,3.536485358593364,207,7162.599999999999,8040.4
1.0,1.0,0.1,3,3,20,0.8,4.185523262838976,0.9851392203293964,998,999,6967,5967,12934,7,6931.0,4.805455757325583,3.3898166653023294,117,6284.799999999999,7162.599999999999
1.0,0.0,0.05,4,5,1,1.0,4.186229258875615,0.985134206601968,524,525,7953,7378,15331,8,7424.0,4.700652294768277,3.536485358593364,207,7162.599999999999,8040.4
1.0,1.0,0.1,3,5,1,0.8,4.186546577156507,0.9851319528473378,730,731,5593,4812,10405,6,5847.0,4.525032584484768,3.6442172777135577,111,5407.0,6284.799999999999
0.75,0.1,0.1,4,3,10,1.0,4.187522373739419,0.98512502117699,284,285,3161,2826,5987,3,3154.0,5.783886118106104,3.663666929472131,169,2773.6,3651.3999999999996
0.75,0.1,0.05,4,8,20,0.8,4.18899683242738,0.9851145441449368,991,992,11034,10034,21068,12,11210.5,4.228199975216141,3.429929271067711,50,10673.8,11551.599999999999
0.75,0.0,0.05,4,8,20,0.8,4.189015114040444,0.9851144142184894,991,992,11199,10199,21398,12,11210.5,4.228199975216141,3.429929271067711,50,10673.8,11551.599999999999
0.75,0.1,0.05,4,3,1,1.0,4.190709353299153,0.9851023708893668,284,285,3798,3463,7261,4,3985.0,6.05650129297567,3.87937323141084,405,3651.3999999999996,4529.2
0.75,0.3,0.05,4,8,20,0.8,4.1913328700872095,0.985097937457173,991,992,10659,9659,20318,11,10253.5,4.2411684189967325,3.623135709525685,36,9796.0,10673.8
1.0,1.0,0.03,4,3,10,0.8,4.191733049767785,0.985095091685909,995,996,10610,9610,20220,11,10253.5,4.2411684189967325,3.623135709525685,36,9796.0,10673.8
0.75,0.3,0.05,4,8,1,0.8,4.19230028357028,0.9850910574882332,449,450,5850,5350,11200,6,5847.0,4.525032584484768,3.6442172777135577,111,5407.0,6284.799999999999
0.75,1.0,0.05,3,3,1,0.8,4.193069496647133,0.9850855859309172,997,998,7299,6299,13598,8,7424.0,4.700652294768277,3.536485358593364,207,7162.599999999999,8040.4
1.0,0.3,0.03,4,5,20,0.8,4.195361375704543,0.985069277412768,998,999,11965,10965,22930,13,11962.5,4.094689769104635,3.52014304285362,48,11551.599999999999,12429.4
0.75,1.0,0.05,4,5,20,0.8,4.195546103317006,0.9850679625427434,995,996,8918,7918,16836,9,8569.0,4.228009255229204,3.4268897653357566,30,8040.4,8918.2
1.0,0.3,0.1,4,8,20,0.8,4.195724159715301,0.9850666951028626,549,550,6622,6022,12644,7,6931.0,4.805455757325583,3.3898166653023294,117,6284.799999999999,7162.599999999999
0.75,0.1,0.05,4,3,5,1.0,4.196406380529557,0.9850618384253008,528,529,4788,4209,8997,5,4945.5,4.541048571460504,3.4718231235719323,98,4529.2,5407.0
1.0,0.3,0.05,3,3,1,0.8,4.197077317441032,0.9850570613068318,733,734,6148,5364,11512,6,5847.0,4.525032584484768,3.6442172777135577,111,5407.0,6284.799999999999
1.0,0.1,0.1,4,8,1,0.8,4.197118763945746,0.9850567661797276,342,343,4724,4331,9055,5,4945.5,4.541048571460504,3.4718231235719323,98,4529.2,5407.0
1.0,0.1,0.1,4,8,10,0.8,4.197815290982338,0.985051806000801,449,450,5847,5347,11194,6,5847.0,4.525032584484768,3.6442172777135577,111,5407.0,6284.799999999999
1.0,0.1,0.03,4,5,20,0.8,4.199784847689414,0.9850377757396118,998,999,12321,11321,23642,13,11962.5,4.094689769104635,3.52014304285362,48,11551.599999999999,12429.4
0.75,0.3,0.05,3,3,1,0.8,4.201750109097974,0.9850237695165054,997,998,7612,6612,14224,8,7424.0,4.700652294768277,3.536485358593364,207,7162.599999999999,8040.4
0.75,0.0,0.1,4,8,20,0.8,4.202980419064692,0.9850149978843468,558,559,6833,6224,13057,7,6931.0,4.805455757325583,3.3898166653023294,117,6284.799999999999,7162.599999999999
0.75,0.0,0.03,4,5,5,1.0,4.20391933271762,0.9850083020670004,996,997,12012,11012,23024,13,11962.5,4.094689769104635,3.52014304285362,48,11551.599999999999,12429.4
1.0,1.0,0.03,4,3,5,0.8,4.206348295062124,0.984990973100058,988,989,9984,8984,18968,11,10253.5,4.2411684189967325,3.623135709525685,36,9796.0,10673.8
0.75,0.1,0.05,4,8,5,0.8,4.20673585386813,0.9849882072099744,558,559,6976,6367,13343,7,6931.0,4.805455757325583,3.3898166653023294,117,6284.799999999999,7162.599999999999
1.0,0.1,0.1,4,3,20,1.0,4.208425357538461,0.9849761467560164,477,478,5215,4687,9902,5,4945.5,4.541048571460504,3.4718231235719323,98,4529.2,5407.0
1.0,0.1,0.05,3,3,5,0.8,4.209169188317275,0.9849708354145492,998,999,7791,6791,14582,8,7424.0,4.700652294768277,3.536485358593364,207,7162.599999999999,8040.4
1.0,0.0,0.03,4,5,20,0.8,4.211574298811242,0.9849536552410062,998,999,12453,11453,23906,14,12810.0,4.062882279000357,3.4919245877644656,30,12429.4,13307.199999999999
0.75,0.1,0.1,4,3,5,1.0,4.212004652477459,0.9849505801056756,199,200,2502,2252,4754,2,2382.0,5.793392504361757,4.116880789176335,219,1895.8,2773.6
0.75,0.0,0.05,4,3,20,1.0,4.212104907777416,0.984949863676238,836,837,10732,9845,20577,12,11210.5,4.228199975216141,3.429929271067711,50,10673.8,11551.599999999999
0.75,0.0,0.05,4,8,10,1.0,4.212746350683755,0.9849452794892516,903,904,10653,9699,20352,11,10253.5,4.2411684189967325,3.623135709525685,36,9796.0,10673.8
0.75,0.1,0.1,4,8,20,0.8,4.212832759906595,0.9849446618968628,558,559,6682,6073,12755,7,6931.0,4.805455757325583,3.3898166653023294,117,6284.799999999999,7162.599999999999
0.75,0.0,0.05,4,8,1,1.0,4.213743238869235,0.9849381536632624,553,554,7299,6695,13994,8,7424.0,4.700652294768277,3.536485358593364,207,7162.599999999999,8040.4
1.0,0.0,0.05,3,3,1,0.8,4.214033373829799,0.9849360794416542,733,734,6165,5381,11546,6,5847.0,4.525032584484768,3.6442172777135577,111,5407.0,6284.799999999999
0.75,0.0,0.05,4,8,5,0.8,4.214630310447449,0.9849318113963484,558,559,7135,6526,13661,7,6931.0,4.805455757325583,3.3898166653023294,117,6284.799999999999,7162.599999999999
1.0,0.1,0.05,3,3,1,0.8,4.218500538673382,0.9849041249325358,733,734,6163,5379,11542,6,5847.0,4.525032584484768,3.6442172777135577,111,5407.0,6284.799999999999
0.75,1.0,0.05,4,5,10,0.8,4.219296629834423,0.9848984267814728,733,734,7129,6345,13474,7,6931.0,4.805455757325583,3.3898166653023294,117,6284.799999999999,7162.599999999999
1.0,0.1,0.1,4,5,5,0.8,4.219318304938864,0.984898271623376,152,153,2617,2414,5031,2,2382.0,5.793392504361757,4.116880789176335,219,1895.8,2773.6
1.0,0.3,0.1,4,8,1,0.8,4.219802709247928,0.9848948038773112,376,377,4915,4488,9403,5,4945.5,4.541048571460504,3.4718231235719323,98,4529.2,5407.0
1.0,1.0,0.05,4,5,1,0.8,4.220075735360872,0.984892849166779,595,596,5992,5346,11338,6,5847.0,4.525032584484768,3.6442172777135577,111,5407.0,6284.799999999999
0.75,1.0,0.1,4,8,10,0.8,4.221488955121336,0.9848827293015344,377,378,3899,3471,7370,4,3985.0,6.05650129297567,3.87937323141084,405,3651.3999999999996,4529.2
1.0,0.1,0.1,3,5,5,0.8,4.222674721635915,0.9848742355823208,733,734,6022,5238,11260,6,5847.0,4.525032584484768,3.6442172777135577,111,5407.0,6284.799999999999
1.0,0.0,0.03,4,5,1,0.8,4.223282072148935,0.9848698841690364,735,736,10649,9863,20512,11,10253.5,4.2411684189967325,3.623135709525685,36,9796.0,10673.8
0.75,0.0,0.05,4,5,20,1.0,4.224871840917268,0.9848584911754344,997,998,11480,10480,21960,12,11210.5,4.228199975216141,3.429929271067711,50,10673.8,11551.599999999999
0.75,0.0,0.1,4,5,20,1.0,4.227291213198445,0.9848411446442016,557,558,6981,6373,13354,7,6931.0,4.805455757325583,3.3898166653023294,117,6284.799999999999,7162.599999999999
1.0,0.0,0.1,4,8,1,0.8,4.228548057139991,0.9848321293448818,369,370,5085,4665,9750,5,4945.5,4.541048571460504,3.4718231235719323,98,4529.2,5407.0
1.0,1.0,0.1,4,5,10,0.8,4.229743763240773,0.9848235500976152,376,377,3977,3550,7527,4,3985.0,6.05650129297567,3.87937323141084,405,3651.3999999999996,4529.2
0.75,1.0,0.03,4,8,5,0.8,4.230357760333423,0.9848191436971482,998,999,9711,8711,18422,10,9249.0,4.145608233658916,3.5353751758680247,34,8918.2,9796.0
0.75,0.3,0.1,4,8,20,0.8,4.2305050613028055,0.98481808648454,558,559,6306,5697,12003,7,6931.0,4.805455757325583,3.3898166653023294,117,6284.799999999999,7162.599999999999
1.0,0.0,0.1,4,8,10,1.0,4.231528109515015,0.9848107428188267,872,873,11010,10087,21097,12,11210.5,4.228199975216141,3.429929271067711,50,10673.8,11551.599999999999
1.0,0.0,0.1,4,5,1,1.0,4.232973111647728,0.9848003672495322,290,291,4655,4314,8969,5,4945.5,4.541048571460504,3.4718231235719323,98,4529.2,5407.0
1.0,0.1,0.1,4,3,1,1.0,4.233932117082568,0.9847934793335305,141,142,2014,1822,3836,2,2382.0,5.793392504361757,4.116880789176335,219,1895.8,2773.6
0.75,0.1,0.03,4,8,1,0.8,4.234204584590189,0.984791522090954,581,582,7709,7077,14786,8,7424.0,4.700652294768277,3.536485358593364,207,7162.599999999999,8040.4
0.75,0.3,0.1,3,3,20,0.8,4.239147552788361,0.9847559929140188,998,999,7214,6214,13428,8,7424.0,4.700652294768277,3.536485358593364,207,7162.599999999999,8040.4
1.0,1.0,0.03,4,3,20,0.8,4.240298606799319,0.9847477133920152,991,992,11000,10000,21000,12,11210.5,4.228199975216141,3.429929271067711,50,10673.8,11551.599999999999
0.75,1.0,0.03,4,3,20,0.8,4.240324495230111,0.9847475271508994,998,999,10308,9308,19616,11,10253.5,4.2411684189967325,3.623135709525685,36,9796.0,10673.8
0.75,0.0,0.1,4,5,20,0.8,4.241479033344289,0.9847392202590146,426,427,5609,5132,10741,6,5847.0,4.525032584484768,3.6442172777135577,111,5407.0,6284.799999999999
1.0,0.3,0.03,4,5,1,0.8,4.2420123427633545,0.9847353823387128,735,736,10043,9257,19300,11,10253.5,4.2411684189967325,3.623135709525685,36,9796.0,10673.8
0.75,0.3,0.03,4,8,1,0.8,4.243559464705683,0.984724245864039,582,583,7596,6963,14559,8,7424.0,4.700652294768277,3.536485358593364,207,7162.599999999999,8040.4
1.0,0.3,0.03,4,3,5,0.8,4.246220356732439,0.9847050827645416,734,735,10331,9546,19877,11,10253.5,4.2411684189967325,3.623135709525685,36,9796.0,10673.8
0.75,0.0,0.03,4,8,5,1.0,4.249928133311223,0.984678360225142,998,999,11389,10389,21778,12,11210.5,4.228199975216141,3.429929271067711,50,10673.8,11551.599999999999
0.75,0.0,0.03,4,8,10,0.8,4.252720263617034,0.9846582214998376,995,996,11363,10363,21726,12,11210.5,4.228199975216141,3.429929271067711,50,10673.8,11551.599999999999
0.75,0.1,0.03,4,8,10,0.8,4.253950506510109,0.9846493439613284,995,996,11238,10238,21476,12,11210.5,4.228199975216141,3.429929271067711,50,10673.8,11551.599999999999
1.0,1.0,0.1,4,8,20,0.8,4.256576724297483,0.9846303843565816,543,544,5134,4540,9674,5,4945.5,4.541048571460504,3.4718231235719323,98,4529.2,5407.0
0.75,0.0,0.1,4,8,1,1.0,4.2576282617820365,0.9846227896511166,290,291,4043,3702,7745,4,3985.0,6.05650129297567,3.87937323141084,405,3651.3999999999996,4529.2
1.0,1.0,0.05,3,3,1,0.8,4.25807862636063,0.9846195363294508,733,734,5986,5202,11188,6,5847.0,4.525032584484768,3.6442172777135577,111,5407.0,6284.799999999999
0.75,0.0,0.1,3,3,20,0.8,4.258218047363098,0.9846185291170634,998,999,7388,6388,13776,8,7424.0,4.700652294768277,3.536485358593364,207,7162.599999999999,8040.4
1.0,1.0,0.05,3,3,5,0.8,4.260109667498236,0.9846048603183712,998,999,7485,6485,13970,8,7424.0,4.700652294768277,3.536485358593364,207,7162.599999999999,8040.4
1.0,0.0,0.05,3,3,5,0.8,4.26012269387681,0.9846047661690464,998,999,7796,6796,14592,8,7424.0,4.700652294768277,3.536485358593364,207,7162.599999999999,8040.4
0.75,0.1,0.05,4,8,10,0.8,4.260472407141402,0.98460223847731,734,735,8834,8049,16883,9,8569.0,4.228009255229204,3.4268897653357566,30,8040.4,8918.2
0.75,1.0,0.05,4,8,20,0.8,4.263544864850706,0.9845800221477078,991,992,8781,7781,16562,9,8569.0,4.228009255229204,3.4268897653357566,30,8040.4,8918.2
0.75,0.3,0.1,4,5,20,0.8,4.267756740767582,0.9845495408860384,430,431,5232,4751,9983,5,4945.5,4.541048571460504,3.4718231235719323,98,4529.2,5407.0
0.75,0.3,0.03,4,8,10,0.8,4.26891165049422,0.9845411775696696,995,996,11027,10027,21054,12,11210.5,4.228199975216141,3.429929271067711,50,10673.8,11551.599999999999
1.0,1.0,0.1,4,5,20,0.8,4.269663919179458,0.9845357287744608,389,390,4354,3914,8268,4,3985.0,6.05650129297567,3.87937323141084,405,3651.3999999999996,4529.2
1.0,1.0,0.03,4,5,10,0.8,4.270121054938528,0.9845324172024316,998,999,10370,9370,19740,11,10253.5,4.2411684189967325,3.623135709525685,36,9796.0,10673.8
1.0,0.3,0.1,4,8,10,0.8,4.270424402373399,0.9845302195044436,358,359,4668,4259,8927,5,4945.5,4.541048571460504,3.4718231235719323,98,4529.2,5407.0
0.75,0.0,0.1,4,8,10,1.0,4.271048829105492,0.9845256951528564,542,543,6521,5928,12449,7,6931.0,4.805455757325583,3.3898166653023294,117,6284.799999999999,7162.599999999999
1.0,0.3,0.05,4,8,5,0.8,4.272493028688473,0.9845152285139388,734,735,8876,8091,16967,9,8569.0,4.228009255229204,3.4268897653357566,30,8040.4,8918.2
1.0,0.0,0.03,4,8,1,1.0,4.273019066423424,0.9845114152482348,953,954,12754,11754,24508,14,12810.0,4.062882279000357,3.4919245877644656,30,12429.4,13307.199999999999
0.75,1.0,0.03,4,8,1,0.8,4.273273328163915,0.9845095719277984,582,583,6971,6338,13309,7,6931.0,4.805455757325583,3.3898166653023294,117,6284.799999999999,7162.599999999999
0.75,1.0,0.1,4,5,20,0.8,4.276144687780708,0.9844887478290127,581,582,5038,4406,9444,5,4945.5,4.541048571460504,3.4718231235719323,98,4529.2,5407.0
1.0,0.0,0.05,4,8,5,0.8,4.276380022728505,0.9844870404779136,734,735,9287,8502,17789,10,9249.0,4.145608233658916,3.5353751758680247,34,8918.2,9796.0
1.0,1.0,0.1,3,3,10,0.8,4.2764568248330335,0.9844864832595974,557,558,4421,3813,8234,4,3985.0,6.05650129297567,3.87937323141084,405,3651.3999999999996,4529.2
1.0,0.0,0.05,4,5,10,1.0,4.276613491879675,0.9844853465702912,725,726,10152,9376,19528,11,10253.5,4.2411684189967325,3.623135709525685,36,9796.0,10673.8
1.0,0.1,0.1,3,5,20,0.8,4.281374265570824,0.9844507851745148,998,999,7585,6585,14170,8,7424.0,4.700652294768277,3.536485358593364,207,7162.599999999999,8040.4
1.0,0.3,0.1,3,3,10,0.8,4.281706563113293,0.9844483713858246,647,648,5356,4658,10014,5,4945.5,4.541048571460504,3.4718231235719323,98,4529.2,5407.0
1.0,0.0,0.1,3,5,20,0.8,4.281721529880374,0.98444826266375,971,972,7618,6618,14236,8,7424.0,4.700652294768277,3.536485358593364,207,7162.599999999999,8040.4
1.0,1.0,0.1,3,3,5,0.8,4.284605156774534,0.9844273082374416,544,545,4369,3774,8143,4,3985.0,6.05650129297567,3.87937323141084,405,3651.3999999999996,4529.2
1.0,1.0,0.03,4,5,20,0.8,4.284754369947092,0.984426223567504,995,996,10667,9667,20334,11,10253.5,4.2411684189967325,3.623135709525685,36,9796.0,10673.8
1.0,0.3,0.03,4,5,5,0.8,4.28746493214945,0.9844065131998044,734,735,9862,9077,18939,11,10253.5,4.2411684189967325,3.623135709525685,36,9796.0,10673.8
0.75,0.0,0.1,3,3,1,1.0,4.294530936257764,0.9843550728086996,999,1000,7146,6146,13292,7,6931.0,4.805455757325583,3.3898166653023294,117,6284.799999999999,7162.599999999999
1.0,0.3,0.1,3,8,1,0.8,4.302442704344691,0.9842973747476514,721,722,5631,4859,10490,6,5847.0,4.525032584484768,3.6442172777135577,111,5407.0,6284.799999999999
0.75,0.3,0.1,4,8,1,0.8,4.30317016031105,0.984292064306626,152,153,2430,2227,4657,2,2382.0,5.793392504361757,4.116880789176335,219,1895.8,2773.6
1.0,0.0,0.05,4,8,10,0.8,4.305363701686058,0.984276045981739,734,735,9270,8485,17755,10,9249.0,4.145608233658916,3.5353751758680247,34,8918.2,9796.0
1.0,0.0,0.05,4,8,1,1.0,4.311414532194225,0.9842318175053306,579,580,8024,7394,15418,8,7424.0,4.700652294768277,3.536485358593364,207,7162.599999999999,8040.4
1.0,0.0,0.05,4,8,1,0.8,4.311549223261696,0.9842308322757772,734,735,9332,8547,17879,10,9249.0,4.145608233658916,3.5353751758680247,34,8918.2,9796.0
0.75,0.1,0.1,4,3,20,1.0,4.312131631655855,0.9842265717580494,349,350,4188,3788,7976,4,3985.0,6.05650129297567,3.87937323141084,405,3651.3999999999996,4529.2
0.75,0.3,0.1,4,3,1,1.0,4.31465302959867,0.9842081202262164,133,134,1720,1536,3256,1,1602.0,5.804113719417572,4.31465302959867,156,1018.0,1895.8
1.0,0.1,0.03,4,3,5,1.0,4.315368851935227,0.984202879889202,773,774,8730,7906,16636,9,8569.0,4.228009255229204,3.4268897653357566,30,8040.4,8918.2
1.0,0.0,0.03,4,5,5,0.8,4.315554965097521,0.9842015172639066,734,735,10291,9506,19797,11,10253.5,4.2411684189967325,3.623135709525685,36,9796.0,10673.8
1.0,1.0,0.1,4,8,1,0.8,4.316034326577412,0.98419800735395,328,329,3545,3166,6711,3,3154.0,5.783886118106104,3.663666929472131,169,2773.6,3651.3999999999996
1.0,0.1,0.05,4,8,5,0.8,4.316313374709444,0.9841959639693324,648,649,8232,7533,15765,9,8569.0,4.228009255229204,3.4268897653357566,30,8040.4,8918.2
0.75,1.0,0.03,4,8,10,0.8,4.316945763461093,0.984191332689864,997,998,9842,8842,18684,11,10253.5,4.2411684189967325,3.623135709525685,36,9796.0,10673.8
1.0,0.3,0.03,4,8,10,0.8,4.323647451305372,0.9841422113923426,998,999,11364,10364,21728,12,11210.5,4.228199975216141,3.429929271067711,50,10673.8,11551.599999999999
0.75,0.0,0.1,3,8,1,1.0,4.324344280133171,0.9841370994793888,999,1000,7520,6520,14040,8,7424.0,4.700652294768277,3.536485358593364,207,7162.599999999999,8040.4
0.75,0.0,0.1,3,5,5,1.0,4.324487767613295,0.984136046757756,982,983,7477,6477,13954,8,7424.0,4.700652294768277,3.536485358593364,207,7162.599999999999,8040.4
0.75,0.3,0.05,3,3,5,0.8,4.326033813917256,0.984124701695955,991,992,7440,6440,13880,8,7424.0,4.700652294768277,3.536485358593364,207,7162.599999999999,8040.4
1.0,0.0,0.1,3,5,5,0.8,4.326434383835879,0.9841217616073484,647,648,5371,4673,10044,5,4945.5,4.541048571460504,3.4718231235719323,98,4529.2,5407.0
0.75,0.0,0.05,3,3,5,0.8,4.326611735755127,0.984120459799198,997,998,7529,6529,14058,8,7424.0,4.700652294768277,3.536485358593364,207,7162.599999999999,8040.4
1.0,1.0,0.1,4,8,10,0.8,4.326823881214164,0.984118902527531,380,381,3907,3476,7383,4,3985.0,6.05650129297567,3.87937323141084,405,3651.3999999999996,4529.2
1.0,0.1,0.03,4,5,5,0.8,4.327851334422647,0.984111359340039,734,735,10133,9348,19481,11,10253.5,4.2411684189967325,3.623135709525685,36,9796.0,10673.8
0.75,0.1,0.1,4,8,20,1.0,4.329521025727953,0.9840990972540292,468,469,4211,3692,7903,4,3985.0,6.05650129297567,3.87937323141084,405,3651.3999999999996,4529.2
1.0,1.0,0.03,4,5,1,0.8,4.331437006360688,0.9840850206101344,718,719,8098,7329,15427,9,8569.0,4.228009255229204,3.4268897653357566,30,8040.4,8918.2
1.0,0.0,0.1,3,8,20,0.8,4.33306881726403,0.9840730268404796,976,977,7380,6380,13760,8,7424.0,4.700652294768277,3.536485358593364,207,7162.599999999999,8040.4
0.75,0.3,0.1,3,5,1,0.8,4.333842304901101,0.9840673401473284,542,543,4406,3813,8219,4,3985.0,6.05650129297567,3.87937323141084,405,3651.3999999999996,4529.2
1.0,0.0,0.03,4,8,10,0.8,4.334536319705501,0.9840622368757282,998,999,11687,10687,22374,13,11962.5,4.094689769104635,3.52014304285362,48,11551.599999999999,12429.4
0.75,0.1,0.05,3,3,5,0.8,4.334959832095293,0.984059122277348,991,992,7516,6516,14032,8,7424.0,4.700652294768277,3.536485358593364,207,7162.599999999999,8040.4
1.0,0.1,0.1,4,3,5,1.0,4.335407392885985,0.9840558304913044,219,220,2975,2705,5680,3,3154.0,5.783886118106104,3.663666929472131,169,2773.6,3651.3999999999996
1.0,0.1,0.03,4,8,10,0.8,4.335915868202821,0.98405209026976,998,999,11590,10590,22180,13,11962.5,4.094689769104635,3.52014304285362,48,11551.599999999999,12429.4
0.75,0.0,0.03,4,5,20,0.8,4.34257803551536,0.9840030444527788,998,999,11352,10352,21704,12,11210.5,4.228199975216141,3.429929271067711,50,10673.8,11551.599999999999
1.0,0.3,0.05,4,8,10,0.8,4.343923105703767,0.9839931331235277,734,735,8852,8067,16919,9,8569.0,4.228009255229204,3.4268897653357566,30,8040.4,8918.2
1.0,0.0,0.03,4,3,5,1.0,4.3443293971182895,0.9839901387073908,715,716,10351,9585,19936,11,10253.5,4.2411684189967325,3.623135709525685,36,9796.0,10673.8
1.0,0.1,0.05,4,3,1,1.0,4.34478862078268,0.9839867538371014,271,272,3897,3575,7472,4,3985.0,6.05650129297567,3.87937323141084,405,3651.3999999999996,4529.2
0.75,0.1,0.03,4,3,1,1.0,4.345697172758332,0.9839800559795592,587,588,6463,5825,12288,7,6931.0,4.805455757325583,3.3898166653023294,117,6284.799999999999,7162.599999999999
0.75,1.0,0.1,3,3,1,0.8,4.347555089287764,0.983966355033517,347,348,2901,2503,5404,3,3154.0,5.783886118106104,3.663666929472131,169,2773.6,3651.3999999999996
0.75,1.0,0.05,3,3,5,0.8,4.348088300011133,0.9839624218639424,991,992,7158,6158,13316,7,6931.0,4.805455757325583,3.3898166653023294,117,6284.799999999999,7162.599999999999
0.75,0.3,0.03,4,5,20,0.8,4.352012018663566,0.9839334641552698,995,996,10976,9976,20952,12,11210.5,4.228199975216141,3.429929271067711,50,10673.8,11551.599999999999
1.0,0.0,0.03,4,5,10,1.0,4.352422250063217,0.9839304350698258,999,1000,13046,12046,25092,14,12810.0,4.062882279000357,3.4919245877644656,30,12429.4,13307.199999999999
0.75,0.1,0.03,4,5,20,0.8,4.352887217928687,0.9839270014735514,995,996,11195,10195,21390,12,11210.5,4.228199975216141,3.429929271067711,50,10673.8,11551.599999999999
1.0,0.0,0.03,4,5,5,1.0,4.353999830687402,0.9839187837974128,790,791,11429,10588,22017,12,11210.5,4.228199975216141,3.429929271067711,50,10673.8,11551.599999999999
1.0,1.0,0.03,4,5,5,0.8,4.354598728016893,0.9839143595162048,734,735,8450,7665,16115,9,8569.0,4.228009255229204,3.4268897653357566,30,8040.4,8918.2
0.75,0.3,0.1,3,3,1,0.8,4.355134146778806,0.9839104036600042,347,348,3021,2623,5644,3,3154.0,5.783886118106104,3.663666929472131,169,2773.6,3651.3999999999996
1.0,0.3,0.05,4,8,1,0.8,4.355333511080215,0.983908930564368,650,651,8046,7345,15391,9,8569.0,4.228009255229204,3.4268897653357566,30,8040.4,8918.2
0.75,0.1,0.1,3,5,1,0.8,4.356880039716618,0.9838975010295916,544,545,4489,3894,8383,4,3985.0,6.05650129297567,3.87937323141084,405,3651.3999999999996,4529.2
1.0,0.1,0.05,4,3,10,1.0,4.357680146313715,0.9838915862931128,618,619,6208,5539,11747,6,5847.0,4.525032584484768,3.6442172777135577,111,5407.0,6284.799999999999
0.75,0.1,0.05,4,3,20,1.0,4.358035247978632,0.9838889608789488,668,669,7876,7157,15033,8,7424.0,4.700652294768277,3.536485358593364,207,7162.599999999999,8040.4
0.75,0.1,0.1,4,5,10,1.0,4.359082075244998,0.983881220005056,232,233,2732,2449,5181,2,2382.0,5.793392504361757,4.116880789176335,219,1895.8,2773.6
0.75,0.1,0.1,3,3,1,0.8,4.35929393041235,0.9838796531936234,342,343,3016,2623,5639,3,3154.0,5.783886118106104,3.663666929472131,169,2773.6,3651.3999999999996
0.75,0.1,0.05,4,5,5,1.0,4.360346612730662,0.9838718667707628,507,508,4505,3947,8452,4,3985.0,6.05650129297567,3.87937323141084,405,3651.3999999999996,4529.2
0.75,0.3,0.05,4,8,10,0.8,4.364013888869116,0.9838447261803668,558,559,6660,6051,12711,7,6931.0,4.805455757325583,3.3898166653023294,117,6284.799999999999,7162.599999999999
1.0,0.3,0.03,3,3,1,0.8,4.365630020586786,0.983832758351852,992,993,7864,6864,14728,8,7424.0,4.700652294768277,3.536485358593364,207,7162.599999999999,8040.4
0.75,0.0,0.05,4,8,10,0.8,4.36594430416594,0.9838304304947312,581,582,7210,6578,13788,8,7424.0,4.700652294768277,3.536485358593364,207,7162.599999999999,8040.4
1.0,1.0,0.1,3,5,5,0.8,4.367621089607237,0.9838180079334972,648,649,5040,4341,9381,5,4945.5,4.541048571460504,3.4718231235719323,98,4529.2,5407.0
0.75,0.3,0.1,4,3,5,1.0,4.369358337249893,0.983805132403373,223,224,1930,1656,3586,2,2382.0,5.793392504361757,4.116880789176335,219,1895.8,2773.6
1.0,0.1,0.05,4,5,10,1.0,4.369372850963905,0.9838050248140892,627,628,6155,5477,11632,6,5847.0,4.525032584484768,3.6442172777135577,111,5407.0,6284.799999999999
1.0,0.0,0.03,4,8,20,0.8,4.3695806470903005,0.9838034843947902,998,999,11444,10444,21888,12,11210.5,4.228199975216141,3.429929271067711,50,10673.8,11551.599999999999
0.75,0.0,0.03,4,5,10,1.0,4.369669157029892,0.9838028282370248,999,1000,11962,10962,22924,13,11962.5,4.094689769104635,3.52014304285362,48,11551.599999999999,12429.4
0.75,0.3,0.05,4,3,1,1.0,4.370236376068526,0.9837986229115584,387,388,3330,2892,6222,3,3154.0,5.783886118106104,3.663666929472131,169,2773.6,3651.3999999999996
1.0,0.3,0.03,4,8,20,0.8,4.372196130771218,0.9837840892153324,998,999,11219,10219,21438,12,11210.5,4.228199975216141,3.429929271067711,50,10673.8,11551.599999999999
1.0,0.0,0.03,3,3,1,0.8,4.373068217621958,0.9837776196551804,992,993,7868,6868,14736,8,7424.0,4.700652294768277,3.536485358593364,207,7162.599999999999,8040.4
1.0,0.0,0.05,4,8,10,1.0,4.373202765601811,0.9837766213985912,730,731,9647,8866,18513,10,9249.0,4.145608233658916,3.5353751758680247,34,8918.2,9796.0
1.0,0.3,0.05,4,3,1,1.0,4.374373099079148,0.9837679370065432,266,267,3129,2812,5941,3,3154.0,5.783886118106104,3.663666929472131,169,2773.6,3651.3999999999996
1.0,0.1,0.03,4,8,20,0.8,4.376122932608653,0.9837549481332162,998,999,11401,10401,21802,12,11210.5,4.228199975216141,3.429929271067711,50,10673.8,11551.599999999999
1.0,0.0,0.03,4,8,5,0.8,4.381566240310789,0.9837145096844628,998,999,11776,10776,22552,13,11962.5,4.094689769104635,3.52014304285362,48,11551.599999999999,12429.4
1.0,1.0,0.03,4,8,10,0.8,4.386968734844406,0.983674324732834,998,999,10018,9018,19036,11,10253.5,4.2411684189967325,3.623135709525685,36,9796.0,10673.8
0.75,1.0,0.1,3,5,5,0.8,4.389596894391394,0.9836547579958976,721,722,5231,4459,9690,5,4945.5,4.541048571460504,3.4718231235719323,98,4529.2,5407.0
1.0,0.1,0.03,4,8,5,0.8,4.389785550036802,0.9836533529974354,998,999,11653,10653,22306,13,11962.5,4.094689769104635,3.52014304285362,48,11551.599999999999,12429.4
1.0,0.1,0.03,3,3,1,0.8,4.390240933864086,0.9836499613124886,992,993,7870,6870,14740,8,7424.0,4.700652294768277,3.536485358593364,207,7162.599999999999,8040.4
1.0,0.3,0.03,4,8,5,0.8,4.390623645655223,0.9836471106145782,998,999,11395,10395,21790,12,11210.5,4.228199975216141,3.429929271067711,50,10673.8,11551.599999999999
1.0,0.1,0.1,4,5,20,1.0,4.392351614222352,0.9836342364347026,497,498,5148,4600,9748,5,4945.5,4.541048571460504,3.4718231235719323,98,4529.2,5407.0
0.75,0.1,0.1,3,5,5,0.8,4.392824203641773,0.9836307145387064,721,722,5711,4939,10650,6,5847.0,4.525032584484768,3.6442172777135577,111,5407.0,6284.799999999999
1.0,0.1,0.05,3,3,10,0.8,4.395147009339917,0.9836133986979368,998,999,7740,6740,14480,8,7424.0,4.700652294768277,3.536485358593364,207,7162.599999999999,8040.4
0.75,0.1,0.05,4,8,1,1.0,4.396600014615226,0.9836025623123658,300,301,3862,3511,7373,4,3985.0,6.05650129297567,3.87937323141084,405,3651.3999999999996,4529.2
0.75,0.0,0.1,3,5,20,0.8,4.397470795812532,0.983596066386256,995,996,7284,6284,13568,8,7424.0,4.700652294768277,3.536485358593364,207,7162.599999999999,8040.4
0.75,1.0,0.1,3,5,10,0.8,4.398452904844768,0.9835887384238302,976,977,6541,5541,12082,7,6931.0,4.805455757325583,3.3898166653023294,117,6284.799999999999,7162.599999999999
1.0,1.0,0.05,4,5,20,0.8,4.399069216862999,0.983584139003724,558,559,6509,5900,12409,7,6931.0,4.805455757325583,3.3898166653023294,117,6284.799999999999,7162.599999999999
0.75,1.0,0.05,4,8,10,0.8,4.399714908447766,0.9835793196382272,582,583,6113,5480,11593,6,5847.0,4.525032584484768,3.6442172777135577,111,5407.0,6284.799999999999
1.0,0.3,0.03,4,3,1,1.0,4.403972983261646,0.9835475201595344,361,362,5041,4629,9670,5,4945.5,4.541048571460504,3.4718231235719323,98,4529.2,5407.0
0.75,1.0,0.03,4,5,20,0.8,4.4059784526448125,0.9835325325756882,998,999,10001,9001,19002,11,10253.5,4.2411684189967325,3.623135709525685,36,9796.0,10673.8
1.0,0.1,0.05,4,3,5,1.0,4.407149693986797,0.9835237763176018,455,456,5018,4512,9530,5,4945.5,4.541048571460504,3.4718231235719323,98,4529.2,5407.0
1.0,0.0,0.1,3,8,1,0.8,4.407985879917422,0.983517523526392,549,550,4400,3800,8200,4,3985.0,6.05650129297567,3.87937323141084,405,3651.3999999999996,4529.2
1.0,0.1,0.05,4,3,20,1.0,4.409383284182281,0.9835070714358376,778,779,9046,8217,17263,10,9249.0,4.145608233658916,3.5353751758680247,34,8918.2,9796.0
1.0,0.0,0.05,4,8,20,1.0,4.411505529409009,0.9834911914544704,954,955,12183,11183,23366,13,11962.5,4.094689769104635,3.52014304285362,48,11551.599999999999,12429.4
0.75,0.1,0.1,3,8,10,0.8,4.413660735993103,0.9834750570152072,991,992,7100,6100,13200,7,6931.0,4.805455757325583,3.3898166653023294,117,6284.799999999999,7162.599999999999
1.0,1.0,0.05,4,8,5,0.8,4.413926475384659,0.9834730670749944,735,736,7052,6266,13318,7,6931.0,4.805455757325583,3.3898166653023294,117,6284.799999999999,7162.599999999999
1.0,1.0,0.1,4,8,5,0.8,4.416216449803289,0.983455914061109,153,154,2177,1973,4150,2,2382.0,5.793392504361757,4.116880789176335,219,1895.8,2773.6
0.75,0.1,0.05,4,5,1,1.0,4.416978895991598,0.9834502009968656,285,286,3770,3434,7204,4,3985.0,6.05650129297567,3.87937323141084,405,3651.3999999999996,4529.2
0.75,0.3,0.03,4,8,20,0.8,4.417676787123581,0.9834449707837764,995,996,10593,9593,20186,11,10253.5,4.2411684189967325,3.623135709525685,36,9796.0,10673.8
1.0,0.1,0.03,4,3,1,1.0,4.418233898239633,0.9834407950267888,550,551,6465,5864,12329,7,6931.0,4.805455757325583,3.3898166653023294,117,6284.799999999999,7162.599999999999
0.75,0.0,0.03,4,8,20,0.8,4.418507105822919,0.9834387470409408,995,996,10833,9833,20666,12,11210.5,4.228199975216141,3.429929271067711,50,10673.8,11551.599999999999
0.75,0.1,0.03,4,8,20,0.8,4.419391678712694,0.9834321153431996,998,999,10706,9706,20412,12,11210.5,4.228199975216141,3.429929271067711,50,10673.8,11551.599999999999
1.0,1.0,0.03,4,8,20,0.8,4.42141449933154,0.9834169451428532,998,999,10252,9252,19504,11,10253.5,4.2411684189967325,3.623135709525685,36,9796.0,10673.8
0.75,0.0,0.03,4,3,10,1.0,4.422043751547744,0.9834122246324524,999,1000,11897,10897,22794,13,11962.5,4.094689769104635,3.52014304285362,48,11551.599999999999,12429.4
0.75,1.0,0.1,4,8,20,0.8,4.423324003790603,0.9834026183906464,411,412,4173,3711,7884,4,3985.0,6.05650129297567,3.87937323141084,405,3651.3999999999996,4529.2
0.75,0.1,0.03,4,3,5,1.0,4.424218954368095,0.9833959015691351,774,775,7523,6698,14221,8,7424.0,4.700652294768277,3.536485358593364,207,7162.599999999999,8040.4
0.75,0.1,0.1,4,8,1,1.0,4.424698287093331,0.9833923035017804,149,150,2006,1806,3812,2,2382.0,5.793392504361757,4.116880789176335,219,1895.8,2773.6
1.0,0.1,0.05,4,5,20,1.0,4.425600694120302,0.9833855286080716,878,879,9023,8094,17117,10,9249.0,4.145608233658916,3.5353751758680247,34,8918.2,9796.0
0.75,0.1,0.1,3,8,1,0.8,4.426569169054827,0.9833782561671952,721,722,5607,4835,10442,6,5847.0,4.525032584484768,3.6442172777135577,111,5407.0,6284.799999999999
1.0,1.0,0.05,4,8,20,0.8,4.427483959749253,0.9833713853888696,558,559,6310,5701,12011,7,6931.0,4.805455757325583,3.3898166653023294,117,6284.799999999999,7162.599999999999
1.0,1.0,0.05,4,8,10,0.8,4.428848201122143,0.9833611362544776,734,735,7324,6539,13863,8,7424.0,4.700652294768277,3.536485358593364,207,7162.599999999999,8040.4
1.0,0.0,0.1,4,8,5,1.0,4.4298305510606655,0.9833537541999232,326,327,4689,4312,9001,5,4945.5,4.541048571460504,3.4718231235719323,98,4529.2,5407.0
0.75,0.1,0.1,4,5,5,1.0,4.430555996210915,0.983348301654077,183,184,2258,2024,4282,2,2382.0,5.793392504361757,4.116880789176335,219,1895.8,2773.6
1.0,0.0,0.1,3,3,1,1.0,4.43065355398114,0.9833475683283058,711,712,5501,4739,10240,6,5847.0,4.525032584484768,3.6442172777135577,111,5407.0,6284.799999999999
1.0,1.0,0.1,3,5,10,0.8,4.431215630222244,0.9833433429787994,733,734,5541,4757,10298,6,5847.0,4.525032584484768,3.6442172777135577,111,5407.0,6284.799999999999
1.0,1.0,0.05,3,3,10,0.8,4.431868131847192,0.983338437193625,998,999,7395,6395,13790,8,7424.0,4.700652294768277,3.536485358593364,207,7162.599999999999,8040.4
1.0,1.0,0.05,3,8,1,0.8,4.432058197596465,0.983337008062509,997,998,7101,6101,13202,7,6931.0,4.805455757325583,3.3898166653023294,117,6284.799999999999,7162.599999999999
1.0,0.3,0.1,4,3,1,1.0,4.434156774726719,0.9833212244915166,110,111,1599,1438,3037,1,1602.0,5.804113719417572,4.31465302959867,156,1018.0,1895.8
1.0,0.1,0.05,4,8,1,0.8,4.434683106522773,0.9833172647348726,559,560,7303,6693,13996,8,7424.0,4.700652294768277,3.536485358593364,207,7162.599999999999,8040.4
1.0,0.0,0.05,3,3,10,0.8,4.434813911332128,0.9833162805769808,998,999,7751,6751,14502,8,7424.0,4.700652294768277,3.536485358593364,207,7162.599999999999,8040.4
1.0,0.3,0.1,3,5,20,0.8,4.436499309621452,0.983303597269032,733,734,5864,5080,10944,6,5847.0,4.525032584484768,3.6442172777135577,111,5407.0,6284.799999999999
0.75,1.0,0.1,4,3,1,1.0,4.436873398468244,0.9833007814446902,240,241,1493,1202,2695,1,1602.0,5.804113719417572,4.31465302959867,156,1018.0,1895.8
1.0,0.0,0.03,4,3,10,1.0,4.438968951268248,0.9832850035060464,969,970,12747,11747,24494,14,12810.0,4.062882279000357,3.4919245877644656,30,12429.4,13307.199999999999
0.75,0.0,0.03,4,8,10,1.0,4.440981711166343,0.983269841921256,998,999,11238,10238,21476,12,11210.5,4.228199975216141,3.429929271067711,50,10673.8,11551.599999999999
1.0,1.0,0.1,3,8,20,0.8,4.441501647139463,0.9832659242648504,734,735,5447,4662,10109,6,5847.0,4.525032584484768,3.6442172777135577,111,5407.0,6284.799999999999
1.0,0.3,0.05,3,3,10,0.8,4.4420403999095095,0.9832618643422552,998,999,7707,6707,14414,8,7424.0,4.700652294768277,3.536485358593364,207,7162.599999999999,8040.4
1.0,0.0,0.1,4,8,1,1.0,4.446108164427324,0.9832311946665336,347,348,4951,4553,9504,5,4945.5,4.541048571460504,3.4718231235719323,98,4529.2,5407.0
1.0,0.1,0.05,3,8,1,0.8,4.447594948889214,0.9832199777699258,997,998,7331,6331,13662,8,7424.0,4.700652294768277,3.536485358593364,207,7162.599999999999,8040.4
1.0,0.0,0.05,4,8,5,1.0,4.450796148837899,0.9831958139068484,682,683,9174,8441,17615,10,9249.0,4.145608233658916,3.5353751758680247,34,8918.2,9796.0
0.75,1.0,0.1,3,5,20,0.8,4.4587225315180765,0.9831359077645374,995,996,6573,5573,12146,7,6931.0,4.805455757325583,3.3898166653023294,117,6284.799999999999,7162.599999999999
0.75,0.1,0.05,4,5,20,1.0,4.4588361570915,0.983135048228402,658,659,7218,6509,13727,8,7424.0,4.700652294768277,3.536485358593364,207,7162.599999999999,8040.4
0.75,1.0,0.03,4,8,20,0.8,4.459741774028867,0.9831281967826558,998,999,9860,8860,18720,11,10253.5,4.2411684189967325,3.623135709525685,36,9796.0,10673.8
1.0,0.1,0.03,4,8,1,0.8,4.459845541249808,0.983127411642803,734,735,9444,8659,18103,10,9249.0,4.145608233658916,3.5353751758680247,34,8918.2,9796.0
1.0,0.0,0.03,4,8,1,0.8,4.460597248970016,0.9831217234082248,733,734,9473,8689,18162,10,9249.0,4.145608233658916,3.5353751758680247,34,8918.2,9796.0
0.75,1.0,0.05,4,3,1,1.0,4.467286834433264,0.9830710605340192,351,352,2783,2381,5164,3,3154.0,5.783886118106104,3.663666929472131,169,2773.6,3651.3999999999996
0.75,0.1,0.1,4,8,5,1.0,4.46749370700784,0.9830694925960244,193,194,2376,2132,4508,2,2382.0,5.793392504361757,4.116880789176335,219,1895.8,2773.6
0.75,0.1,0.1,4,5,1,1.0,4.468693855004734,0.9830603949474792,138,139,1897,1708,3605,2,2382.0,5.793392504361757,4.116880789176335,219,1895.8,2773.6
0.75,0.3,0.05,4,5,1,1.0,4.469116171810755,0.9830571930195,238,239,3152,2863,6015,3,3154.0,5.783886118106104,3.663666929472131,169,2773.6,3651.3999999999996
1.0,0.1,0.1,3,8,5,0.8,4.469686031346673,0.9830528719701872,733,734,5742,4958,10700,6,5847.0,4.525032584484768,3.6442172777135577,111,5407.0,6284.799999999999
0.75,0.1,0.1,4,8,10,1.0,4.471143419602785,0.983041818588897,214,215,2547,2282,4829,2,2382.0,5.793392504361757,4.116880789176335,219,1895.8,2773.6
1.0,0.3,0.05,4,3,5,1.0,4.47263033914812,0.9830305375174392,462,463,4080,3567,7647,4,3985.0,6.05650129297567,3.87937323141084,405,3651.3999999999996,4529.2
0.75,0.3,0.05,4,3,5,1.0,4.472863054283216,0.9830287715975256,457,458,3741,3233,6974,4,3985.0,6.05650129297567,3.87937323141084,405,3651.3999999999996,4529.2
1.0,0.3,0.1,3,8,20,0.8,4.475276266573928,0.9830104539228725,734,735,5736,4951,10687,6,5847.0,4.525032584484768,3.6442172777135577,111,5407.0,6284.799999999999
0.75,0.3,0.1,3,8,20,0.8,4.477347789753267,0.982994721985092,998,999,6998,5998,12996,7,6931.0,4.805455757325583,3.3898166653023294,117,6284.799999999999,7162.599999999999
1.0,0.0,0.03,4,8,5,1.0,4.477407086677529,0.982994271554432,802,803,10709,9856,20565,12,11210.5,4.228199975216141,3.429929271067711,50,10673.8,11551.599999999999
0.75,0.3,0.05,4,5,5,1.0,4.477540906861821,0.9829932550090617,999,1000,3967,2967,6934,4,3985.0,6.05650129297567,3.87937323141084,405,3651.3999999999996,4529.2
0.75,0.1,0.03,4,3,10,1.0,4.478875227797589,0.9829831173743314,828,829,8972,8093,17065,10,9249.0,4.145608233658916,3.5353751758680247,34,8918.2,9796.0
1.0,0.0,0.05,3,8,1,0.8,4.479050353115607,0.9829817866182416,997,998,7334,6334,13668,8,7424.0,4.700652294768277,3.536485358593364,207,7162.599999999999,8040.4
1.0,0.1,0.1,4,5,1,1.0,4.481595501386672,0.982962440471556,141,142,2008,1816,3824,2,2382.0,5.793392504361757,4.116880789176335,219,1895.8,2773.6
0.75,0.1,0.05,4,8,1,0.8,4.483949875536132,0.9829445346493124,178,179,2853,2624,5477,3,3154.0,5.783886118106104,3.663666929472131,169,2773.6,3651.3999999999996
0.75,0.1,0.05,4,8,5,1.0,4.484003231371413,0.9829441287509242,421,422,4496,4024,8520,4,3985.0,6.05650129297567,3.87937323141084,405,3651.3999999999996,4529.2
1.0,0.3,0.03,4,8,1,0.8,4.484130908190143,0.9829431574445836,733,734,9282,8498,17780,10,9249.0,4.145608233658916,3.5353751758680247,34,8918.2,9796.0
0.75,0.3,0.03,4,3,1,1.0,4.484926752955841,0.9829371024012512,403,404,5353,4899,10252,5,4945.5,4.541048571460504,3.4718231235719323,98,4529.2,5407.0
0.75,0.3,0.03,3,3,1,0.8,4.485303638432152,0.9829342345602168,991,992,7647,6647,14294,8,7424.0,4.700652294768277,3.536485358593364,207,7162.599999999999,8040.4
1.0,0.1,0.05,4,8,20,1.0,4.485527219471215,0.9829325331473469,737,738,8706,7918,16624,9,8569.0,4.228009255229204,3.4268897653357566,30,8040.4,8918.2
1.0,1.0,0.1,3,8,1,0.8,4.486161825664948,0.9829277034424616,548,549,4215,3616,7831,4,3985.0,6.05650129297567,3.87937323141084,405,3651.3999999999996,4529.2
0.75,0.1,0.05,4,8,20,1.0,4.486416012111375,0.9829257687510696,999,1000,10255,9255,19510,11,10253.5,4.2411684189967325,3.623135709525685,36,9796.0,10673.8
1.0,0.1,0.03,4,5,5,1.0,4.488475406151957,0.9829100900265366,709,710,7957,7197,15154,8,7424.0,4.700652294768277,3.536485358593364,207,7162.599999999999,8040.4
0.75,0.0,0.05,4,8,20,1.0,4.4902506786233545,0.9828965686216824,991,992,10927,9927,20854,12,11210.5,4.228199975216141,3.429929271067711,50,10673.8,11551.599999999999
1.0,0.3,0.1,3,5,10,0.8,4.492584735047019,0.982878783089361,648,649,5257,4558,9815,5,4945.5,4.541048571460504,3.4718231235719323,98,4529.2,5407.0
1.0,1.0,0.1,3,5,20,0.8,4.4949566627679625,0.9828606995086124,733,734,5553,4769,10322,6,5847.0,4.525032584484768,3.6442172777135577,111,5407.0,6284.799999999999
0.75,0.0,0.1,3,5,1,0.8,4.4951827807765365,0.9828589750862144,448,449,3781,3282,7063,4,3985.0,6.05650129297567,3.87937323141084,405,3651.3999999999996,4529.2
0.75,0.1,0.1,3,8,20,0.8,4.495457919371888,0.982856876705757,995,996,7089,6089,13178,7,6931.0,4.805455757325583,3.3898166653023294,117,6284.799999999999,7162.599999999999
1.0,0.3,0.05,4,3,10,1.0,4.495911638249169,0.9828534160789146,339,340,4517,4127,8644,4,3985.0,6.05650129297567,3.87937323141084,405,3651.3999999999996,4529.2
0.75,0.0,0.1,3,5,10,1.0,4.496952234307439,0.9828454778746286,998,999,7622,6622,14244,8,7424.0,4.700652294768277,3.536485358593364,207,7162.599999999999,8040.4
1.0,0.0,0.1,3,5,10,1.0,4.498385899699462,0.98283453812532,985,986,7697,6697,14394,8,7424.0,4.700652294768277,3.536485358593364,207,7162.599999999999,8040.4
1.0,0.1,0.1,4,5,5,1.0,4.499292541059521,0.9828276180938308,178,179,2456,2227,4683,2,2382.0,5.793392504361757,4.116880789176335,219,1895.8,2773.6
1.0,1.0,0.03,3,3,1,0.8,4.500122738303917,0.982821280306594,992,993,7713,6713,14426,8,7424.0,4.700652294768277,3.536485358593364,207,7162.599999999999,8040.4
1.0,0.3,0.1,4,3,20,1.0,4.502873732525095,0.982800270655838,342,343,3373,2980,6353,3,3154.0,5.783886118106104,3.663666929472131,169,2773.6,3651.3999999999996
0.75,1.0,0.03,3,3,1,0.8,4.503399270111457,0.982796255605776,997,998,7493,6493,13986,8,7424.0,4.700652294768277,3.536485358593364,207,7162.599999999999,8040.4
0.75,0.1,0.05,4,3,10,1.0,4.505863345569454,0.9827774240879816,470,471,5532,5011,10543,6,5847.0,4.525032584484768,3.6442172777135577,111,5407.0,6284.799999999999
1.0,0.1,0.1,3,8,1,0.8,4.506038695790581,0.9827760835940405,450,451,3670,3169,6839,4,3985.0,6.05650129297567,3.87937323141084,405,3651.3999999999996,4529.2
1.0,1.0,0.03,4,8,1,0.8,4.509044144109982,0.9827530998349208,734,735,8131,7346,15477,9,8569.0,4.228009255229204,3.4268897653357566,30,8040.4,8918.2
0.75,0.1,0.03,4,8,1,1.0,4.510828600663877,0.9827394461944032,513,514,6438,5874,12312,7,6931.0,4.805455757325583,3.3898166653023294,117,6284.799999999999,7162.599999999999
0.75,1.0,0.1,4,8,1,1.0,4.512166336747634,0.9827292070603092,96,97,1283,1136,2419,1,1602.0,5.804113719417572,4.31465302959867,156,1018.0,1895.8
1.0,0.1,0.05,4,5,1,1.0,4.512683545859535,0.982725247488448,266,267,3787,3470,7257,4,3985.0,6.05650129297567,3.87937323141084,405,3651.3999999999996,4529.2
0.75,0.3,0.03,4,3,5,1.0,4.513238178800184,0.9827210009085696,751,752,6206,5404,11610,6,5847.0,4.525032584484768,3.6442172777135577,111,5407.0,6284.799999999999
0.75,0.0,0.1,3,8,20,0.8,4.513539560093809,0.9827186931460428,991,992,7136,6136,13272,7,6931.0,4.805455757325583,3.3898166653023294,117,6284.799999999999,7162.599999999999
1.0,0.0,0.05,3,5,1,0.8,4.514384445784063,0.9827122227937948,734,735,6063,5278,11341,6,5847.0,4.525032584484768,3.6442172777135577,111,5407.0,6284.799999999999
1.0,0.1,0.05,3,5,1,0.8,4.514431653603171,0.9827118612284316,734,735,6060,5275,11335,6,5847.0,4.525032584484768,3.6442172777135577,111,5407.0,6284.799999999999
0.75,1.0,0.03,4,3,1,1.0,4.515027765790109,0.9827072952713354,590,591,4702,4061,8763,5,4945.5,4.541048571460504,3.4718231235719323,98,4529.2,5407.0
0.75,0.3,0.1,4,5,1,1.0,4.515228191651981,0.9827057599619834,99,100,1615,1465,3080,1,1602.0,5.804113719417572,4.31465302959867,156,1018.0,1895.8
0.75,0.1,0.03,3,3,1,0.8,4.516583258842911,0.9826953780398322,991,992,7689,6689,14378,8,7424.0,4.700652294768277,3.536485358593364,207,7162.599999999999,8040.4
0.75,0.1,0.1,4,5,20,1.0,4.517639487217395,0.9826872835273036,336,337,3621,3234,6855,3,3154.0,5.783886118106104,3.663666929472131,169,2773.6,3651.3999999999996
0.75,0.0,0.03,3,3,1,0.8,4.522365489924712,0.9826510421486008,991,992,7719,6719,14438,8,7424.0,4.700652294768277,3.536485358593364,207,7162.599999999999,8040.4
1.0,1.0,0.05,3,5,1,0.8,4.525032584484768,0.9826305727921922,734,735,5874,5089,10963,6,5847.0,4.525032584484768,3.6442172777135577,111,5407.0,6284.799999999999
1.0,0.3,0.03,4,3,5,1.0,4.52799579141855,0.9826078166867184,453,454,6025,5521,11546,6,5847.0,4.525032584484768,3.6442172777135577,111,5407.0,6284.799999999999
1.0,0.3,0.1,4,5,1,1.0,4.529336796731649,0.982597513468712,116,117,1609,1442,3051,1,1602.0,5.804113719417572,4.31465302959867,156,1018.0,1895.8
1.0,0.1,0.05,4,5,5,1.0,4.529808731966112,0.9825938867680272,523,524,5255,4681,9936,5,4945.5,4.541048571460504,3.4718231235719323,98,4529.2,5407.0
1.0,0.3,0.1,4,5,5,1.0,4.529999165699964,0.9825924232268464,231,232,1952,1670,3622,2,2382.0,5.793392504361757,4.116880789176335,219,1895.8,2773.6
0.75,0.3,0.1,4,8,1,1.0,4.530756767524725,0.9825866002170692,121,122,1565,1393,2958,1,1602.0,5.804113719417572,4.31465302959867,156,1018.0,1895.8
0.75,0.3,0.1,4,8,5,1.0,4.533071405025203,0.9825688036299872,153,154,1834,1630,3464,1,1602.0,5.804113719417572,4.31465302959867,156,1018.0,1895.8
0.75,0.3,0.05,4,8,1,1.0,4.534393267653674,0.982558636127862,246,247,3121,2824,5945,3,3154.0,5.783886118106104,3.663666929472131,169,2773.6,3651.3999999999996
1.0,0.3,0.05,3,5,1,0.8,4.53578282895461,0.9825479447050546,734,735,6035,5250,11285,6,5847.0,4.525032584484768,3.6442172777135577,111,5407.0,6284.799999999999
0.75,1.0,0.05,4,5,5,1.0,4.537336772480475,0.9825359846289724,405,406,2835,2379,5214,3,3154.0,5.783886118106104,3.663666929472131,169,2773.6,3651.3999999999996
1.0,0.1,0.1,3,5,10,0.8,4.537467437462664,0.982534978766622,558,559,4645,4036,8681,5,4945.5,4.541048571460504,3.4718231235719323,98,4529.2,5407.0
0.75,0.1,0.03,4,5,10,1.0,4.538867873635093,0.9825241963545114,766,767,8944,8127,17071,10,9249.0,4.145608233658916,3.5353751758680247,34,8918.2,9796.0
1.0,1.0,0.05,4,8,1,0.8,4.540740438382637,0.9825097736723748,380,381,4552,4121,8673,5,4945.5,4.541048571460504,3.4718231235719323,98,4529.2,5407.0
1.0,0.0,0.1,3,5,1,1.0,4.541356704538369,0.9825050258273385,620,621,5195,4524,9719,5,4945.5,4.541048571460504,3.4718231235719323,98,4529.2,5407.0
1.0,0.3,0.03,4,5,5,1.0,4.543997760030184,0.9824846712786468,442,443,5964,5471,11435,6,5847.0,4.525032584484768,3.6442172777135577,111,5407.0,6284.799999999999
1.0,0.1,0.03,4,5,20,1.0,4.54478005004926,0.982478639917264,999,1000,12281,11281,23562,13,11962.5,4.094689769104635,3.52014304285362,48,11551.599999999999,12429.4
1.0,0.3,0.1,4,3,5,1.0,4.544824978294472,0.9824782934944032,226,227,1996,1719,3715,2,2382.0,5.793392504361757,4.116880789176335,219,1895.8,2773.6
0.75,0.3,0.1,3,8,1,0.8,4.545615372083199,0.9824721985392376,548,549,4331,3732,8063,4,3985.0,6.05650129297567,3.87937323141084,405,3651.3999999999996,4529.2
1.0,0.3,0.1,3,8,10,0.8,4.5461767576145045,0.9824678688892592,733,734,5702,4918,10620,6,5847.0,4.525032584484768,3.6442172777135577,111,5407.0,6284.799999999999
1.0,1.0,0.1,3,8,5,0.8,4.546399196815266,0.9824661531932593,733,734,5407,4623,10030,5,4945.5,4.541048571460504,3.4718231235719323,98,4529.2,5407.0
1.0,0.0,0.1,3,3,10,1.0,4.548607700647706,0.9824491142261274,817,818,6468,5600,12068,7,6931.0,4.805455757325583,3.3898166653023294,117,6284.799999999999,7162.599999999999
0.75,0.3,0.1,4,3,10,1.0,4.551880621006824,0.9824238478934866,175,176,1966,1740,3706,2,2382.0,5.793392504361757,4.116880789176335,219,1895.8,2773.6
1.0,1.0,0.03,4,8,5,0.8,4.552120936798373,0.9824219919843556,734,735,8115,7330,15445,9,8569.0,4.228009255229204,3.4268897653357566,30,8040.4,8918.2
0.75,0.1,0.03,4,5,1,1.0,4.552234640901893,0.9824211138369456,471,472,6196,5674,11870,6,5847.0,4.525032584484768,3.6442172777135577,111,5407.0,6284.799999999999
0.75,0.0,0.05,3,5,5,0.8,4.554158271287863,0.9824062541353368,991,992,7415,6415,13830,8,7424.0,4.700652294768277,3.536485358593364,207,7162.599999999999,8040.4
0.75,0.1,0.05,3,3,10,0.8,4.555110416017186,0.9823988966644026,991,992,7386,6386,13772,8,7424.0,4.700652294768277,3.536485358593364,207,7162.599999999999,8040.4
1.0,0.0,0.03,4,5,20,1.0,4.555210167870538,0.9823981257667764,999,1000,12966,11966,24932,14,12810.0,4.062882279000357,3.4919245877644656,30,12429.4,13307.199999999999
0.75,0.3,0.05,3,5,5,0.8,4.557705417181247,0.9823788366044982,991,992,7313,6313,13626,8,7424.0,4.700652294768277,3.536485358593364,207,7162.599999999999,8040.4
0.75,0.0,0.1,3,5,10,0.8,4.558999017222745,0.9823688324596516,721,722,5664,4892,10556,6,5847.0,4.525032584484768,3.6442172777135577,111,5407.0,6284.799999999999
1.0,0.1,0.1,4,8,5,1.0,4.559171439621694,0.9823674988047508,272,273,2579,2256,4835,2,2382.0,5.793392504361757,4.116880789176335,219,1895.8,2773.6
1.0,0.0,0.05,4,5,20,1.0,4.559673487641218,0.9823636152702864,571,572,7888,7266,15154,8,7424.0,4.700652294768277,3.536485358593364,207,7162.599999999999,8040.4
1.0,1.0,0.03,4,3,1,1.0,4.559697343994572,0.9823634307215778,404,405,4294,3839,8133,4,3985.0,6.05650129297567,3.87937323141084,405,3651.3999999999996,4529.2
1.0,0.1,0.03,4,5,1,1.0,4.560433914292774,0.982357732263388,463,464,6464,5950,12414,7,6931.0,4.805455757325583,3.3898166653023294,117,6284.799999999999,7162.599999999999
0.75,0.1,0.05,3,8,1,0.8,4.5607082662533465,0.9823556095108498,991,992,7304,6304,13608,8,7424.0,4.700652294768277,3.536485358593364,207,7162.599999999999,8040.4
0.75,0.1,0.05,4,5,10,1.0,4.561404461002289,0.9823502222469144,510,511,5697,5136,10833,6,5847.0,4.525032584484768,3.6442172777135577,111,5407.0,6284.799999999999
1.0,0.1,0.05,3,3,20,0.8,4.562043629766513,0.9823452755349432,998,999,7617,6617,14234,8,7424.0,4.700652294768277,3.536485358593364,207,7162.599999999999,8040.4
0.75,0.3,0.05,4,5,20,1.0,4.5639731155220105,0.9823303384822442,456,457,5030,4523,9553,5,4945.5,4.541048571460504,3.4718231235719323,98,4529.2,5407.0
0.75,0.0,0.1,3,3,5,0.8,4.5640487966212415,0.982329752470688,347,348,3026,2628,5654,3,3154.0,5.783886118106104,3.663666929472131,169,2773.6,3651.3999999999996
1.0,0.0,0.1,3,5,10,0.8,4.564282863462028,0.9823279399900344,558,559,4645,4036,8681,5,4945.5,4.541048571460504,3.4718231235719323,98,4529.2,5407.0
1.0,0.0,0.05,3,3,20,0.8,4.565904871694507,0.9823153775258406,998,999,7645,6645,14290,8,7424.0,4.700652294768277,3.536485358593364,207,7162.599999999999,8040.4
0.75,0.3,0.03,4,8,1,1.0,4.566092786059805,0.982313921839362,406,407,5210,4753,9963,5,4945.5,4.541048571460504,3.4718231235719323,98,4529.2,5407.0
0.75,1.0,0.1,3,8,1,0.8,4.566144009888328,0.982313525021444,549,550,4140,3540,7680,4,3985.0,6.05650129297567,3.87937323141084,405,3651.3999999999996,4529.2
0.75,0.0,0.1,3,8,1,0.8,4.568930497970326,0.9822919321022768,581,582,4642,4010,8652,5,4945.5,4.541048571460504,3.4718231235719323,98,4529.2,5407.0
1.0,1.0,0.05,3,3,20,0.8,4.569891719173015,0.9822844803974085,998,999,7362,6362,13724,8,7424.0,4.700652294768277,3.536485358593364,207,7162.599999999999,8040.4
0.75,1.0,0.1,3,5,1,0.8,4.574425635852646,0.9822493108402514,347,348,2876,2478,5354,3,3154.0,5.783886118106104,3.663666929472131,169,2773.6,3651.3999999999996
0.75,0.0,0.1,3,3,10,1.0,4.5748118321142215,0.982246313506939,999,1000,6882,5882,12764,7,6931.0,4.805455757325583,3.3898166653023294,117,6284.799999999999,7162.599999999999
1.0,0.0,0.03,4,3,20,1.0,4.575294428572915,0.9822425676400242,989,990,12556,11556,24112,14,12810.0,4.062882279000357,3.4919245877644656,30,12429.4,13307.199999999999
0.75,0.3,0.1,4,8,10,1.0,4.576297795881198,0.9822347783355077,284,285,2162,1827,3989,2,2382.0,5.793392504361757,4.116880789176335,219,1895.8,2773.6
0.75,1.0,0.05,4,3,5,1.0,4.577623314047749,0.9822244855025496,405,406,2934,2478,5412,3,3154.0,5.783886118106104,3.663666929472131,169,2773.6,3651.3999999999996
0.75,0.0,0.05,3,3,10,0.8,4.578343892500263,0.9822188888599358,999,1000,7413,6413,13826,8,7424.0,4.700652294768277,3.536485358593364,207,7162.599999999999,8040.4
1.0,0.3,0.03,4,5,1,1.0,4.579477983828511,0.9822100787303398,363,364,5002,4588,9590,5,4945.5,4.541048571460504,3.4718231235719323,98,4529.2,5407.0
1.0,0.3,0.05,4,5,5,1.0,4.583134298050322,0.982181659985246,264,265,3563,3248,6811,3,3154.0,5.783886118106104,3.663666929472131,169,2773.6,3651.3999999999996
1.0,0.3,0.05,3,3,20,0.8,4.584879835593186,0.9821680847756598,998,999,7570,6570,14140,8,7424.0,4.700652294768277,3.536485358593364,207,7162.599999999999,8040.4
1.0,0.0,0.1,3,8,5,1.0,4.586164463913244,0.9821580907983664,995,996,7597,6597,14194,8,7424.0,4.700652294768277,3.536485358593364,207,7162.599999999999,8040.4
0.75,1.0,0.05,4,5,1,1.0,4.587426618233829,0.9821482689344913,185,186,2536,2300,4836,2,2382.0,5.793392504361757,4.116880789176335,219,1895.8,2773.6
0.75,0.3,0.05,4,8,5,1.0,4.58858143873857,0.982139279955862,274,275,3258,2933,6191,3,3154.0,5.783886118106104,3.663666929472131,169,2773.6,3651.3999999999996
0.75,0.3,0.05,3,3,10,0.8,4.589303199345487,0.982133660712456,991,992,7325,6325,13650,8,7424.0,4.700652294768277,3.536485358593364,207,7162.599999999999,8040.4
1.0,1.0,0.1,4,3,1,1.0,4.589477164392608,0.9821323061811336,142,143,1324,1131,2455,1,1602.0,5.804113719417572,4.31465302959867,156,1018.0,1895.8
0.75,1.0,0.1,4,3,5,1.0,4.591244481404096,0.9821185425396036,202,203,1516,1263,2779,1,1602.0,5.804113719417572,4.31465302959867,156,1018.0,1895.8
1.0,0.3,0.05,3,5,10,0.8,4.595187773619291,0.9820878135759846,998,999,7556,6556,14112,8,7424.0,4.700652294768277,3.536485358593364,207,7162.599999999999,8040.4
0.75,0.3,0.1,4,5,5,1.0,4.596727599087252,0.9820758069884676,134,135,1678,1493,3171,1,1602.0,5.804113719417572,4.31465302959867,156,1018.0,1895.8
0.75,0.3,0.03,4,5,1,1.0,4.596981971312801,0.9820738231671848,999,1000,5802,4802,10604,6,5847.0,4.525032584484768,3.6442172777135577,111,5407.0,6284.799999999999
0.75,0.3,0.1,3,8,5,0.8,4.598316955250639,0.9820634099729868,550,551,4298,3697,7995,4,3985.0,6.05650129297567,3.87937323141084,405,3651.3999999999996,4529.2
0.75,1.0,0.05,3,5,5,0.8,4.599082593493821,0.9820574364471488,991,992,7033,6033,13066,7,6931.0,4.805455757325583,3.3898166653023294,117,6284.799999999999,7162.599999999999
1.0,0.1,0.05,4,8,1,1.0,4.603271742253881,0.982024735012228,271,272,3625,3303,6928,3,3154.0,5.783886118106104,3.663666929472131,169,2773.6,3651.3999999999996
0.75,0.3,0.1,3,3,5,0.8,4.603434313196547,0.9820234653468513,345,346,2954,2558,5512,3,3154.0,5.783886118106104,3.663666929472131,169,2773.6,3651.3999999999996
0.75,1.0,0.1,4,5,1,1.0,4.60428616101563,0.9820168117540646,94,95,1299,1154,2453,1,1602.0,5.804113719417572,4.31465302959867,156,1018.0,1895.8
0.75,1.0,0.05,4,8,1,1.0,4.605404764341943,0.9820080727239234,345,346,2656,2260,4916,2,2382.0,5.793392504361757,4.116880789176335,219,1895.8,2773.6
0.75,1.0,0.05,3,3,10,0.8,4.606055841435529,0.9820029852406964,991,992,7069,6069,13138,7,6931.0,4.805455757325583,3.3898166653023294,117,6284.799999999999,7162.599999999999
1.0,0.0,0.05,3,5,10,0.8,4.60701197008832,0.981995512796576,998,999,7626,6626,14252,8,7424.0,4.700652294768277,3.536485358593364,207,7162.599999999999,8040.4
1.0,0.1,0.03,4,8,5,1.0,4.607939845397337,0.981988259678258,571,572,7424,6802,14226,8,7424.0,4.700652294768277,3.536485358593364,207,7162.599999999999,8040.4
1.0,0.3,0.05,4,5,1,1.0,4.609359829550144,0.9819771569609947,213,214,2982,2718,5700,3,3154.0,5.783886118106104,3.663666929472131,169,2773.6,3651.3999999999996
1.0,1.0,0.1,4,3,10,1.0,4.610236665200594,0.9819702993603788,221,222,1776,1504,3280,1,1602.0,5.804113719417572,4.31465302959867,156,1018.0,1895.8
0.75,0.1,0.03,4,5,5,1.0,4.6102508464204,0.9819701884404588,576,577,7223,6596,13819,8,7424.0,4.700652294768277,3.536485358593364,207,7162.599999999999,8040.4
0.75,0.0,0.1,3,8,10,1.0,4.611321753208018,0.9819618112433124,999,1000,7430,6430,13860,8,7424.0,4.700652294768277,3.536485358593364,207,7162.599999999999,8040.4
1.0,0.0,0.1,3,8,1,1.0,4.611466341927155,0.9819606800450849,546,547,4497,3900,8397,4,3985.0,6.05650129297567,3.87937323141084,405,3651.3999999999996,4529.2
1.0,0.1,0.1,4,8,20,1.0,4.612389792956432,0.981953454535766,380,381,4586,4155,8741,5,4945.5,4.541048571460504,3.4718231235719323,98,4529.2,5407.0
0.75,0.1,0.03,4,8,5,1.0,4.613227360545435,0.9819468997671346,589,590,6931,6291,13222,7,6931.0,4.805455757325583,3.3898166653023294,117,6284.799999999999,7162.599999999999
1.0,1.0,0.05,3,5,10,0.8,4.613411970526277,0.9819454548571344,995,996,7278,6278,13556,8,7424.0,4.700652294768277,3.536485358593364,207,7162.599999999999,8040.4
1.0,1.0,0.03,4,5,5,1.0,4.620557866584149,0.9818894807439608,514,515,4647,4082,8729,5,4945.5,4.541048571460504,3.4718231235719323,98,4529.2,5407.0
1.0,0.1,0.1,3,8,10,0.8,4.621492480206033,0.9818821534686168,672,673,5311,4588,9899,5,4945.5,4.541048571460504,3.4718231235719323,98,4529.2,5407.0
1.0,0.3,0.05,3,5,20,0.8,4.628431389788888,0.981827706781204,998,999,7437,6437,13874,8,7424.0,4.700652294768277,3.536485358593364,207,7162.599999999999,8040.4
1.0,0.1,0.1,3,8,20,0.8,4.628814150401178,0.9818247010433628,559,560,4474,3864,8338,4,3985.0,6.05650129297567,3.87937323141084,405,3651.3999999999996,4529.2
1.0,0.0,0.1,3,8,5,0.8,4.63011958641436,0.981814447861972,549,550,4394,3794,8188,4,3985.0,6.05650129297567,3.87937323141084,405,3651.3999999999996,4529.2
1.0,0.1,0.03,4,3,10,1.0,4.631703121590571,0.9818020065479004,925,926,9799,8823,18622,11,10253.5,4.2411684189967325,3.623135709525685,36,9796.0,10673.8
0.75,0.3,0.1,4,5,10,1.0,4.633631615267704,0.981786849263183,252,253,2079,1776,3855,2,2382.0,5.793392504361757,4.116880789176335,219,1895.8,2773.6
1.0,0.1,0.1,4,8,1,1.0,4.6339721056634975,0.9817841724725942,136,137,1867,1680,3547,1,1602.0,5.804113719417572,4.31465302959867,156,1018.0,1895.8
1.0,0.1,0.03,4,8,1,1.0,4.635233419897864,0.981774254843004,459,460,6031,5521,11552,6,5847.0,4.525032584484768,3.6442172777135577,111,5407.0,6284.799999999999
0.75,0.1,0.1,3,3,5,0.8,4.636347376837461,0.9817654936294608,347,348,2999,2601,5600,3,3154.0,5.783886118106104,3.663666929472131,169,2773.6,3651.3999999999996
1.0,0.1,0.03,4,3,20,1.0,4.637609071397285,0.9817555679245924,881,882,11613,10681,22294,13,11962.5,4.094689769104635,3.52014304285362,48,11551.599999999999,12429.4
1.0,0.0,0.05,3,5,20,0.8,4.638430713177155,0.9817491026467604,998,999,7492,6492,13984,8,7424.0,4.700652294768277,3.536485358593364,207,7162.599999999999,8040.4
0.75,0.1,0.05,4,8,10,1.0,4.640689714841801,0.9817313212678208,436,437,4945,4458,9403,5,4945.5,4.541048571460504,3.4718231235719323,98,4529.2,5407.0
0.75,1.0,0.05,4,8,5,1.0,4.641434071266167,0.9817254602860304,208,209,2577,2318,4895,2,2382.0,5.793392504361757,4.116880789176335,219,1895.8,2773.6
1.0,0.3,0.1,3,8,5,0.8,4.641534178526351,0.9817246719806048,549,550,4378,3778,8156,4,3985.0,6.05650129297567,3.87937323141084,405,3651.3999999999996,4529.2
1.0,0.1,0.05,3,5,10,0.8,4.6443438277805535,0.981702540159218,998,999,7595,6595,14190,8,7424.0,4.700652294768277,3.536485358593364,207,7162.599999999999,8040.4
1.0,0.3,0.05,4,5,20,1.0,4.646917359878914,0.9816822564986994,620,621,5619,4948,10567,6,5847.0,4.525032584484768,3.6442172777135577,111,5407.0,6284.799999999999
0.75,1.0,0.1,3,3,5,0.8,4.647082578704153,0.9816809539191056,350,351,2886,2485,5371,3,3154.0,5.783886118106104,3.663666929472131,169,2773.6,3651.3999999999996
1.0,0.3,0.05,3,8,5,0.8,4.6498802068257445,0.9816588904828366,998,999,7330,6330,13660,8,7424.0,4.700652294768277,3.536485358593364,207,7162.599999999999,8040.4
1.0,1.0,0.1,4,3,5,1.0,4.652059890854748,0.9816416912468396,197,198,1489,1241,2730,1,1602.0,5.804113719417572,4.31465302959867,156,1018.0,1895.8
1.0,0.3,0.05,4,5,10,1.0,4.65228997367588,0.9816398752616536,319,320,4025,3655,7680,4,3985.0,6.05650129297567,3.87937323141084,405,3651.3999999999996,4529.2
1.0,0.1,0.03,4,8,20,1.0,4.652537155811521,0.9816379242158536,999,1000,11202,10202,21404,12,11210.5,4.228199975216141,3.429929271067711,50,10673.8,11551.599999999999
1.0,0.0,0.03,4,8,20,1.0,4.654317009685662,0.9816238725008728,999,1000,11876,10876,22752,13,11962.5,4.094689769104635,3.52014304285362,48,11551.599999999999,12429.4
0.75,0.3,0.1,4,8,20,1.0,4.655685693937775,0.9816130632610484,341,342,2685,2293,4978,2,2382.0,5.793392504361757,4.116880789176335,219,1895.8,2773.6
1.0,0.3,0.03,4,8,1,1.0,4.659082275037597,0.981586224892962,376,377,4904,4477,9381,5,4945.5,4.541048571460504,3.4718231235719323,98,4529.2,5407.0
1.0,0.3,0.1,4,8,5,1.0,4.659733628663218,0.9815810759314888,135,136,1733,1547,3280,1,1602.0,5.804113719417572,4.31465302959867,156,1018.0,1895.8
1.0,0.1,0.05,3,5,20,0.8,4.661588373779084,0.9815664101968672,998,999,7477,6477,13954,8,7424.0,4.700652294768277,3.536485358593364,207,7162.599999999999,8040.4
1.0,0.3,0.03,4,5,20,1.0,4.661813900999542,0.9815646265229336,924,925,9443,8468,17911,10,9249.0,4.145608233658916,3.5353751758680247,34,8918.2,9796.0
1.0,1.0,0.05,3,5,20,0.8,4.662202014617534,0.9815615567661856,998,999,7215,6215,13430,8,7424.0,4.700652294768277,3.536485358593364,207,7162.599999999999,8040.4
0.75,1.0,0.1,4,8,5,1.0,4.662263992118093,0.981561066535939,202,203,1403,1150,2553,1,1602.0,5.804113719417572,4.31465302959867,156,1018.0,1895.8
0.75,1.0,0.03,4,5,1,1.0,4.664734841972469,0.9815415172745652,317,318,4349,3981,8330,4,3985.0,6.05650129297567,3.87937323141084,405,3651.3999999999996,4529.2
0.75,0.1,0.1,3,5,10,0.8,4.666991979048259,0.9815236498471536,558,559,4398,3789,8187,4,3985.0,6.05650129297567,3.87937323141084,405,3651.3999999999996,4529.2
0.75,1.0,0.03,4,8,1,1.0,4.66785315216552,0.9815168305493523,558,559,4476,3867,8343,4,3985.0,6.05650129297567,3.87937323141084,405,3651.3999999999996,4529.2
1.0,0.1,0.05,4,8,5,1.0,4.668248325552663,0.9815137009025472,522,523,4758,4185,8943,5,4945.5,4.541048571460504,3.4718231235719323,98,4529.2,5407.0
1.0,0.1,0.03,4,8,10,1.0,4.668688280527382,0.9815102162882188,681,682,8328,7596,15924,9,8569.0,4.228009255229204,3.4268897653357566,30,8040.4,8918.2
1.0,0.3,0.1,4,3,10,1.0,4.668689704095131,0.981510205012476,277,278,2335,2007,4342,2,2382.0,5.793392504361757,4.116880789176335,219,1895.8,2773.6
0.75,1.0,0.03,4,3,5,1.0,4.669446836998321,0.9815042074550496,681,682,4946,4214,9160,5,4945.5,4.541048571460504,3.4718231235719323,98,4529.2,5407.0
0.75,0.3,0.1,3,5,10,0.8,4.671278121149321,0.9814896970880708,559,560,4356,3746,8102,4,3985.0,6.05650129297567,3.87937323141084,405,3651.3999999999996,4529.2
0.75,1.0,0.1,3,8,5,0.8,4.674507360754289,0.9814640960159144,558,559,4133,3524,7657,4,3985.0,6.05650129297567,3.87937323141084,405,3651.3999999999996,4529.2
1.0,0.3,0.03,4,8,5,1.0,4.675296203794574,0.981457839462451,657,658,5985,5277,11262,6,5847.0,4.525032584484768,3.6442172777135577,111,5407.0,6284.799999999999
1.0,0.0,0.1,3,8,10,0.8,4.677116553397043,0.981443397688462,558,559,4476,3867,8343,4,3985.0,6.05650129297567,3.87937323141084,405,3651.3999999999996,4529.2
1.0,0.3,0.05,4,3,20,1.0,4.679568094418736,0.9814239394629484,649,650,6271,5571,11842,6,5847.0,4.525032584484768,3.6442172777135577,111,5407.0,6284.799999999999
0.75,0.0,0.03,4,5,20,1.0,4.681757507142172,0.9814065531671669,997,998,11156,10156,21312,12,11210.5,4.228199975216141,3.429929271067711,50,10673.8,11551.599999999999
1.0,1.0,0.1,4,5,5,1.0,4.683446353567408,0.9813931363509892,170,171,1466,1245,2711,1,1602.0,5.804113719417572,4.31465302959867,156,1018.0,1895.8
0.75,0.0,0.05,3,5,10,0.8,4.683448389692453,0.9813931201723436,991,992,7306,6306,13612,8,7424.0,4.700652294768277,3.536485358593364,207,7162.599999999999,8040.4
0.75,1.0,0.1,4,3,10,1.0,4.684177468047452,0.9813873266082362,245,246,1640,1344,2984,1,1602.0,5.804113719417572,4.31465302959867,156,1018.0,1895.8
1.0,1.0,0.05,4,3,1,1.0,4.685741779804621,0.9813748928839544,252,253,2595,2292,4887,2,2382.0,5.793392504361757,4.116880789176335,219,1895.8,2773.6
0.75,0.3,0.03,4,5,5,1.0,4.686692104406941,0.9813673373278776,576,577,5849,5222,11071,6,5847.0,4.525032584484768,3.6442172777135577,111,5407.0,6284.799999999999
1.0,1.0,0.05,4,3,5,1.0,4.694327427322005,0.9813065770817494,284,285,2785,2450,5235,3,3154.0,5.783886118106104,3.663666929472131,169,2773.6,3651.3999999999996
1.0,0.1,0.05,4,8,10,1.0,4.695154847279076,0.9812999867130296,600,601,5626,4975,10601,6,5847.0,4.525032584484768,3.6442172777135577,111,5407.0,6284.799999999999
0.75,0.1,0.05,3,8,5,0.8,4.6951563371282,0.98129997484539,991,992,7197,6197,13394,8,7424.0,4.700652294768277,3.536485358593364,207,7162.599999999999,8040.4
0.75,0.3,0.05,4,3,10,1.0,4.695332229931704,0.9812985737157044,352,353,4049,3646,7695,4,3985.0,6.05650129297567,3.87937323141084,405,3651.3999999999996,4529.2
0.75,1.0,0.1,4,5,5,1.0,4.696128026660455,0.981292233889542,201,202,1405,1153,2558,1,1602.0,5.804113719417572,4.31465302959867,156,1018.0,1895.8
0.75,0.1,0.03,3,5,1,0.8,4.696432896396264,0.9812898048174166,998,999,7583,6583,14166,8,7424.0,4.700652294768277,3.536485358593364,207,7162.599999999999,8040.4
0.75,0.3,0.03,3,5,1,0.8,4.698325500343289,0.9812747218277827,998,999,7532,6532,14064,8,7424.0,4.700652294768277,3.536485358593364,207,7162.599999999999,8040.4
1.0,0.3,0.03,3,3,5,0.8,4.698495375066478,0.981273367724517,998,999,7747,6747,14494,8,7424.0,4.700652294768277,3.536485358593364,207,7162.599999999999,8040.4
1.0,0.1,0.1,4,5,10,1.0,4.6988347548858975,0.9812706623177412,210,211,2763,2502,5265,2,2382.0,5.793392504361757,4.116880789176335,219,1895.8,2773.6
1.0,0.3,0.05,3,8,1,0.8,4.699823064585826,0.9812627827758026,734,735,5763,4978,10741,6,5847.0,4.525032584484768,3.6442172777135577,111,5407.0,6284.799999999999
0.75,0.3,0.05,3,5,10,0.8,4.700652294768277,0.9812561702559064,991,992,7206,6206,13412,8,7424.0,4.700652294768277,3.536485358593364,207,7162.599999999999,8040.4
1.0,0.3,0.05,3,8,10,0.8,4.700781493831029,0.9812551398803908,998,999,7283,6283,13566,8,7424.0,4.700652294768277,3.536485358593364,207,7162.599999999999,8040.4
1.0,0.3,0.05,4,8,5,1.0,4.702951778758354,0.9812378274064892,259,260,3387,3077,6464,3,3154.0,5.783886118106104,3.663666929472131,169,2773.6,3651.3999999999996
0.75,1.0,0.1,3,8,10,0.8,4.7060897978969525,0.9812127811369052,558,559,4118,3509,7627,4,3985.0,6.05650129297567,3.87937323141084,405,3651.3999999999996,4529.2
1.0,0.3,0.05,4,8,10,1.0,4.707283555104212,0.9812032487125892,507,508,4090,3532,7622,4,3985.0,6.05650129297567,3.87937323141084,405,3651.3999999999996,4529.2
0.75,0.1,0.05,3,5,10,0.8,4.711657072660413,0.9811683045201218,991,992,7257,6257,13514,8,7424.0,4.700652294768277,3.536485358593364,207,7162.599999999999,8040.4
1.0,1.0,0.1,3,8,10,0.8,4.71196049524452,0.9811658789846458,549,550,4221,3621,7842,4,3985.0,6.05650129297567,3.87937323141084,405,3651.3999999999996,4529.2
1.0,1.0,0.03,4,3,20,1.0,4.71285821089914,0.9811587018039768,700,701,6952,6201,13153,7,6931.0,4.805455757325583,3.3898166653023294,117,6284.799999999999,7162.599999999999
1.0,0.1,0.05,3,8,10,0.8,4.713778059385069,0.9811513462544672,995,996,7308,6308,13616,8,7424.0,4.700652294768277,3.536485358593364,207,7162.599999999999,8040.4
0.75,0.0,0.05,3,8,5,0.8,4.714467673682023,0.9811458308263976,991,992,7210,6210,13420,8,7424.0,4.700652294768277,3.536485358593364,207,7162.599999999999,8040.4
1.0,1.0,0.03,4,3,5,1.0,4.715671714725085,0.9811361991589644,403,404,4607,4153,8760,5,4945.5,4.541048571460504,3.4718231235719323,98,4529.2,5407.0
1.0,0.3,0.05,3,8,20,0.8,4.715768091884588,0.9811354280882748,998,999,7250,6250,13500,8,7424.0,4.700652294768277,3.536485358593364,207,7162.599999999999,8040.4
0.75,0.3,0.05,4,8,10,1.0,4.717805293507685,0.9811191256591436,321,322,3667,3295,6962,4,3985.0,6.05650129297567,3.87937323141084,405,3651.3999999999996,4529.2
1.0,0.0,0.05,3,8,10,0.8,4.719149181028707,0.9811083675274492,998,999,7304,6304,13608,8,7424.0,4.700652294768277,3.536485358593364,207,7162.599999999999,8040.4
0.75,1.0,0.05,3,5,10,0.8,4.720105641354402,0.9811007089740346,991,992,6936,5936,12872,7,6931.0,4.805455757325583,3.3898166653023294,117,6284.799999999999,7162.599999999999
0.75,0.0,0.05,3,5,1,0.8,4.720229853964284,0.9810997142669964,721,722,5862,5090,10952,6,5847.0,4.525032584484768,3.6442172777135577,111,5407.0,6284.799999999999
0.75,0.0,0.03,3,5,1,0.8,4.721749218209797,0.9810875449273952,991,992,7620,6620,14240,8,7424.0,4.700652294768277,3.536485358593364,207,7162.599999999999,8040.4
0.75,1.0,0.05,3,5,1,0.8,4.723421737114751,0.9810741443678288,721,722,5607,4835,10442,6,5847.0,4.525032584484768,3.6442172777135577,111,5407.0,6284.799999999999
1.0,0.1,0.05,3,5,5,0.8,4.726040983811335,0.9810531488980732,734,735,5988,5203,11191,6,5847.0,4.525032584484768,3.6442172777135577,111,5407.0,6284.799999999999
0.75,0.0,0.1,3,8,10,0.8,4.727422908956159,0.9810420669129184,554,555,4323,3718,8041,4,3985.0,6.05650129297567,3.87937323141084,405,3651.3999999999996,4529.2
1.0,0.3,0.05,3,5,5,0.8,4.728130242232956,0.9810363933861856,735,736,5974,5188,11162,6,5847.0,4.525032584484768,3.6442172777135577,111,5407.0,6284.799999999999
1.0,1.0,0.05,3,8,10,0.8,4.728644488577976,0.9810322680786256,998,999,7066,6066,13132,7,6931.0,4.805455757325583,3.3898166653023294,117,6284.799999999999,7162.599999999999
0.75,1.0,0.05,3,8,5,0.8,4.729224733334115,0.9810276127900878,991,992,6884,5884,12768,7,6931.0,4.805455757325583,3.3898166653023294,117,6284.799999999999,7162.599999999999
0.75,0.3,0.05,3,8,5,0.8,4.73014546711526,0.9810202245946548,998,999,7131,6131,13262,7,6931.0,4.805455757325583,3.3898166653023294,117,6284.799999999999,7162.599999999999
1.0,0.1,0.03,3,3,5,0.8,4.730320618077608,0.9810188189772174,998,999,7770,6770,14540,8,7424.0,4.700652294768277,3.536485358593364,207,7162.599999999999,8040.4
0.75,0.1,0.05,3,5,1,0.8,4.73081485080539,0.9810148523915632,721,722,5851,5079,10930,6,5847.0,4.525032584484768,3.6442172777135577,111,5407.0,6284.799999999999
0.75,0.3,0.05,3,5,1,0.8,4.73099437835353,0.9810134114467028,721,722,5797,5025,10822,6,5847.0,4.525032584484768,3.6442172777135577,111,5407.0,6284.799999999999
1.0,1.0,0.05,3,5,5,0.8,4.732915102673153,0.980997991684074,735,736,5813,5027,10840,6,5847.0,4.525032584484768,3.6442172777135577,111,5407.0,6284.799999999999
1.0,0.1,0.05,3,8,20,0.8,4.733773267871358,0.9809911002270132,998,999,7292,6292,13584,8,7424.0,4.700652294768277,3.536485358593364,207,7162.599999999999,8040.4
1.0,1.0,0.05,4,5,10,1.0,4.735266279516479,0.9809791076863228,443,444,3215,2721,5936,3,3154.0,5.783886118106104,3.663666929472131,169,2773.6,3651.3999999999996
1.0,0.1,0.1,4,3,10,1.0,4.735346745554348,0.980978461239532,359,360,3414,3004,6418,3,3154.0,5.783886118106104,3.663666929472131,169,2773.6,3651.3999999999996
1.0,0.0,0.05,3,8,20,0.8,4.735451787357106,0.9809776173398173,998,999,7291,6291,13582,8,7424.0,4.700652294768277,3.536485358593364,207,7162.599999999999,8040.4
1.0,0.3,0.03,4,3,10,1.0,4.737574703373815,0.980960557944209,774,775,7348,6523,13871,8,7424.0,4.700652294768277,3.536485358593364,207,7162.599999999999,8040.4
1.0,0.3,0.1,4,8,20,1.0,4.73827173979004,0.980954955009552,373,374,3135,2711,5846,3,3154.0,5.783886118106104,3.663666929472131,169,2773.6,3651.3999999999996
1.0,1.0,0.03,3,3,5,0.8,4.738335419587463,0.9809544430960008,995,996,7623,6623,14246,8,7424.0,4.700652294768277,3.536485358593364,207,7162.599999999999,8040.4
0.75,0.3,0.1,3,8,10,0.8,4.738724158191519,0.9809513179280864,558,559,4283,3674,7957,4,3985.0,6.05650129297567,3.87937323141084,405,3651.3999999999996,4529.2
1.0,0.0,0.1,3,3,5,1.0,4.738979185624842,0.9809492675588072,716,717,5515,4748,10263,6,5847.0,4.525032584484768,3.6442172777135577,111,5407.0,6284.799999999999
0.75,0.3,0.05,4,3,20,1.0,4.739043263775781,0.9809487523660138,644,645,5012,4317,9329,5,4945.5,4.541048571460504,3.4718231235719323,98,4529.2,5407.0
1.0,1.0,0.05,3,8,20,0.8,4.740160621408582,0.9809397676130698,998,999,7076,6076,13152,7,6931.0,4.805455757325583,3.3898166653023294,117,6284.799999999999,7162.599999999999
0.75,0.3,0.05,4,5,10,1.0,4.741022422020752,0.9809328363656064,527,528,3978,3400,7378,4,3985.0,6.05650129297567,3.87937323141084,405,3651.3999999999996,4529.2
0.75,0.3,0.1,4,3,20,1.0,4.741173495650694,0.9809316211882624,290,291,2625,2284,4909,2,2382.0,5.793392504361757,4.116880789176335,219,1895.8,2773.6
1.0,0.3,0.1,4,8,1,1.0,4.742219897914841,0.9809232032737232,104,105,1466,1311,2777,1,1602.0,5.804113719417572,4.31465302959867,156,1018.0,1895.8
0.75,0.1,0.03,4,8,20,1.0,4.743185644290065,0.9809154325572106,999,1000,10534,9534,20068,11,10253.5,4.2411684189967325,3.623135709525685,36,9796.0,10673.8
1.0,1.0,0.03,4,5,1,1.0,4.745256259328604,0.9808987663667011,399,400,4095,3645,7740,4,3985.0,6.05650129297567,3.87937323141084,405,3651.3999999999996,4529.2
1.0,0.0,0.03,4,8,10,1.0,4.746747534461365,0.9808867587240632,500,501,6836,6285,13121,7,6931.0,4.805455757325583,3.3898166653023294,117,6284.799999999999,7162.599999999999
1.0,0.0,0.1,3,8,10,1.0,4.746876195591394,0.980885722576878,801,802,6369,5517,11886,7,6931.0,4.805455757325583,3.3898166653023294,117,6284.799999999999,7162.599999999999
1.0,0.1,0.1,4,8,10,1.0,4.748661659622054,0.980871340793264,310,311,3017,2656,5673,3,3154.0,5.783886118106104,3.663666929472131,169,2773.6,3651.3999999999996
1.0,1.0,0.05,4,5,5,1.0,4.749661075000305,0.980863288213694,279,280,2655,2325,4980,2,2382.0,5.793392504361757,4.116880789176335,219,1895.8,2773.6
1.0,0.1,0.03,4,5,10,1.0,4.75084891953625,0.9808537152017972,944,945,8859,7864,16723,9,8569.0,4.228009255229204,3.4268897653357566,30,8040.4,8918.2
1.0,0.0,0.03,3,3,5,0.8,4.755354826182651,0.9808173796815136,998,999,7779,6779,14558,8,7424.0,4.700652294768277,3.536485358593364,207,7162.599999999999,8040.4
0.75,0.1,0.03,4,5,20,1.0,4.755699588188886,0.9808145981105711,999,1000,10766,9766,20532,12,11210.5,4.228199975216141,3.429929271067711,50,10673.8,11551.599999999999
1.0,0.3,0.03,4,5,10,1.0,4.757282687104277,0.9808018229368628,650,651,7696,6995,14691,8,7424.0,4.700652294768277,3.536485358593364,207,7162.599999999999,8040.4
0.75,0.1,0.03,4,8,10,1.0,4.75731744548951,0.9808015423985322,706,707,7691,6934,14625,8,7424.0,4.700652294768277,3.536485358593364,207,7162.599999999999,8040.4
1.0,1.0,0.1,4,8,5,1.0,4.75759018635163,0.980799341009184,186,187,1396,1159,2555,1,1602.0,5.804113719417572,4.31465302959867,156,1018.0,1895.8
0.75,1.0,0.03,3,5,1,0.8,4.75798429665195,0.9807961597806164,991,992,7376,6376,13752,8,7424.0,4.700652294768277,3.536485358593364,207,7162.599999999999,8040.4
1.0,1.0,0.05,4,5,1,1.0,4.7636031067931714,0.9807507765099625,169,170,2371,2151,4522,2,2382.0,5.793392504361757,4.116880789176335,219,1895.8,2773.6
1.0,1.0,0.1,4,3,20,1.0,4.763684942663159,0.980750115123845,277,278,2164,1836,4000,2,2382.0,5.793392504361757,4.116880789176335,219,1895.8,2773.6
1.0,1.0,0.03,4,8,5,1.0,4.765382339902839,0.9807363944335916,350,351,4441,4040,8481,4,3985.0,6.05650129297567,3.87937323141084,405,3651.3999999999996,4529.2
1.0,0.0,0.05,3,5,5,0.8,4.76662971690126,0.9807263083075832,730,731,5965,5184,11149,6,5847.0,4.525032584484768,3.6442172777135577,111,5407.0,6284.799999999999
1.0,1.0,0.1,4,5,1,1.0,4.7673138559058295,0.980720775328814,84,85,1161,1026,2187,1,1602.0,5.804113719417572,4.31465302959867,156,1018.0,1895.8
0.75,0.3,0.03,4,8,5,1.0,4.76902293387696,0.9807069496796532,714,715,5566,4801,10367,6,5847.0,4.525032584484768,3.6442172777135577,111,5407.0,6284.799999999999
0.75,0.3,0.03,4,5,10,1.0,4.769881762113292,0.9807000002862202,730,731,6274,5493,11767,6,5847.0,4.525032584484768,3.6442172777135577,111,5407.0,6284.799999999999
0.75,1.0,0.05,4,5,10,1.0,4.773425801155883,0.98067130969529,406,407,3175,2718,5893,3,3154.0,5.783886118106104,3.663666929472131,169,2773.6,3651.3999999999996
1.0,0.3,0.05,4,8,1,1.0,4.774712674465777,0.9806608866031324,227,228,3018,2740,5758,3,3154.0,5.783886118106104,3.663666929472131,169,2773.6,3651.3999999999996
0.75,0.0,0.05,3,8,1,0.8,4.77497318734841,0.9806587762245764,717,718,5653,4885,10538,6,5847.0,4.525032584484768,3.6442172777135577,111,5407.0,6284.799999999999
0.75,0.3,0.1,3,5,5,0.8,4.775859814586678,0.9806515929181036,347,348,2928,2530,5458,3,3154.0,5.783886118106104,3.663666929472131,169,2773.6,3651.3999999999996
0.75,0.1,0.05,3,5,5,0.8,4.77627874890538,0.9806481983179408,736,737,5797,5010,10807,6,5847.0,4.525032584484768,3.6442172777135577,111,5407.0,6284.799999999999
1.0,0.3,0.1,4,5,10,1.0,4.776722027135775,0.9806446061362776,166,167,2098,1881,3979,2,2382.0,5.793392504361757,4.116880789176335,219,1895.8,2773.6
1.0,1.0,0.05,4,8,1,1.0,4.776834106732779,0.980643697827114,250,251,2469,2168,4637,2,2382.0,5.793392504361757,4.116880789176335,219,1895.8,2773.6
1.0,0.3,0.03,4,8,10,1.0,4.778584266846339,0.9806295115132522,538,539,6537,5948,12485,7,6931.0,4.805455757325583,3.3898166653023294,117,6284.799999999999,7162.599999999999
0.75,1.0,0.1,4,5,10,1.0,4.7810150468796095,0.9806097996614708,220,221,1542,1271,2813,1,1602.0,5.804113719417572,4.31465302959867,156,1018.0,1895.8
1.0,0.0,0.1,3,8,20,1.0,4.782022595390432,0.9806016262397824,896,897,7040,6093,13133,7,6931.0,4.805455757325583,3.3898166653023294,117,6284.799999999999,7162.599999999999
1.0,1.0,0.03,3,3,10,0.8,4.782542849356706,0.9805974051681902,998,999,7514,6514,14028,8,7424.0,4.700652294768277,3.536485358593364,207,7162.599999999999,8040.4
0.75,0.3,0.05,3,8,1,0.8,4.783388361059242,0.980590544143983,720,721,5619,4848,10467,6,5847.0,4.525032584484768,3.6442172777135577,111,5407.0,6284.799999999999
0.75,0.1,0.05,3,8,10,0.8,4.786532917027657,0.9805650165567228,991,992,7103,6103,13206,7,6931.0,4.805455757325583,3.3898166653023294,117,6284.799999999999,7162.599999999999
0.75,1.0,0.1,4,8,10,1.0,4.787186171592429,0.980559711314607,125,126,1391,1215,2606,1,1602.0,5.804113719417572,4.31465302959867,156,1018.0,1895.8
0.75,0.3,0.1,4,5,20,1.0,4.787596360269122,0.9805563797007372,312,313,2383,2020,4403,2,2382.0,5.793392504361757,4.116880789176335,219,1895.8,2773.6
1.0,0.1,0.03,3,3,10,0.8,4.788066570275936,0.9805525602334676,998,999,7653,6653,14306,8,7424.0,4.700652294768277,3.536485358593364,207,7162.599999999999,8040.4
1.0,0.0,0.03,3,3,10,0.8,4.78946410374332,0.980541205999381,998,999,7667,6667,14334,8,7424.0,4.700652294768277,3.536485358593364,207,7162.599999999999,8040.4
1.0,0.3,0.1,4,5,20,1.0,4.789957703990807,0.9805371949617104,227,228,2762,2484,5246,2,2382.0,5.793392504361757,4.116880789176335,219,1895.8,2773.6
0.75,1.0,0.03,4,5,5,1.0,4.794606905234611,0.980499394873806,663,664,4725,4011,8736,5,4945.5,4.541048571460504,3.4718231235719323,98,4529.2,5407.0
0.75,0.0,0.1,3,8,5,1.0,4.79472753115659,0.9804984136429736,362,363,3076,2663,5739,3,3154.0,5.783886118106104,3.663666929472131,169,2773.6,3651.3999999999996
0.75,0.3,0.05,3,8,10,0.8,4.795744565621654,0.9804901396007708,991,992,7071,6071,13142,7,6931.0,4.805455757325583,3.3898166653023294,117,6284.799999999999,7162.599999999999
0.75,0.1,0.1,3,8,5,0.8,4.7961586519986,0.9804867703153236,449,450,3580,3080,6660,3,3154.0,5.783886118106104,3.663666929472131,169,2773.6,3651.3999999999996
0.75,0.3,0.03,3,3,5,0.8,4.797485511502395,0.98047597213388,998,999,7467,6467,13934,8,7424.0,4.700652294768277,3.536485358593364,207,7162.599999999999,8040.4
0.75,0.0,0.05,3,8,10,0.8,4.797730105469259,0.9804739812654764,997,998,7119,6119,13238,7,6931.0,4.805455757325583,3.3898166653023294,117,6284.799999999999,7162.599999999999
1.0,0.3,0.03,3,3,10,0.8,4.798063922756525,0.9804712640015948,998,999,7621,6621,14242,8,7424.0,4.700652294768277,3.536485358593364,207,7162.599999999999,8040.4
1.0,0.0,0.05,4,3,20,1.0,4.801545983508571,0.9804429088479784,405,406,5881,5425,11306,6,5847.0,4.525032584484768,3.6442172777135577,111,5407.0,6284.799999999999
0.75,1.0,0.03,3,3,5,0.8,4.802260544718219,0.9804370874818552,998,999,7294,6294,13588,8,7424.0,4.700652294768277,3.536485358593364,207,7162.599999999999,8040.4
1.0,0.3,0.03,4,8,20,1.0,4.805058305839954,0.980414286428521,816,817,9103,8236,17339,10,9249.0,4.145608233658916,3.5353751758680247,34,8918.2,9796.0
0.75,1.0,0.05,3,8,10,0.8,4.805455757325583,0.9804110462210548,991,992,6853,5853,12706,7,6931.0,4.805455757325583,3.3898166653023294,117,6284.799999999999,7162.599999999999
0.75,0.0,0.03,3,3,5,0.8,4.806072636315198,0.9804060166087804,998,999,7524,6524,14048,8,7424.0,4.700652294768277,3.536485358593364,207,7162.599999999999,8040.4
0.75,0.1,0.1,3,5,20,0.8,4.8077726651190655,0.9803921523874004,558,559,4350,3741,8091,4,3985.0,6.05650129297567,3.87937323141084,405,3651.3999999999996,4529.2
0.75,0.3,0.03,4,3,10,1.0,4.808717514681897,0.9803844447489588,875,876,6959,6033,12992,7,6931.0,4.805455757325583,3.3898166653023294,117,6284.799999999999,7162.599999999999
0.75,0.0,0.1,3,5,5,0.8,4.810885504981192,0.9803667535787955,346,347,2965,2568,5533,3,3154.0,5.783886118106104,3.663666929472131,169,2773.6,3651.3999999999996
0.75,0.3,0.05,4,8,20,1.0,4.812773187923066,0.9803513432700935,447,448,4670,4172,8842,5,4945.5,4.541048571460504,3.4718231235719323,98,4529.2,5407.0
0.75,0.1,0.03,3,3,5,0.8,4.8161306004782505,0.9803239197226978,991,992,7497,6497,13994,8,7424.0,4.700652294768277,3.536485358593364,207,7162.599999999999,8040.4
0.75,0.0,0.1,3,3,5,1.0,4.817648614542386,0.9803115142145178,613,614,4755,4091,8846,5,4945.5,4.541048571460504,3.4718231235719323,98,4529.2,5407.0
1.0,1.0,0.05,4,8,5,1.0,4.826326945225105,0.980240518134385,200,201,2525,2274,4799,2,2382.0,5.793392504361757,4.116880789176335,219,1895.8,2773.6
0.75,0.0,0.1,3,8,5,0.8,4.82952329355801,0.9802143371061898,367,368,3033,2615,5648,3,3154.0,5.783886118106104,3.663666929472131,169,2773.6,3651.3999999999996
1.0,1.0,0.05,4,8,10,1.0,4.830702052672146,0.9802046776117616,402,403,2893,2440,5333,3,3154.0,5.783886118106104,3.663666929472131,169,2773.6,3651.3999999999996
0.75,1.0,0.03,4,8,5,1.0,4.832094674605668,0.9801932625530472,656,657,4687,3980,8667,5,4945.5,4.541048571460504,3.4718231235719323,98,4529.2,5407.0
0.75,0.3,0.1,3,5,20,0.8,4.8499814814148525,0.9800463552500416,558,559,4308,3699,8007,4,3985.0,6.05650129297567,3.87937323141084,405,3651.3999999999996,4529.2
1.0,0.3,0.05,4,8,20,1.0,4.8503354572965245,0.980043442510366,579,580,4861,4231,9092,5,4945.5,4.541048571460504,3.4718231235719323,98,4529.2,5407.0
1.0,0.0,0.05,3,8,1,1.0,4.851866404944713,0.9800308424472274,997,998,7687,6687,14374,8,7424.0,4.700652294768277,3.536485358593364,207,7162.599999999999,8040.4
1.0,0.0,0.05,3,3,1,1.0,4.85367991296813,0.9800159117000004,846,847,6731,5834,12565,7,6931.0,4.805455757325583,3.3898166653023294,117,6284.799999999999,7162.599999999999
1.0,0.1,0.03,3,8,1,0.8,4.854973265611581,0.9800052600222928,998,999,7362,6362,13724,8,7424.0,4.700652294768277,3.536485358593364,207,7162.599999999999,8040.4
1.0,0.3,0.03,3,8,1,0.8,4.855570535217532,0.980000340124944,998,999,7363,6363,13726,8,7424.0,4.700652294768277,3.536485358593364,207,7162.599999999999,8040.4
0.75,1.0,0.03,3,8,1,0.8,4.858757332057779,0.979974079248868,998,999,7187,6187,13374,8,7424.0,4.700652294768277,3.536485358593364,207,7162.599999999999,8040.4
1.0,0.1,0.05,3,8,20,1.0,4.859010030410811,0.9799719961447154,996,997,7275,6275,13550,8,7424.0,4.700652294768277,3.536485358593364,207,7162.599999999999,8040.4
1.0,0.3,0.03,4,3,20,1.0,4.859341906585767,0.9799692601782272,580,581,7698,7067,14765,8,7424.0,4.700652294768277,3.536485358593364,207,7162.599999999999,8040.4
1.0,1.0,0.05,4,3,20,1.0,4.861536451218904,0.9799511637859534,356,357,4090,3683,7773,4,3985.0,6.05650129297567,3.87937323141084,405,3651.3999999999996,4529.2
0.75,1.0,0.05,4,3,10,1.0,4.862324356684257,0.979944664660479,470,471,3266,2745,6011,3,3154.0,5.783886118106104,3.663666929472131,169,2773.6,3651.3999999999996
0.75,0.3,0.03,4,8,10,1.0,4.8634196385634825,0.979935628356928,831,832,6395,5513,11908,7,6931.0,4.805455757325583,3.3898166653023294,117,6284.799999999999,7162.599999999999
1.0,1.0,0.03,4,8,1,1.0,4.864455147657102,0.9799270833196008,415,416,4051,3585,7636,4,3985.0,6.05650129297567,3.87937323141084,405,3651.3999999999996,4529.2
0.75,1.0,0.03,4,5,10,1.0,4.867538497937105,0.9799016286914648,431,432,4697,4215,8912,5,4945.5,4.541048571460504,3.4718231235719323,98,4529.2,5407.0
1.0,1.0,0.03,3,5,5,0.8,4.868471337452388,0.979893924447732,995,996,7500,6500,14000,8,7424.0,4.700652294768277,3.536485358593364,207,7162.599999999999,8040.4
0.75,0.1,0.03,4,3,20,1.0,4.868636500000113,0.9798925602301938,999,1000,10744,9744,20488,12,11210.5,4.228199975216141,3.429929271067711,50,10673.8,11551.599999999999
1.0,1.0,0.05,3,8,5,0.8,4.869272837396594,0.9798873037473808,734,735,5654,4869,10523,6,5847.0,4.525032584484768,3.6442172777135577,111,5407.0,6284.799999999999
0.75,0.3,0.03,3,8,1,0.8,4.871892078451952,0.9798656602001308,998,999,7337,6337,13674,8,7424.0,4.700652294768277,3.536485358593364,207,7162.599999999999,8040.4
1.0,0.0,0.05,3,8,5,0.8,4.873501349532128,0.9798523565547932,734,735,5770,4985,10755,6,5847.0,4.525032584484768,3.6442172777135577,111,5407.0,6284.799999999999
0.75,0.1,0.03,3,8,1,0.8,4.874332435448649,0.9798454843496808,998,999,7372,6372,13744,8,7424.0,4.700652294768277,3.536485358593364,207,7162.599999999999,8040.4
1.0,0.0,0.03,3,5,5,0.8,4.875384911404122,0.979836779800501,995,996,7656,6656,14312,8,7424.0,4.700652294768277,3.536485358593364,207,7162.599999999999,8040.4
0.75,0.0,0.03,3,8,1,0.8,4.882209549004143,0.9797802907293144,998,999,7392,6392,13784,8,7424.0,4.700652294768277,3.536485358593364,207,7162.599999999999,8040.4
0.75,1.0,0.1,3,3,20,0.8,4.885230237006321,0.9797552625828168,554,555,4155,3550,7705,4,3985.0,6.05650129297567,3.87937323141084,405,3651.3999999999996,4529.2
0.75,0.1,0.05,3,3,1,1.0,4.88628829513103,0.9797464922987222,515,516,3941,3375,7316,4,3985.0,6.05650129297567,3.87937323141084,405,3651.3999999999996,4529.2
1.0,1.0,0.03,3,8,1,0.8,4.88706144788102,0.9797400824051224,998,999,7273,6273,13546,8,7424.0,4.700652294768277,3.536485358593364,207,7162.599999999999,8040.4
0.75,1.0,0.05,4,5,20,1.0,4.887832202904118,0.9797336913806584,393,394,3555,3111,6666,3,3154.0,5.783886118106104,3.663666929472131,169,2773.6,3651.3999999999996
1.0,0.3,0.03,3,5,5,0.8,4.89018235619758,0.9797141979200104,995,996,7634,6634,14268,8,7424.0,4.700652294768277,3.536485358593364,207,7162.599999999999,8040.4
1.0,0.0,0.03,3,8,1,0.8,4.893862945415363,0.9796836502648362,998,999,7380,6380,13760,8,7424.0,4.700652294768277,3.536485358593364,207,7162.599999999999,8040.4
1.0,1.0,0.05,4,5,20,1.0,4.89504050136034,0.9796738720929022,453,454,3770,3266,7036,4,3985.0,6.05650129297567,3.87937323141084,405,3651.3999999999996,4529.2
1.0,0.1,0.05,3,8,5,0.8,4.896177237241293,0.9796644306504048,734,735,5785,5000,10785,6,5847.0,4.525032584484768,3.6442172777135577,111,5407.0,6284.799999999999
0.75,0.0,0.05,3,3,20,0.8,4.899097408457073,0.9796401663927774,998,999,7246,6246,13492,8,7424.0,4.700652294768277,3.536485358593364,207,7162.599999999999,8040.4
0.75,0.3,0.05,3,5,20,0.8,4.902338916620331,0.9796132151424602,991,992,7026,6026,13052,7,6931.0,4.805455757325583,3.3898166653023294,117,6284.799999999999,7162.599999999999
0.75,0.1,0.05,3,3,20,0.8,4.902992269142656,0.9796077807385476,998,999,7185,6185,13370,8,7424.0,4.700652294768277,3.536485358593364,207,7162.599999999999,8040.4
1.0,0.3,0.03,3,5,10,0.8,4.904814409405086,0.9795926208580946,998,999,7489,6489,13978,8,7424.0,4.700652294768277,3.536485358593364,207,7162.599999999999,8040.4
0.75,0.1,0.03,3,5,5,0.8,4.906554954630556,0.9795781345734956,998,999,7395,6395,13790,8,7424.0,4.700652294768277,3.536485358593364,207,7162.599999999999,8040.4
0.75,1.0,0.05,4,8,10,1.0,4.906582808076107,0.979577902711859,247,248,2793,2495,5288,3,3154.0,5.783886118106104,3.663666929472131,169,2773.6,3651.3999999999996
1.0,0.1,0.03,3,5,5,0.8,4.907691434425518,0.9795686730569972,995,996,7653,6653,14306,8,7424.0,4.700652294768277,3.536485358593364,207,7162.599999999999,8040.4
1.0,0.0,0.05,3,8,20,1.0,4.909393952779947,0.9795544950088696,999,1000,7311,6311,13622,8,7424.0,4.700652294768277,3.536485358593364,207,7162.599999999999,8040.4
0.75,0.3,0.03,3,5,5,0.8,4.91158478312779,0.9795362432133694,998,999,7338,6338,13676,8,7424.0,4.700652294768277,3.536485358593364,207,7162.599999999999,8040.4
1.0,1.0,0.1,4,5,10,1.0,4.91397420785188,0.9795163276454344,222,223,1609,1336,2945,1,1602.0,5.804113719417572,4.31465302959867,156,1018.0,1895.8
0.75,0.3,0.05,3,3,20,0.8,4.914601332640352,0.9795110990309382,998,999,7139,6139,13278,7,6931.0,4.805455757325583,3.3898166653023294,117,6284.799999999999,7162.599999999999
0.75,1.0,0.05,3,5,20,0.8,4.914917689756492,0.9795084611696736,998,999,6822,5822,12644,7,6931.0,4.805455757325583,3.3898166653023294,117,6284.799999999999,7162.599999999999
1.0,0.0,0.05,3,5,5,1.0,4.917779714123126,0.9794845892097724,999,1000,7729,6729,14458,8,7424.0,4.700652294768277,3.536485358593364,207,7162.599999999999,8040.4
0.75,0.1,0.05,3,5,20,0.8,4.91909030493469,0.9794736530177588,997,998,7111,6111,13222,7,6931.0,4.805455757325583,3.3898166653023294,117,6284.799999999999,7162.599999999999
1.0,1.0,0.03,4,3,10,1.0,4.9194865816204665,0.9794703457231628,609,610,5161,4501,9662,5,4945.5,4.541048571460504,3.4718231235719323,98,4529.2,5407.0
1.0,0.1,0.03,3,5,10,0.8,4.920318634957578,0.9794634006033328,998,999,7522,6522,14044,8,7424.0,4.700652294768277,3.536485358593364,207,7162.599999999999,8040.4
0.75,0.0,0.05,3,5,20,0.8,4.923765960676139,0.9794346133830044,997,998,7155,6155,13310,7,6931.0,4.805455757325583,3.3898166653023294,117,6284.799999999999,7162.599999999999
1.0,0.0,0.03,3,5,10,0.8,4.925275327752546,0.979422002923675,998,999,7538,6538,14076,8,7424.0,4.700652294768277,3.536485358593364,207,7162.599999999999,8040.4
1.0,1.0,0.03,3,5,10,0.8,4.9285374624697695,0.9793947352382936,998,999,7396,6396,13792,8,7424.0,4.700652294768277,3.536485358593364,207,7162.599999999999,8040.4
1.0,0.0,0.1,3,5,20,1.0,4.928933988023757,0.9793914195111568,577,578,4722,4094,8816,5,4945.5,4.541048571460504,3.4718231235719323,98,4529.2,5407.0
0.75,0.3,0.05,3,8,20,0.8,4.931576425745688,0.9793693167652158,991,992,6920,5920,12840,7,6931.0,4.805455757325583,3.3898166653023294,117,6284.799999999999,7162.599999999999
1.0,1.0,0.05,4,3,10,1.0,4.9319420539724055,0.9793662575244774,383,384,3154,2720,5874,3,3154.0,5.783886118106104,3.663666929472131,169,2773.6,3651.3999999999996
0.75,0.0,0.03,3,5,5,0.8,4.932167840203872,0.9793643682396704,998,999,7416,6416,13832,8,7424.0,4.700652294768277,3.536485358593364,207,7162.599999999999,8040.4
0.75,1.0,0.1,3,8,20,0.8,4.936691163265648,0.9793265007403608,554,555,4077,3472,7549,4,3985.0,6.05650129297567,3.87937323141084,405,3651.3999999999996,4529.2
1.0,0.0,0.05,3,5,1,1.0,4.937497418126214,0.979319747443539,641,642,5403,4711,10114,5,4945.5,4.541048571460504,3.4718231235719323,98,4529.2,5407.0
0.75,1.0,0.05,3,3,20,0.8,4.93764392899956,0.9793185201307693,998,999,6893,5893,12786,7,6931.0,4.805455757325583,3.3898166653023294,117,6284.799999999999,7162.599999999999
0.75,1.0,0.03,3,5,5,0.8,4.938408598549353,0.9793121139489196,998,999,7170,6170,13340,8,7424.0,4.700652294768277,3.536485358593364,207,7162.599999999999,8040.4
0.75,0.0,0.03,4,3,20,1.0,4.938417515325847,0.979312039240876,999,1000,11316,10316,21632,12,11210.5,4.228199975216141,3.429929271067711,50,10673.8,11551.599999999999
0.75,1.0,0.05,3,8,20,0.8,4.940398601453994,0.9792954376260424,998,999,6723,5723,12446,7,6931.0,4.805455757325583,3.3898166653023294,117,6284.799999999999,7162.599999999999
0.75,1.0,0.03,4,3,10,1.0,4.9461629134306095,0.9792470944893412,413,414,4815,4351,9166,5,4945.5,4.541048571460504,3.4718231235719323,98,4529.2,5407.0
0.75,0.0,0.1,3,5,20,1.0,4.949744638657391,0.9792170274981488,999,1000,7297,6297,13594,8,7424.0,4.700652294768277,3.536485358593364,207,7162.599999999999,8040.4
1.0,1.0,0.1,4,8,1,1.0,4.954966478467867,0.9791731534776902,156,157,1251,1044,2295,1,1602.0,5.804113719417572,4.31465302959867,156,1018.0,1895.8
0.75,1.0,0.05,4,3,20,1.0,4.95590230654781,0.9791652857399706,543,544,3999,3405,7404,4,3985.0,6.05650129297567,3.87937323141084,405,3651.3999999999996,4529.2
0.75,0.1,0.1,3,5,5,1.0,4.957755998742713,0.9791496969056104,293,294,2249,1905,4154,2,2382.0,5.793392504361757,4.116880789176335,219,1895.8,2773.6
1.0,1.0,0.03,4,8,10,1.0,4.959976176590604,0.9791310183961612,603,604,4849,4195,9044,5,4945.5,4.541048571460504,3.4718231235719323,98,4529.2,5407.0
0.75,0.0,0.05,3,3,5,1.0,4.962102218171035,0.9791131240232618,989,990,7155,6155,13310,7,6931.0,4.805455757325583,3.3898166653023294,117,6284.799999999999,7162.599999999999
1.0,1.0,0.05,4,8,20,1.0,4.964520907044874,0.9790927571849448,412,413,3695,3232,6927,4,3985.0,6.05650129297567,3.87937323141084,405,3651.3999999999996,4529.2
1.0,0.0,0.05,3,3,5,1.0,4.968711585099043,0.9790574456193284,999,1000,7301,6301,13602,8,7424.0,4.700652294768277,3.536485358593364,207,7162.599999999999,8040.4
0.75,0.0,0.05,3,8,20,0.8,4.972019451338108,0.9790295517772296,991,992,6996,5996,12992,7,6931.0,4.805455757325583,3.3898166653023294,117,6284.799999999999,7162.599999999999
1.0,0.3,0.1,4,8,10,1.0,4.972584303176261,0.9790247867640656,167,168,1941,1723,3664,2,2382.0,5.793392504361757,4.116880789176335,219,1895.8,2773.6
1.0,1.0,0.03,3,3,20,0.8,4.978971195238972,0.9789708701487182,998,999,7269,6269,13538,8,7424.0,4.700652294768277,3.536485358593364,207,7162.599999999999,8040.4
0.75,0.3,0.03,3,8,5,0.8,4.98517269420269,0.978918452354556,998,999,7175,6175,13350,8,7424.0,4.700652294768277,3.536485358593364,207,7162.599999999999,8040.4
0.75,1.0,0.03,4,8,10,1.0,4.985431067043024,0.9789162670579458,735,736,4879,4093,8972,5,4945.5,4.541048571460504,3.4718231235719323,98,4529.2,5407.0
1.0,0.3,0.03,3,8,10,0.8,4.986111289461585,0.9789105132500916,998,999,7247,6247,13494,8,7424.0,4.700652294768277,3.536485358593364,207,7162.599999999999,8040.4
0.75,0.3,0.03,3,3,10,0.8,4.986689350327238,0.9789056229807268,997,998,7248,6248,13496,8,7424.0,4.700652294768277,3.536485358593364,207,7162.599999999999,8040.4
0.75,1.0,0.03,3,8,5,0.8,4.987482410813955,0.9788989129388566,998,999,7065,6065,13130,7,6931.0,4.805455757325583,3.3898166653023294,117,6284.799999999999,7162.599999999999
1.0,1.0,0.03,4,5,20,1.0,4.989923576716529,0.9788782516687772,443,444,5612,5118,10730,6,5847.0,4.525032584484768,3.6442172777135577,111,5407.0,6284.799999999999
1.0,0.1,0.03,3,3,20,0.8,4.990028913105888,0.9788773599067472,998,999,7445,6445,13890,8,7424.0,4.700652294768277,3.536485358593364,207,7162.599999999999,8040.4
0.75,0.1,0.03,3,8,5,0.8,4.990347717818257,0.9788746608392952,998,999,7213,6213,13426,8,7424.0,4.700652294768277,3.536485358593364,207,7162.599999999999,8040.4
1.0,0.0,0.03,3,8,10,0.8,4.991254329737683,0.9788669843305172,998,999,7269,6269,13538,8,7424.0,4.700652294768277,3.536485358593364,207,7162.599999999999,8040.4
1.0,0.0,0.03,3,5,1,0.8,4.991911511767287,0.978861418934919,730,731,6049,5268,11317,6,5847.0,4.525032584484768,3.6442172777135577,111,5407.0,6284.799999999999
1.0,0.1,0.03,3,5,1,0.8,4.99192151203697,0.9788613342412208,730,731,6048,5267,11315,6,5847.0,4.525032584484768,3.6442172777135577,111,5407.0,6284.799999999999
1.0,0.0,0.03,3,3,20,0.8,4.992763758746727,0.9788542005258364,998,999,7476,6476,13952,8,7424.0,4.700652294768277,3.536485358593364,207,7162.599999999999,8040.4
0.75,1.0,0.03,3,3,10,0.8,4.994985888317414,0.9788353736134444,997,998,7098,6098,13196,7,6931.0,4.805455757325583,3.3898166653023294,117,6284.799999999999,7162.599999999999
1.0,0.0,0.03,3,8,5,0.8,4.995227036198258,0.9788333299928548,995,996,7361,6361,13722,8,7424.0,4.700652294768277,3.536485358593364,207,7162.599999999999,8040.4
1.0,0.1,0.03,3,8,10,0.8,4.995722335465587,0.9788291322433512,998,999,7260,6260,13520,8,7424.0,4.700652294768277,3.536485358593364,207,7162.599999999999,8040.4
1.0,0.3,0.03,3,5,1,0.8,4.996218405107862,0.978824927547606,730,731,6039,5258,11297,6,5847.0,4.525032584484768,3.6442172777135577,111,5407.0,6284.799999999999
0.75,0.0,0.03,3,8,5,0.8,5.001111747661002,0.9787834291116454,998,999,7223,6223,13446,8,7424.0,4.700652294768277,3.536485358593364,207,7162.599999999999,8040.4
1.0,0.3,0.03,3,3,20,0.8,5.001336215918386,0.9787815245137028,998,999,7389,6389,13778,8,7424.0,4.700652294768277,3.536485358593364,207,7162.599999999999,8040.4
1.0,1.0,0.03,3,8,5,0.8,5.002883634917335,0.9787683924425534,995,996,7243,6243,13486,8,7424.0,4.700652294768277,3.536485358593364,207,7162.599999999999,8040.4
0.75,0.0,0.03,3,3,10,0.8,5.003881782829987,0.978759919569548,999,1000,7337,6337,13674,8,7424.0,4.700652294768277,3.536485358593364,207,7162.599999999999,8040.4
0.75,0.1,0.03,3,3,10,0.8,5.004885508938356,0.9787513976410118,999,1000,7290,6290,13580,8,7424.0,4.700652294768277,3.536485358593364,207,7162.599999999999,8040.4
1.0,1.0,0.1,4,5,20,1.0,5.007406760212869,0.9787299839404928,250,251,1935,1634,3569,2,2382.0,5.793392504361757,4.116880789176335,219,1895.8,2773.6
1.0,0.0,0.03,3,5,1,1.0,5.008322225493921,0.9787222059659378,997,998,7796,6796,14592,8,7424.0,4.700652294768277,3.536485358593364,207,7162.599999999999,8040.4
0.75,0.3,0.03,4,8,20,1.0,5.008545815846062,0.9787203060819276,772,773,7746,6923,14669,8,7424.0,4.700652294768277,3.536485358593364,207,7162.599999999999,8040.4
0.75,1.0,0.05,4,8,20,1.0,5.009428367630809,0.9787128060660828,469,470,3490,2970,6460,3,3154.0,5.783886118106104,3.663666929472131,169,2773.6,3651.3999999999996
0.75,1.0,0.1,4,3,20,1.0,5.0127313249229735,0.9786847254681048,260,261,1793,1482,3275,1,1602.0,5.804113719417572,4.31465302959867,156,1018.0,1895.8
1.0,1.0,0.03,4,5,10,1.0,5.0151048372588045,0.9786645352598712,685,686,5064,4328,9392,5,4945.5,4.541048571460504,3.4718231235719323,98,4529.2,5407.0
1.0,0.1,0.03,3,8,5,0.8,5.018155970230851,0.97863856685271,995,996,7353,6353,13706,8,7424.0,4.700652294768277,3.536485358593364,207,7162.599999999999,8040.4
0.75,0.3,0.03,4,5,20,1.0,5.021725647070895,0.9786081650337356,935,936,8049,7063,15112,9,8569.0,4.228009255229204,3.4268897653357566,30,8040.4,8918.2
0.75,0.1,0.03,3,5,10,0.8,5.023278924576627,0.9785949295058662,998,999,7193,6193,13386,8,7424.0,4.700652294768277,3.536485358593364,207,7162.599999999999,8040.4
0.75,0.0,0.05,3,5,1,1.0,5.024032223454661,0.9785885091478288,608,609,5054,4395,9449,5,4945.5,4.541048571460504,3.4718231235719323,98,4529.2,5407.0
1.0,1.0,0.03,3,5,1,0.8,5.025036484123397,0.9785799483479496,730,731,5961,5180,11141,6,5847.0,4.525032584484768,3.6442172777135577,111,5407.0,6284.799999999999
1.0,0.3,0.03,3,8,5,0.8,5.0254044661020325,0.9785768110646206,995,996,7347,6347,13694,8,7424.0,4.700652294768277,3.536485358593364,207,7162.599999999999,8040.4
1.0,0.1,0.1,3,3,10,1.0,5.032087206879922,0.9785197964265044,483,484,3524,2990,6514,3,3154.0,5.783886118106104,3.663666929472131,169,2773.6,3651.3999999999996
0.75,1.0,0.1,4,8,20,1.0,5.033668681513696,0.97850629279123,248,249,1708,1409,3117,1,1602.0,5.804113719417572,4.31465302959867,156,1018.0,1895.8
1.0,1.0,0.03,4,8,20,1.0,5.0353177490191365,0.9784922074859284,683,684,6057,5323,11380,6,5847.0,4.525032584484768,3.6442172777135577,111,5407.0,6284.799999999999
0.75,0.1,0.1,3,5,1,1.0,5.039136694263014,0.9784595707254647,223,224,1790,1516,3306,1,1602.0,5.804113719417572,4.31465302959867,156,1018.0,1895.8
1.0,1.0,0.03,3,8,10,0.8,5.040100506718323,0.978451330060164,998,999,7164,6164,13328,8,7424.0,4.700652294768277,3.536485358593364,207,7162.599999999999,8040.4
0.75,0.3,0.03,3,5,10,0.8,5.041118492562286,0.978442624497155,997,998,7148,6148,13296,7,6931.0,4.805455757325583,3.3898166653023294,117,6284.799999999999,7162.599999999999
0.75,0.0,0.03,3,5,10,0.8,5.048946057409346,0.9783756263651824,998,999,7222,6222,13444,8,7424.0,4.700652294768277,3.536485358593364,207,7162.599999999999,8040.4
1.0,0.0,0.03,3,5,20,0.8,5.057796664388953,0.9782997465365408,997,998,7327,6327,13654,8,7424.0,4.700652294768277,3.536485358593364,207,7162.599999999999,8040.4
0.75,1.0,0.1,4,5,20,1.0,5.059786549559062,0.978282668148556,149,150,1616,1416,3032,1,1602.0,5.804113719417572,4.31465302959867,156,1018.0,1895.8
0.75,1.0,0.03,3,5,10,0.8,5.060214475276265,0.9782789945557248,998,999,7014,6014,13028,7,6931.0,4.805455757325583,3.3898166653023294,117,6284.799999999999,7162.599999999999
1.0,0.1,0.03,3,5,20,0.8,5.061638951830671,0.9782667636836226,997,998,7287,6287,13574,8,7424.0,4.700652294768277,3.536485358593364,207,7162.599999999999,8040.4
0.75,0.0,0.05,3,3,1,1.0,5.06250345366382,0.9782593392002498,552,553,4469,3866,8335,4,3985.0,6.05650129297567,3.87937323141084,405,3651.3999999999996,4529.2
1.0,0.3,0.03,3,5,20,0.8,5.062643827662855,0.978258133525691,997,998,7250,6250,13500,8,7424.0,4.700652294768277,3.536485358593364,207,7162.599999999999,8040.4
1.0,1.0,0.03,3,5,20,0.8,5.069379978832898,0.9782002373201292,998,999,7130,6130,13260,7,6931.0,4.805455757325583,3.3898166653023294,117,6284.799999999999,7162.599999999999
1.0,0.0,0.05,3,8,10,1.0,5.070089539034269,0.9781941342753364,990,991,7562,6562,14124,8,7424.0,4.700652294768277,3.536485358593364,207,7162.599999999999,8040.4
1.0,0.0,0.1,3,5,5,1.0,5.080654241983423,0.9781031644771454,444,445,3812,3317,7129,4,3985.0,6.05650129297567,3.87937323141084,405,3651.3999999999996,4529.2
0.75,1.0,0.03,3,8,10,0.8,5.081811938791359,0.978093184351145,998,999,6905,5905,12810,7,6931.0,4.805455757325583,3.3898166653023294,117,6284.799999999999,7162.599999999999
1.0,1.0,0.1,4,8,20,1.0,5.082527906607695,0.978087011088522,222,223,1844,1571,3415,1,1602.0,5.804113719417572,4.31465302959867,156,1018.0,1895.8
0.75,0.0,0.03,3,5,1,1.0,5.08530299588152,0.9780630753215006,989,990,7781,6781,14562,8,7424.0,4.700652294768277,3.536485358593364,207,7162.599999999999,8040.4
1.0,0.0,0.05,3,3,10,1.0,5.087967043016167,0.9780400850260638,999,1000,7201,6201,13402,8,7424.0,4.700652294768277,3.536485358593364,207,7162.599999999999,8040.4
0.75,0.1,0.03,3,8,10,0.8,5.090861612741753,0.9780150917092424,997,998,7048,6048,13096,7,6931.0,4.805455757325583,3.3898166653023294,117,6284.799999999999,7162.599999999999
0.75,0.3,0.03,3,8,10,0.8,5.093534243045034,0.9779920021185128,998,999,7004,6004,13008,7,6931.0,4.805455757325583,3.3898166653023294,117,6284.799999999999,7162.599999999999
0.75,0.0,0.03,3,8,10,0.8,5.094895230625601,0.9779802395143896,997,998,7079,6079,13158,7,6931.0,4.805455757325583,3.3898166653023294,117,6284.799999999999,7162.599999999999
0.75,0.0,0.03,4,8,20,1.0,5.103779022969178,0.9779033823788584,581,582,6823,6191,13014,7,6931.0,4.805455757325583,3.3898166653023294,117,6284.799999999999,7162.599999999999
1.0,0.1,0.1,3,3,1,1.0,5.111824721188145,0.9778336603762656,258,259,1997,1688,3685,2,2382.0,5.793392504361757,4.116880789176335,219,1895.8,2773.6
0.75,1.0,0.03,4,5,20,1.0,5.117073930181702,0.9777881128478948,766,767,5780,4963,10743,6,5847.0,4.525032584484768,3.6442172777135577,111,5407.0,6284.799999999999
1.0,0.0,0.05,3,8,5,1.0,5.121803260019083,0.9777470362928956,999,1000,7508,6508,14016,8,7424.0,4.700652294768277,3.536485358593364,207,7162.599999999999,8040.4
1.0,0.3,0.05,3,8,20,1.0,5.132117967594842,0.9776573163533848,718,719,5147,4378,9525,5,4945.5,4.541048571460504,3.4718231235719323,98,4529.2,5407.0
0.75,0.3,0.03,4,3,20,1.0,5.140386894523696,0.9775852607789404,999,1000,8009,7009,15018,8,7424.0,4.700652294768277,3.536485358593364,207,7162.599999999999,8040.4
1.0,1.0,0.03,3,8,20,0.8,5.141836184604702,0.9775726196920368,998,999,6997,5997,12994,7,6931.0,4.805455757325583,3.3898166653023294,117,6284.799999999999,7162.599999999999
1.0,0.0,0.03,3,8,20,0.8,5.144498184320946,0.9775493917508636,997,998,7101,6101,13202,7,6931.0,4.805455757325583,3.3898166653023294,117,6284.799999999999,7162.599999999999
1.0,0.1,0.03,3,8,20,0.8,5.151051682170992,0.9774921563428768,998,999,7095,6095,13190,7,6931.0,4.805455757325583,3.3898166653023294,117,6284.799999999999,7162.599999999999
1.0,0.3,0.03,3,8,20,0.8,5.160836152470433,0.9774065674172392,998,999,7068,6068,13136,7,6931.0,4.805455757325583,3.3898166653023294,117,6284.799999999999,7162.599999999999
0.75,0.0,0.03,3,3,1,1.0,5.16589747320143,0.9773622301512924,999,1000,7331,6331,13662,8,7424.0,4.700652294768277,3.536485358593364,207,7162.599999999999,8040.4
0.75,1.0,0.03,4,8,20,1.0,5.168787565709712,0.9773368933920328,733,734,5509,4725,10234,6,5847.0,4.525032584484768,3.6442172777135577,111,5407.0,6284.799999999999
0.75,0.0,0.05,3,8,1,1.0,5.182842259067654,0.977213477188402,575,576,4704,4078,8782,5,4945.5,4.541048571460504,3.4718231235719323,98,4529.2,5407.0
0.75,0.0,0.03,3,3,5,1.0,5.184669323945882,0.9771974088646448,999,1000,7190,6190,13380,8,7424.0,4.700652294768277,3.536485358593364,207,7162.599999999999,8040.4
1.0,0.1,0.03,3,5,1,1.0,5.18876210501923,0.9771613938969028,897,898,7147,6199,13346,7,6931.0,4.805455757325583,3.3898166653023294,117,6284.799999999999,7162.599999999999
1.0,0.0,0.05,3,5,20,1.0,5.190029194869356,0.9771502382112958,840,841,6636,5745,12381,7,6931.0,4.805455757325583,3.3898166653023294,117,6284.799999999999,7162.599999999999
0.75,0.1,0.1,3,8,5,1.0,5.198230437830409,0.9770779671306602,259,260,1963,1653,3616,2,2382.0,5.793392504361757,4.116880789176335,219,1895.8,2773.6
0.75,0.3,0.05,3,5,1,1.0,5.199012774175452,0.9770710670560776,365,366,2776,2360,5136,3,3154.0,5.783886118106104,3.663666929472131,169,2773.6,3651.3999999999996
0.75,0.1,0.1,3,3,1,1.0,5.200601975581498,0.9770570473707136,216,217,1731,1464,3195,1,1602.0,5.804113719417572,4.31465302959867,156,1018.0,1895.8
0.75,0.1,0.1,3,3,10,1.0,5.209031202089498,0.9769826144218292,352,353,2544,2141,4685,2,2382.0,5.793392504361757,4.116880789176335,219,1895.8,2773.6
0.75,0.0,0.03,3,8,1,1.0,5.213435096066106,0.9769436785925076,999,1000,7599,6599,14198,8,7424.0,4.700652294768277,3.536485358593364,207,7162.599999999999,8040.4
0.75,0.1,0.05,3,8,1,1.0,5.218468674466678,0.9768991352826522,999,1000,4081,3081,7162,4,3985.0,6.05650129297567,3.87937323141084,405,3651.3999999999996,4529.2
1.0,1.0,0.1,4,8,10,1.0,5.218732478955733,0.9768967996297132,187,188,1459,1221,2680,1,1602.0,5.804113719417572,4.31465302959867,156,1018.0,1895.8
1.0,0.1,0.1,3,5,1,1.0,5.21905465904024,0.9768939469750358,301,302,1892,1540,3432,1,1602.0,5.804113719417572,4.31465302959867,156,1018.0,1895.8
1.0,0.1,0.1,3,8,10,1.0,5.220063418957501,0.9768850140497316,411,412,3092,2630,5722,3,3154.0,5.783886118106104,3.663666929472131,169,2773.6,3651.3999999999996
0.75,0.3,0.1,3,5,1,1.0,5.220230859714014,0.9768835311356372,174,175,1383,1158,2541,1,1602.0,5.804113719417572,4.31465302959867,156,1018.0,1895.8
0.75,0.1,0.03,3,8,5,1.0,5.224686258578776,0.9768440550881088,992,993,7344,6344,13688,8,7424.0,4.700652294768277,3.536485358593364,207,7162.599999999999,8040.4
1.0,0.1,0.1,3,5,20,1.0,5.225618144756953,0.9768357940640588,537,538,4069,3481,7550,4,3985.0,6.05650129297567,3.87937323141084,405,3651.3999999999996,4529.2
0.75,0.1,0.1,3,8,1,1.0,5.249616286922828,0.9766225468097576,229,230,1765,1485,3250,1,1602.0,5.804113719417572,4.31465302959867,156,1018.0,1895.8
1.0,0.0,0.05,3,5,10,1.0,5.268354603936732,0.9764553589948316,803,804,6445,5591,12036,7,6931.0,4.805455757325583,3.3898166653023294,117,6284.799999999999,7162.599999999999
1.0,0.1,0.05,3,3,1,1.0,5.269370713370035,0.9764462759923626,517,518,3843,3275,7118,4,3985.0,6.05650129297567,3.87937323141084,405,3651.3999999999996,4529.2
0.75,1.0,0.1,3,5,1,1.0,5.274053376605408,0.9764043950277058,147,148,1120,922,2042,1,1602.0,5.804113719417572,4.31465302959867,156,1018.0,1895.8
0.75,0.1,0.1,3,8,10,1.0,5.282447065970949,0.976329230152944,312,313,2357,1994,4351,2,2382.0,5.793392504361757,4.116880789176335,219,1895.8,2773.6
0.75,0.0,0.03,3,5,20,0.8,5.288392193303803,0.976275919659188,998,999,6969,5969,12938,7,6931.0,4.805455757325583,3.3898166653023294,117,6284.799999999999,7162.599999999999
0.75,0.3,0.03,3,3,5,1.0,5.290692843355132,0.9762552734298566,783,784,5626,4792,10418,6,5847.0,4.525032584484768,3.6442172777135577,111,5407.0,6284.799999999999
0.75,0.1,0.1,3,3,5,1.0,5.298538882001146,0.976184794878273,277,278,2043,1715,3758,2,2382.0,5.793392504361757,4.116880789176335,219,1895.8,2773.6
0.75,0.0,0.03,3,8,5,1.0,5.30185176504517,0.9761550049093948,999,1000,7387,6387,13774,8,7424.0,4.700652294768277,3.536485358593364,207,7162.599999999999,8040.4
1.0,0.3,0.03,3,3,10,1.0,5.302223456624831,0.97615166143811,999,1000,7186,6186,13372,8,7424.0,4.700652294768277,3.536485358593364,207,7162.599999999999,8040.4
1.0,0.1,0.1,3,8,20,1.0,5.30862445144648,0.9760940458975864,528,529,3923,3344,7267,4,3985.0,6.05650129297567,3.87937323141084,405,3651.3999999999996,4529.2
0.75,1.0,0.03,4,3,20,1.0,5.31850489830728,0.9760049752461468,866,867,6098,5181,11279,6,5847.0,4.525032584484768,3.6442172777135577,111,5407.0,6284.799999999999
0.75,0.1,0.03,3,5,20,0.8,5.319622330168869,0.9759948913513634,998,999,6928,5928,12856,7,6931.0,4.805455757325583,3.3898166653023294,117,6284.799999999999,7162.599999999999
1.0,0.1,0.05,3,3,5,1.0,5.321241485557648,0.9759802760595924,645,646,4174,3478,7652,4,3985.0,6.05650129297567,3.87937323141084,405,3651.3999999999996,4529.2
1.0,0.0,0.03,3,8,5,1.0,5.325081834592887,0.9759455933975548,998,999,7456,6456,13912,8,7424.0,4.700652294768277,3.536485358593364,207,7162.599999999999,8040.4
1.0,0.3,0.1,3,3,10,1.0,5.325799581572615,0.9759391085615416,358,359,2266,1857,4123,2,2382.0,5.793392504361757,4.116880789176335,219,1895.8,2773.6
0.75,0.3,0.03,3,5,20,0.8,5.329700965634023,0.975903844312794,998,999,6877,5877,12754,7,6931.0,4.805455757325583,3.3898166653023294,117,6284.799999999999,7162.599999999999
1.0,0.1,0.03,3,3,5,1.0,5.330040989793837,0.9759007696425628,999,1000,7252,6252,13504,8,7424.0,4.700652294768277,3.536485358593364,207,7162.599999999999,8040.4
0.75,0.1,0.03,3,3,5,1.0,5.330930437503417,0.9758927258793864,937,938,6815,5827,12642,7,6931.0,4.805455757325583,3.3898166653023294,117,6284.799999999999,7162.599999999999
0.75,0.3,0.1,3,3,1,1.0,5.333064477518696,0.9758734211124376,178,179,1386,1157,2543,1,1602.0,5.804113719417572,4.31465302959867,156,1018.0,1895.8
0.75,0.0,0.05,3,3,10,1.0,5.334877364068912,0.9758570154662344,965,966,6914,5914,12828,7,6931.0,4.805455757325583,3.3898166653023294,117,6284.799999999999,7162.599999999999
0.75,0.1,0.1,3,5,10,1.0,5.341562340299789,0.9757964718448756,341,342,2576,2184,4760,2,2382.0,5.793392504361757,4.116880789176335,219,1895.8,2773.6
0.75,0.3,0.1,3,8,5,1.0,5.343819666985334,0.9757760108595496,191,192,1463,1221,2684,1,1602.0,5.804113719417572,4.31465302959867,156,1018.0,1895.8
0.75,1.0,0.03,3,5,20,0.8,5.344901130735968,0.9757662051330656,998,999,6735,5735,12470,7,6931.0,4.805455757325583,3.3898166653023294,117,6284.799999999999,7162.599999999999
0.75,0.0,0.1,3,3,20,1.0,5.349791993015606,0.9757218344784224,574,575,4279,3654,7933,4,3985.0,6.05650129297567,3.87937323141084,405,3651.3999999999996,4529.2
0.75,0.3,0.1,3,8,1,1.0,5.354514734736066,0.9756789505249996,192,193,1501,1258,2759,1,1602.0,5.804113719417572,4.31465302959867,156,1018.0,1895.8
1.0,0.1,0.1,3,3,5,1.0,5.356018016539039,0.9756652923224444,313,314,2320,1956,4276,2,2382.0,5.793392504361757,4.116880789176335,219,1895.8,2773.6
1.0,0.1,0.05,3,3,10,1.0,5.356683669613797,0.9756592432466112,679,680,5247,4517,9764,5,4945.5,4.541048571460504,3.4718231235719323,98,4529.2,5407.0
1.0,0.0,0.03,3,8,1,1.0,5.3567659056359584,0.97565849588033,997,998,7658,6658,14316,8,7424.0,4.700652294768277,3.536485358593364,207,7162.599999999999,8040.4
0.75,0.3,0.03,3,3,20,0.8,5.357245327656856,0.9756541386336184,998,999,6963,5963,12926,7,6931.0,4.805455757325583,3.3898166653023294,117,6284.799999999999,7162.599999999999
0.75,0.3,0.03,3,8,20,0.8,5.362103475415887,0.9756099631617005,998,999,6778,5778,12556,7,6931.0,4.805455757325583,3.3898166653023294,117,6284.799999999999,7162.599999999999
1.0,0.0,0.1,3,3,20,1.0,5.363960015273853,0.9755930709422018,564,565,4554,3939,8493,5,4945.5,4.541048571460504,3.4718231235719323,98,4529.2,5407.0
1.0,0.1,0.1,3,5,10,1.0,5.3653431210326605,0.9755804825872424,334,335,2537,2152,4689,2,2382.0,5.793392504361757,4.116880789176335,219,1895.8,2773.6
0.75,1.0,0.03,3,3,20,0.8,5.366796307235897,0.9755672528978664,998,999,6853,5853,12706,7,6931.0,4.805455757325583,3.3898166653023294,117,6284.799999999999,7162.599999999999
0.75,0.1,0.03,3,3,20,0.8,5.371739773300231,0.975522221159437,998,999,7023,6023,13046,7,6931.0,4.805455757325583,3.3898166653023294,117,6284.799999999999,7162.599999999999
0.75,0.0,0.03,3,8,20,0.8,5.375940654011877,0.9754839213009558,998,999,6838,5838,12676,7,6931.0,4.805455757325583,3.3898166653023294,117,6284.799999999999,7162.599999999999
0.75,0.1,0.03,3,8,20,0.8,5.382195815969765,0.9754268368690776,998,999,6818,5818,12636,7,6931.0,4.805455757325583,3.3898166653023294,117,6284.799999999999,7162.599999999999
0.75,0.0,0.05,3,8,10,1.0,5.382678998342351,0.9754224245984622,693,694,5467,4723,10190,6,5847.0,4.525032584484768,3.6442172777135577,111,5407.0,6284.799999999999
1.0,0.1,0.1,3,3,20,1.0,5.387439616824746,0.9753789309399912,340,341,2871,2480,5351,3,3154.0,5.783886118106104,3.663666929472131,169,2773.6,3651.3999999999996
0.75,0.0,0.03,3,3,20,0.8,5.387827388655747,0.9753753865102416,998,999,7084,6084,13168,7,6931.0,4.805455757325583,3.3898166653023294,117,6284.799999999999,7162.599999999999
0.75,1.0,0.03,3,8,20,0.8,5.393109447868246,0.975327080425136,998,999,6698,5698,12396,7,6931.0,4.805455757325583,3.3898166653023294,117,6284.799999999999,7162.599999999999
0.75,1.0,0.05,3,8,1,0.8,5.396046329663417,0.9753002012457294,250,251,2210,1909,4119,2,2382.0,5.793392504361757,4.116880789176335,219,1895.8,2773.6
1.0,0.1,0.05,3,8,1,1.0,5.39765102986397,0.9752855083898406,547,548,3933,3335,7268,4,3985.0,6.05650129297567,3.87937323141084,405,3651.3999999999996,4529.2
1.0,0.3,0.05,3,3,10,1.0,5.399335308204973,0.9752700822064208,663,664,4353,3639,7992,4,3985.0,6.05650129297567,3.87937323141084,405,3651.3999999999996,4529.2
0.75,0.1,0.05,3,3,5,1.0,5.40071025962077,0.9752574855577836,740,741,4693,3902,8595,5,4945.5,4.541048571460504,3.4718231235719323,98,4529.2,5407.0
1.0,0.1,0.05,3,5,20,1.0,5.404390208421827,0.9752237558436104,648,649,5068,4369,9437,5,4945.5,4.541048571460504,3.4718231235719323,98,4529.2,5407.0
1.0,0.3,0.1,3,8,20,1.0,5.405430935164346,0.9752142125717062,407,408,2924,2466,5390,3,3154.0,5.783886118106104,3.663666929472131,169,2773.6,3651.3999999999996
1.0,0.1,0.1,3,5,5,1.0,5.407342740783005,0.9751966768791912,280,281,2180,1849,4029,2,2382.0,5.793392504361757,4.116880789176335,219,1895.8,2773.6
0.75,0.0,0.05,3,5,10,1.0,5.409575792818587,0.9751761867603456,750,751,5985,5184,11169,6,5847.0,4.525032584484768,3.6442172777135577,111,5407.0,6284.799999999999
0.75,0.1,0.05,3,8,20,0.8,5.413921750440501,0.975136284712484,558,559,4156,3547,7703,4,3985.0,6.05650129297567,3.87937323141084,405,3651.3999999999996,4529.2
1.0,0.1,0.1,3,8,5,1.0,5.419290237818097,0.9750869501531702,271,272,2066,1744,3810,2,2382.0,5.793392504361757,4.116880789176335,219,1895.8,2773.6
1.0,0.0,0.1,2,3,1,1.0,5.421953015583477,0.9750624619970044,962,963,3977,2977,6954,4,3985.0,6.05650129297567,3.87937323141084,405,3651.3999999999996,4529.2
1.0,0.0,0.03,3,3,10,1.0,5.426866561370705,0.9750172431411722,997,998,7384,6384,13768,8,7424.0,4.700652294768277,3.536485358593364,207,7162.599999999999,8040.4
0.75,0.3,0.1,3,5,5,1.0,5.429910295103414,0.9749892114277644,209,210,1587,1327,2914,1,1602.0,5.804113719417572,4.31465302959867,156,1018.0,1895.8
1.0,0.3,0.1,3,5,10,1.0,5.431399914391629,0.9749754868314268,317,318,2175,1807,3982,2,2382.0,5.793392504361757,4.116880789176335,219,1895.8,2773.6
0.75,0.1,0.03,3,5,1,1.0,5.43239385135308,0.9749663271065632,705,706,5456,4700,10156,6,5847.0,4.525032584484768,3.6442172777135577,111,5407.0,6284.799999999999
1.0,0.3,0.1,3,8,10,1.0,5.436793065529317,0.9749257655849428,273,274,2012,1688,3700,2,2382.0,5.793392504361757,4.116880789176335,219,1895.8,2773.6
0.75,1.0,0.1,3,8,1,1.0,5.436853880293603,0.974925204632129,140,141,1081,890,1971,1,1602.0,5.804113719417572,4.31465302959867,156,1018.0,1895.8
0.75,0.3,0.1,3,3,5,1.0,5.43695829339844,0.9749242415154312,203,204,1556,1302,2858,1,1602.0,5.804113719417572,4.31465302959867,156,1018.0,1895.8
0.75,0.1,0.03,3,3,1,1.0,5.437918437035366,0.9749153841895004,926,927,6439,5462,11901,7,6931.0,4.805455757325583,3.3898166653023294,117,6284.799999999999,7162.599999999999
1.0,0.1,0.03,3,3,10,1.0,5.441368267900801,0.9748835465910706,999,1000,7330,6330,13660,8,7424.0,4.700652294768277,3.536485358593364,207,7162.599999999999,8040.4
0.75,0.0,0.05,3,8,20,1.0,5.441819586803352,0.9748793799918892,999,1000,7159,6159,13318,7,6931.0,4.805455757325583,3.3898166653023294,117,6284.799999999999,7162.599999999999
0.75,0.1,0.03,3,8,1,1.0,5.442292866707578,0.974875010276413,764,765,5832,5017,10849,6,5847.0,4.525032584484768,3.6442172777135577,111,5407.0,6284.799999999999
1.0,0.1,0.05,3,5,10,1.0,5.4432922807432,0.9748657816025454,698,699,5322,4573,9895,5,4945.5,4.541048571460504,3.4718231235719323,98,4529.2,5407.0
1.0,0.3,0.05,3,5,20,1.0,5.445328465173313,0.9748469740597422,900,901,5732,4781,10513,6,5847.0,4.525032584484768,3.6442172777135577,111,5407.0,6284.799999999999
1.0,0.1,0.05,3,5,1,1.0,5.445512041403022,0.9748452780828948,452,453,3557,3054,6611,3,3154.0,5.783886118106104,3.663666929472131,169,2773.6,3651.3999999999996
1.0,0.0,0.03,3,3,5,1.0,5.445692809003167,0.9748436079978222,999,1000,7201,6201,13402,8,7424.0,4.700652294768277,3.536485358593364,207,7162.599999999999,8040.4
0.75,1.0,0.1,3,3,1,1.0,5.449361824590702,0.9748096985245036,146,147,1136,939,2075,1,1602.0,5.804113719417572,4.31465302959867,156,1018.0,1895.8
0.75,0.1,0.1,3,8,20,1.0,5.455092838215966,0.97475668612437,420,421,2956,2485,5441,3,3154.0,5.783886118106104,3.663666929472131,169,2773.6,3651.3999999999996
1.0,0.0,0.03,3,5,5,1.0,5.459297066515532,0.974717761195214,999,1000,7645,6645,14290,8,7424.0,4.700652294768277,3.536485358593364,207,7162.599999999999,8040.4
0.75,0.3,0.1,2,5,5,0.8,5.465093782149865,0.974664043013876,978,979,3965,2965,6930,4,3985.0,6.05650129297567,3.87937323141084,405,3651.3999999999996,4529.2
1.0,0.1,0.05,3,8,10,1.0,5.466367450621008,0.9746522322852094,687,688,5072,4334,9406,5,4945.5,4.541048571460504,3.4718231235719323,98,4529.2,5407.0
0.75,1.0,0.1,3,3,5,1.0,5.472280358111653,0.9745973658430412,199,200,1229,979,2208,1,1602.0,5.804113719417572,4.31465302959867,156,1018.0,1895.8
0.75,0.3,0.05,3,8,1,1.0,5.474077799092394,0.9745806754575244,374,375,2787,2362,5149,3,3154.0,5.783886118106104,3.663666929472131,169,2773.6,3651.3999999999996
0.75,0.3,0.03,3,8,1,1.0,5.476396134963533,0.9745591401367072,613,614,4675,4011,8686,5,4945.5,4.541048571460504,3.4718231235719323,98,4529.2,5407.0
1.0,0.0,0.03,3,8,10,1.0,5.480619377539034,0.9745198864566,998,999,7344,6344,13688,8,7424.0,4.700652294768277,3.536485358593364,207,7162.599999999999,8040.4
1.0,0.1,0.03,3,5,10,1.0,5.480761371018775,0.974518566147122,996,997,7357,6357,13714,8,7424.0,4.700652294768277,3.536485358593364,207,7162.599999999999,8040.4
1.0,0.1,0.03,3,8,5,1.0,5.482718127218625,0.9745003679987104,921,922,6893,5921,12814,7,6931.0,4.805455757325583,3.3898166653023294,117,6284.799999999999,7162.599999999999
0.75,0.1,0.05,3,8,20,1.0,5.489475157742118,0.9744374765780114,900,901,6334,5383,11717,7,6931.0,4.805455757325583,3.3898166653023294,117,6284.799999999999,7162.599999999999
1.0,0.3,0.1,3,5,20,1.0,5.491789324104879,0.9744159195441738,333,334,2436,2052,4488,2,2382.0,5.793392504361757,4.116880789176335,219,1895.8,2773.6
0.75,0.0,0.1,3,8,20,1.0,5.493289550365916,0.9744019397100574,438,439,3500,3011,6511,3,3154.0,5.783886118106104,3.663666929472131,169,2773.6,3651.3999999999996
0.75,0.1,0.03,3,3,10,1.0,5.49786531799911,0.974359276909154,999,1000,7067,6067,13134,7,6931.0,4.805455757325583,3.3898166653023294,117,6284.799999999999,7162.599999999999
0.75,1.0,0.1,3,5,5,1.0,5.50031570212572,0.974336415809902,154,155,1174,969,2143,1,1602.0,5.804113719417572,4.31465302959867,156,1018.0,1895.8
0.75,0.3,0.1,3,3,10,1.0,5.501240297858312,0.9743277870561832,303,304,1870,1516,3386,1,1602.0,5.804113719417572,4.31465302959867,156,1018.0,1895.8
1.0,0.1,0.1,2,3,10,1.0,5.5056251964929945,0.9742868454107536,532,533,2332,1749,4081,2,2382.0,5.793392504361757,4.116880789176335,219,1895.8,2773.6
1.0,0.0,0.1,2,3,10,1.0,5.5056251964929945,0.9742868454107536,532,533,2332,1749,4081,2,2382.0,5.793392504361757,4.116880789176335,219,1895.8,2773.6
1.0,0.3,0.1,2,3,10,1.0,5.5056251964929945,0.9742868454107536,532,533,2191,1608,3799,2,2382.0,5.793392504361757,4.116880789176335,219,1895.8,2773.6
1.0,0.1,0.1,2,3,1,1.0,5.508281524445191,0.9742620275032547,649,650,2724,2024,4748,2,2382.0,5.793392504361757,4.116880789176335,219,1895.8,2773.6
0.75,0.1,0.05,3,3,10,1.0,5.510315688447241,0.974243014341312,851,852,5402,4500,9902,5,4945.5,4.541048571460504,3.4718231235719323,98,4529.2,5407.0
1.0,0.3,0.1,3,3,20,1.0,5.511818285137542,0.9742289651868078,372,373,2793,2370,5163,3,3154.0,5.783886118106104,3.663666929472131,169,2773.6,3651.3999999999996
1.0,0.1,0.1,2,3,5,1.0,5.512074202882937,0.9742265719953432,638,639,2721,2032,4753,2,2382.0,5.793392504361757,4.116880789176335,219,1895.8,2773.6
1.0,0.0,0.1,2,3,5,1.0,5.512074202882937,0.9742265719953432,638,639,2748,2059,4807,2,2382.0,5.793392504361757,4.116880789176335,219,1895.8,2773.6
0.75,0.3,0.05,3,3,1,1.0,5.512317343014486,0.9742242981896376,438,439,2839,2350,5189,3,3154.0,5.783886118106104,3.663666929472131,169,2773.6,3651.3999999999996
1.0,0.0,0.03,3,5,10,1.0,5.517849305284521,0.9741725371061551,999,1000,7446,6446,13892,8,7424.0,4.700652294768277,3.536485358593364,207,7162.599999999999,8040.4
0.75,0.1,0.05,3,5,10,1.0,5.5184563290450015,0.9741668541869049,618,619,4596,3927,8523,5,4945.5,4.541048571460504,3.4718231235719323,98,4529.2,5407.0
1.0,0.3,0.1,3,8,5,1.0,5.518752697398362,0.9741640793774232,243,244,1859,1565,3424,1,1602.0,5.804113719417572,4.31465302959867,156,1018.0,1895.8
1.0,0.3,0.1,3,3,1,1.0,5.521771577762461,0.974135806001034,179,180,1398,1168,2566,1,1602.0,5.804113719417572,4.31465302959867,156,1018.0,1895.8
0.75,1.0,0.05,3,3,1,1.0,5.526712057691915,0.9740895024934162,282,283,2169,1836,4005,2,2382.0,5.793392504361757,4.116880789176335,219,1895.8,2773.6
1.0,0.1,0.1,3,8,1,1.0,5.5304937061031705,0.9740540318868136,221,222,1706,1434,3140,1,1602.0,5.804113719417572,4.31465302959867,156,1018.0,1895.8
1.0,0.3,0.05,2,3,5,1.0,5.533908231653992,0.9740219839270924,997,998,4000,3000,7000,4,3985.0,6.05650129297567,3.87937323141084,405,3651.3999999999996,4529.2
1.0,0.1,0.05,2,3,5,1.0,5.533908231653992,0.9740219839270924,997,998,4000,3000,7000,4,3985.0,6.05650129297567,3.87937323141084,405,3651.3999999999996,4529.2
1.0,0.0,0.05,2,3,5,1.0,5.533908231653992,0.9740219839270924,997,998,4000,3000,7000,4,3985.0,6.05650129297567,3.87937323141084,405,3651.3999999999996,4529.2
0.75,0.1,0.05,3,5,20,1.0,5.534494627122308,0.974016478162501,904,905,6586,5631,12217,7,6931.0,4.805455757325583,3.3898166653023294,117,6284.799999999999,7162.599999999999
1.0,0.1,0.1,2,8,10,1.0,5.536153422035324,0.9740009003018646,586,587,2548,1911,4459,2,2382.0,5.793392504361757,4.116880789176335,219,1895.8,2773.6
1.0,0.0,0.1,2,8,10,1.0,5.536153422035324,0.9740009003018646,586,587,2548,1911,4459,2,2382.0,5.793392504361757,4.116880789176335,219,1895.8,2773.6
0.75,0.3,0.1,2,3,10,0.8,5.540705912852923,0.9739581235510064,990,991,3966,2966,6932,4,3985.0,6.05650129297567,3.87937323141084,405,3651.3999999999996,4529.2
0.75,0.1,0.05,2,5,5,1.0,5.541132211053523,0.973954116107796,998,999,3976,2976,6952,4,3985.0,6.05650129297567,3.87937323141084,405,3651.3999999999996,4529.2
1.0,0.3,0.05,3,5,10,1.0,5.547848615210565,0.9738909374304752,584,585,4341,3706,8047,4,3985.0,6.05650129297567,3.87937323141084,405,3651.3999999999996,4529.2
1.0,0.1,0.03,3,8,10,1.0,5.5537439557158885,0.9738354191183544,981,982,7267,6267,13534,8,7424.0,4.700652294768277,3.536485358593364,207,7162.599999999999,8040.4
1.0,0.3,0.1,2,5,10,1.0,5.55565123460037,0.9738174450374606,537,538,2262,1674,3936,2,2382.0,5.793392504361757,4.116880789176335,219,1895.8,2773.6
1.0,0.0,0.1,2,5,10,1.0,5.55565123460037,0.9738174450374606,537,538,2352,1764,4116,2,2382.0,5.793392504361757,4.116880789176335,219,1895.8,2773.6
1.0,0.1,0.1,2,5,10,1.0,5.55565123460037,0.9738174450374606,537,538,2352,1764,4116,2,2382.0,5.793392504361757,4.116880789176335,219,1895.8,2773.6
0.75,0.0,0.05,2,5,5,1.0,5.556218750216719,0.9738120956132,998,999,3978,2978,6956,4,3985.0,6.05650129297567,3.87937323141084,405,3651.3999999999996,4529.2
0.75,0.1,0.05,3,8,10,1.0,5.556442558638989,0.973809985836076,649,650,4717,4017,8734,5,4945.5,4.541048571460504,3.4718231235719323,98,4529.2,5407.0
0.75,0.0,0.1,2,3,1,0.8,5.561758680776959,0.9737598473107912,546,547,2385,1788,4173,2,2382.0,5.793392504361757,4.116880789176335,219,1895.8,2773.6
0.75,0.1,0.1,2,3,1,0.8,5.561758680776959,0.9737598473107912,546,547,2385,1788,4173,2,2382.0,5.793392504361757,4.116880789176335,219,1895.8,2773.6
1.0,0.3,0.05,2,5,5,1.0,5.5643340315638525,0.9737355408827248,999,1000,4000,3000,7000,4,3985.0,6.05650129297567,3.87937323141084,405,3651.3999999999996,4529.2
1.0,0.1,0.05,2,5,5,1.0,5.5643340315638525,0.9737355408827248,999,1000,4000,3000,7000,4,3985.0,6.05650129297567,3.87937323141084,405,3651.3999999999996,4529.2
1.0,0.0,0.05,2,5,5,1.0,5.5643340315638525,0.9737355408827248,999,1000,4000,3000,7000,4,3985.0,6.05650129297567,3.87937323141084,405,3651.3999999999996,4529.2
1.0,0.0,0.1,2,8,1,1.0,5.565128501660768,0.9737280403204296,602,603,2612,1959,4571,2,2382.0,5.793392504361757,4.116880789176335,219,1895.8,2773.6
1.0,0.1,0.1,2,8,1,1.0,5.565128501660768,0.9737280403204296,602,603,2612,1959,4571,2,2382.0,5.793392504361757,4.116880789176335,219,1895.8,2773.6
1.0,0.0,0.1,2,5,5,1.0,5.565882816041092,0.9737209178757174,632,633,2732,2049,4781,2,2382.0,5.793392504361757,4.116880789176335,219,1895.8,2773.6
1.0,0.1,0.1,2,5,5,1.0,5.565882816041092,0.9737209178757174,632,633,2732,2049,4781,2,2382.0,5.793392504361757,4.116880789176335,219,1895.8,2773.6
0.75,0.1,0.05,3,8,5,1.0,5.566975939195176,0.9737105945918948,675,676,4493,3767,8260,4,3985.0,6.05650129297567,3.87937323141084,405,3651.3999999999996,4529.2
0.75,0.3,0.03,3,5,1,1.0,5.567388228777388,0.9737067004671662,586,587,4518,3881,8399,4,3985.0,6.05650129297567,3.87937323141084,405,3651.3999999999996,4529.2
1.0,0.3,0.1,2,8,10,1.0,5.568796579516912,0.9736933962498282,547,548,2248,1650,3898,2,2382.0,5.793392504361757,4.116880789176335,219,1895.8,2773.6
0.75,1.0,0.1,2,5,5,0.8,5.570545431643692,0.973676870746233,761,762,3214,2402,5616,3,3154.0,5.783886118106104,3.663666929472131,169,2773.6,3651.3999999999996
1.0,0.3,0.1,3,5,1,1.0,5.571119559874083,0.9736714444803116,178,179,1429,1200,2629,1,1602.0,5.804113719417572,4.31465302959867,156,1018.0,1895.8
0.75,1.0,0.1,3,8,5,1.0,5.57435575744637,0.9736408477021754,145,146,1116,920,2036,1,1602.0,5.804113719417572,4.31465302959867,156,1018.0,1895.8
0.75,0.1,0.1,2,3,5,0.8,5.578629670152807,0.973600412570892,830,831,3504,2623,6127,3,3154.0,5.783886118106104,3.663666929472131,169,2773.6,3651.3999999999996
1.0,0.1,0.03,3,5,5,1.0,5.579698118789206,0.973590299225502,958,959,7531,6531,14062,8,7424.0,4.700652294768277,3.536485358593364,207,7162.599999999999,8040.4
0.75,0.1,0.1,3,3,20,1.0,5.5800209781035175,0.9735872428362888,465,466,3064,2548,5612,3,3154.0,5.783886118106104,3.663666929472131,169,2773.6,3651.3999999999996
0.75,0.3,0.1,3,5,10,1.0,5.580531619974012,0.9735824084183136,219,220,1663,1393,3056,1,1602.0,5.804113719417572,4.31465302959867,156,1018.0,1895.8
0.75,1.0,0.05,3,8,1,1.0,5.581460708252679,0.9735736112930512,348,349,2136,1737,3873,2,2382.0,5.793392504361757,4.116880789176335,219,1895.8,2773.6
0.75,1.0,0.1,2,8,5,0.8,5.584546436835818,0.973544383387182,830,831,3480,2599,6079,3,3154.0,5.783886118106104,3.663666929472131,169,2773.6,3651.3999999999996
0.75,0.0,0.1,2,8,1,1.0,5.589110215428391,0.9735011258326306,994,995,3989,2989,6978,4,3985.0,6.05650129297567,3.87937323141084,405,3651.3999999999996,4529.2
0.75,0.0,0.1,2,3,1,1.0,5.59159269326395,0.973477580948232,702,703,2974,2221,5195,3,3154.0,5.783886118106104,3.663666929472131,169,2773.6,3651.3999999999996
1.0,0.1,0.03,3,3,1,1.0,5.5996489247996255,0.9734011001720664,999,1000,7269,6269,13538,8,7424.0,4.700652294768277,3.536485358593364,207,7162.599999999999,8040.4
1.0,0.3,0.05,3,8,10,1.0,5.600071535326772,0.9733970851349054,542,543,3996,3403,7399,4,3985.0,6.05650129297567,3.87937323141084,405,3651.3999999999996,4529.2
1.0,0.3,0.1,2,3,5,1.0,5.600170844095386,0.9733961416019076,473,474,1958,1434,3392,2,2382.0,5.793392504361757,4.116880789176335,219,1895.8,2773.6
1.0,0.3,0.03,3,5,10,1.0,5.600748344674762,0.973390654435092,963,964,7038,6038,13076,7,6931.0,4.805455757325583,3.3898166653023294,117,6284.799999999999,7162.599999999999
0.75,0.0,0.1,2,3,5,0.8,5.610124589883528,0.9733014861402028,761,762,3233,2421,5654,3,3154.0,5.783886118106104,3.663666929472131,169,2773.6,3651.3999999999996
1.0,0.3,0.03,3,3,5,1.0,5.614384209721544,0.973260927791861,897,898,5750,4802,10552,6,5847.0,4.525032584484768,3.6442172777135577,111,5407.0,6284.799999999999
0.75,0.3,0.03,3,8,5,1.0,5.616025720870372,0.9732452897806192,714,715,5266,4501,9767,5,4945.5,4.541048571460504,3.4718231235719323,98,4529.2,5407.0
1.0,0.1,0.03,3,8,1,1.0,5.618970750284016,0.973217222221104,757,758,5810,5002,10812,6,5847.0,4.525032584484768,3.6442172777135577,111,5407.0,6284.799999999999
0.75,0.0,0.03,3,3,10,1.0,5.6206073013489775,0.9732016187348106,999,1000,7061,6061,13122,7,6931.0,4.805455757325583,3.3898166653023294,117,6284.799999999999,7162.599999999999
0.75,0.1,0.05,2,8,5,1.0,5.620878526785737,0.9731990323317252,999,1000,3978,2978,6956,4,3985.0,6.05650129297567,3.87937323141084,405,3651.3999999999996,4529.2
1.0,0.1,0.1,2,3,20,1.0,5.622975373310071,0.9731790326118356,708,709,3034,2275,5309,3,3154.0,5.783886118106104,3.663666929472131,169,2773.6,3651.3999999999996
1.0,0.0,0.1,2,3,20,1.0,5.622975373310071,0.9731790326118356,708,709,3034,2275,5309,3,3154.0,5.783886118106104,3.663666929472131,169,2773.6,3651.3999999999996
0.75,0.3,0.1,2,8,5,0.8,5.623656709870107,0.9731725324187592,761,762,3222,2410,5632,3,3154.0,5.783886118106104,3.663666929472131,169,2773.6,3651.3999999999996
0.75,0.3,0.05,3,3,5,1.0,5.623763274866446,0.9731715156795736,458,459,3386,2877,6263,3,3154.0,5.783886118106104,3.663666929472131,169,2773.6,3651.3999999999996
1.0,0.3,0.1,2,8,1,1.0,5.623953109893308,0.9731697044112996,488,489,2012,1473,3485,2,2382.0,5.793392504361757,4.116880789176335,219,1895.8,2773.6
0.75,0.0,0.1,2,5,10,0.8,5.625223361550057,0.9731575830171032,828,829,3486,2607,6093,3,3154.0,5.783886118106104,3.663666929472131,169,2773.6,3651.3999999999996
1.0,0.3,0.1,2,5,5,1.0,5.625896830078664,0.9731511553238168,484,485,2014,1479,3493,2,2382.0,5.793392504361757,4.116880789176335,219,1895.8,2773.6
1.0,0.3,0.03,3,8,10,1.0,5.6275159345734735,0.9731356991781436,934,935,6740,5755,12495,7,6931.0,4.805455757325583,3.3898166653023294,117,6284.799999999999,7162.599999999999
1.0,0.0,0.1,2,8,5,1.0,5.627701320663935,0.9731339291788076,715,716,3064,2298,5362,3,3154.0,5.783886118106104,3.663666929472131,169,2773.6,3651.3999999999996
1.0,0.1,0.1,2,8,5,1.0,5.628171673038995,0.9731294381628252,671,672,2831,2109,4940,3,3154.0,5.783886118106104,3.663666929472131,169,2773.6,3651.3999999999996
0.75,0.0,0.05,2,8,5,1.0,5.632187960769534,0.9730910745804228,999,1000,3977,2977,6954,4,3985.0,6.05650129297567,3.87937323141084,405,3651.3999999999996,4529.2
1.0,0.1,0.05,3,8,5,1.0,5.6331099139861385,0.9730822642207412,548,549,4113,3514,7627,4,3985.0,6.05650129297567,3.87937323141084,405,3651.3999999999996,4529.2
1.0,0.3,0.1,2,3,1,1.0,5.637396009650675,0.9730412865426028,471,472,1950,1428,3378,2,2382.0,5.793392504361757,4.116880789176335,219,1895.8,2773.6
0.75,0.0,0.05,2,5,1,1.0,5.640673803982857,0.9730099278062552,996,997,3997,2997,6994,4,3985.0,6.05650129297567,3.87937323141084,405,3651.3999999999996,4529.2
1.0,0.0,0.03,3,3,1,1.0,5.640786768465289,0.9730088467474411,999,1000,7283,6283,13566,8,7424.0,4.700652294768277,3.536485358593364,207,7162.599999999999,8040.4
0.75,0.3,0.03,3,3,1,1.0,5.6437617458702345,0.9729803687179938,685,686,4628,3892,8520,5,4945.5,4.541048571460504,3.4718231235719323,98,4529.2,5407.0
0.75,1.0,0.1,2,3,1,0.8,5.643883202194133,0.9729792057559312,439,440,1952,1462,3414,2,2382.0,5.793392504361757,4.116880789176335,219,1895.8,2773.6
0.75,0.3,0.1,2,3,1,0.8,5.6440192971364365,0.9729779025972228,439,440,1955,1465,3420,2,2382.0,5.793392504361757,4.116880789176335,219,1895.8,2773.6
1.0,0.1,0.05,2,8,5,1.0,5.645142662777439,0.9729671447613202,980,981,4000,3000,7000,4,3985.0,6.05650129297567,3.87937323141084,405,3651.3999999999996,4529.2
1.0,0.3,0.05,2,8,5,1.0,5.645142662777439,0.9729671447613202,980,981,4000,3000,7000,4,3985.0,6.05650129297567,3.87937323141084,405,3651.3999999999996,4529.2
1.0,0.0,0.05,2,8,5,1.0,5.645142662777439,0.9729671447613202,980,981,4000,3000,7000,4,3985.0,6.05650129297567,3.87937323141084,405,3651.3999999999996,4529.2
1.0,0.3,0.05,3,3,5,1.0,5.647663112828039,0.9729430000493386,495,496,3418,2872,6290,3,3154.0,5.783886118106104,3.663666929472131,169,2773.6,3651.3999999999996
0.75,0.3,0.03,3,5,10,1.0,5.648115379853572,0.972938666405984,928,929,5947,4968,10915,6,5847.0,4.525032584484768,3.6442172777135577,111,5407.0,6284.799999999999
0.75,1.0,0.1,2,5,1,0.8,5.65395596392684,0.9728826704840436,424,425,1892,1417,3309,1,1602.0,5.804113719417572,4.31465302959867,156,1018.0,1895.8
0.75,0.1,0.1,2,5,1,0.8,5.653961971467346,0.9728826128576512,424,425,1897,1422,3319,2,2382.0,5.793392504361757,4.116880789176335,219,1895.8,2773.6
0.75,0.3,0.1,2,5,1,0.8,5.653961971467346,0.9728826128576512,424,425,1897,1422,3319,2,2382.0,5.793392504361757,4.116880789176335,219,1895.8,2773.6
0.75,0.0,0.1,2,5,1,0.8,5.653961971467346,0.9728826128576512,424,425,1897,1422,3319,2,2382.0,5.793392504361757,4.116880789176335,219,1895.8,2773.6
1.0,0.1,0.05,3,5,5,1.0,5.6540923894983015,0.9728813618280044,539,540,4139,3549,7688,4,3985.0,6.05650129297567,3.87937323141084,405,3651.3999999999996,4529.2
1.0,1.0,0.1,2,3,10,1.0,5.660689529603114,0.97281804138125,389,390,1610,1170,2780,1,1602.0,5.804113719417572,4.31465302959867,156,1018.0,1895.8
1.0,0.1,0.05,2,3,10,1.0,5.663883779967053,0.9727873559044654,995,996,4000,3000,7000,4,3985.0,6.05650129297567,3.87937323141084,405,3651.3999999999996,4529.2
1.0,0.3,0.05,2,3,10,1.0,5.663883779967053,0.9727873559044654,995,996,4000,3000,7000,4,3985.0,6.05650129297567,3.87937323141084,405,3651.3999999999996,4529.2
1.0,0.0,0.05,2,3,10,1.0,5.663883779967053,0.9727873559044654,995,996,4000,3000,7000,4,3985.0,6.05650129297567,3.87937323141084,405,3651.3999999999996,4529.2
0.75,0.1,0.1,2,3,1,1.0,5.66691302195527,0.972758239583754,616,617,2532,1865,4397,2,2382.0,5.793392504361757,4.116880789176335,219,1895.8,2773.6
0.75,0.3,0.05,3,8,5,1.0,5.670682128208656,0.9727219901354952,423,424,3178,2704,5882,3,3154.0,5.783886118106104,3.663666929472131,169,2773.6,3651.3999999999996
0.75,1.0,0.1,3,3,10,1.0,5.677288810513438,0.9726583920981317,186,187,1332,1095,2427,1,1602.0,5.804113719417572,4.31465302959867,156,1018.0,1895.8
1.0,1.0,0.1,3,3,10,1.0,5.680186222930871,0.9726304773198317,252,253,1505,1202,2707,1,1602.0,5.804113719417572,4.31465302959867,156,1018.0,1895.8
1.0,0.3,0.05,3,3,1,1.0,5.682220312754238,0.972610871612016,348,349,2726,2327,5053,2,2382.0,5.793392504361757,4.116880789176335,219,1895.8,2773.6
1.0,1.0,0.1,3,3,20,1.0,5.682821770401424,0.9726050730784644,332,333,2005,1622,3627,2,2382.0,5.793392504361757,4.116880789176335,219,1895.8,2773.6
1.0,0.3,0.1,3,3,5,1.0,5.686670889831297,0.972567949951786,242,243,1839,1546,3385,1,1602.0,5.804113719417572,4.31465302959867,156,1018.0,1895.8
0.75,0.0,0.1,2,3,10,1.0,5.689035642173782,0.9725451304520544,945,946,3868,2872,6740,4,3985.0,6.05650129297567,3.87937323141084,405,3651.3999999999996,4529.2
1.0,0.3,0.05,2,5,10,1.0,5.690346429360565,0.9725324774685448,989,990,4000,3000,7000,4,3985.0,6.05650129297567,3.87937323141084,405,3651.3999999999996,4529.2
1.0,0.1,0.05,2,5,10,1.0,5.690346429360565,0.9725324774685448,989,990,4000,3000,7000,4,3985.0,6.05650129297567,3.87937323141084,405,3651.3999999999996,4529.2
1.0,0.0,0.05,2,5,10,1.0,5.690346429360565,0.9725324774685448,989,990,4000,3000,7000,4,3985.0,6.05650129297567,3.87937323141084,405,3651.3999999999996,4529.2
0.75,1.0,0.05,3,5,1,1.0,5.690382365711249,0.972532130535137,334,335,2110,1725,3835,2,2382.0,5.793392504361757,4.116880789176335,219,1895.8,2773.6
0.75,0.0,0.1,2,3,10,0.8,5.695527805213909,0.9724824332912044,824,825,3477,2602,6079,3,3154.0,5.783886118106104,3.663666929472131,169,2773.6,3651.3999999999996
0.75,0.1,0.1,2,5,10,0.8,5.697589096312725,0.9724625117030924,718,719,3045,2276,5321,3,3154.0,5.783886118106104,3.663666929472131,169,2773.6,3651.3999999999996
0.75,0.1,0.05,2,3,1,1.0,5.69910965549358,0.9724478114615196,984,985,3833,2833,6666,4,3985.0,6.05650129297567,3.87937323141084,405,3651.3999999999996,4529.2
0.75,0.1,0.1,2,8,5,0.8,5.6992892183664505,0.9724460752506496,621,622,2670,1998,4668,2,2382.0,5.793392504361757,4.116880789176335,219,1895.8,2773.6
0.75,0.0,0.1,2,8,5,0.8,5.6992892183664505,0.9724460752506496,621,622,2670,1998,4668,2,2382.0,5.793392504361757,4.116880789176335,219,1895.8,2773.6
0.75,0.1,0.05,2,5,1,0.8,5.70098222746572,0.9724297026918174,998,999,3991,2991,6982,4,3985.0,6.05650129297567,3.87937323141084,405,3651.3999999999996,4529.2
0.75,0.0,0.05,2,5,1,0.8,5.70098222746572,0.9724297026918174,998,999,3991,2991,6982,4,3985.0,6.05650129297567,3.87937323141084,405,3651.3999999999996,4529.2
1.0,0.3,0.1,3,5,5,1.0,5.702888537504065,0.9724112615462086,242,243,1842,1549,3391,1,1602.0,5.804113719417572,4.31465302959867,156,1018.0,1895.8
1.0,0.3,0.1,2,8,5,1.0,5.7042033540265065,0.9723985387617938,495,496,2034,1488,3522,2,2382.0,5.793392504361757,4.116880789176335,219,1895.8,2773.6
0.75,0.1,0.1,2,3,10,0.8,5.704698814611446,0.9723937436907916,720,721,3059,2288,5347,3,3154.0,5.783886118106104,3.663666929472131,169,2773.6,3651.3999999999996
1.0,0.0,0.1,2,5,20,1.0,5.709767732711371,0.9723446627397944,656,657,2826,2119,4945,3,3154.0,5.783886118106104,3.663666929472131,169,2773.6,3651.3999999999996
1.0,0.1,0.1,2,5,20,1.0,5.709767732711371,0.9723446627397944,656,657,2826,2119,4945,3,3154.0,5.783886118106104,3.663666929472131,169,2773.6,3651.3999999999996
0.75,0.0,0.1,2,8,1,0.8,5.71322581613101,0.9723111540480524,416,417,1862,1395,3257,1,1602.0,5.804113719417572,4.31465302959867,156,1018.0,1895.8
0.75,1.0,0.1,2,3,5,0.8,5.71339635395836,0.972309501018308,589,590,2537,1897,4434,2,2382.0,5.793392504361757,4.116880789176335,219,1895.8,2773.6
0.75,0.3,0.05,2,5,1,0.8,5.722214736322649,0.972223956855924,996,997,3988,2988,6976,4,3985.0,6.05650129297567,3.87937323141084,405,3651.3999999999996,4529.2
0.75,1.0,0.05,2,5,1,0.8,5.726610014115982,0.9721812704773586,998,999,3978,2978,6956,4,3985.0,6.05650129297567,3.87937323141084,405,3651.3999999999996,4529.2
0.75,1.0,0.05,2,3,1,0.8,5.734935719643757,0.9721003224419318,988,989,3981,2981,6962,4,3985.0,6.05650129297567,3.87937323141084,405,3651.3999999999996,4529.2
1.0,0.0,0.1,2,5,10,0.8,5.735624037484717,0.972093624895804,944,945,3975,2980,6955,4,3985.0,6.05650129297567,3.87937323141084,405,3651.3999999999996,4529.2
0.75,0.1,0.1,2,5,1,1.0,5.737983050314274,0.9720706648710774,677,678,2752,2024,4776,2,2382.0,5.793392504361757,4.116880789176335,219,1895.8,2773.6
1.0,0.3,0.1,2,3,20,1.0,5.738833601145561,0.9720623842332128,642,643,2620,1927,4547,2,2382.0,5.793392504361757,4.116880789176335,219,1895.8,2773.6
0.75,0.3,0.1,2,5,10,0.8,5.738916907554577,0.9720615731278556,621,622,2658,1986,4644,2,2382.0,5.793392504361757,4.116880789176335,219,1895.8,2773.6
0.75,0.0,0.05,2,3,1,0.8,5.741353698368408,0.9720378423240352,988,989,3992,2992,6984,4,3985.0,6.05650129297567,3.87937323141084,405,3651.3999999999996,4529.2
0.75,0.1,0.05,2,3,1,0.8,5.741360075879443,0.9720377802031218,988,989,3991,2991,6982,4,3985.0,6.05650129297567,3.87937323141084,405,3651.3999999999996,4529.2
0.75,0.3,0.05,2,3,1,0.8,5.742442242398512,0.9720272382306844,988,989,3990,2990,6980,4,3985.0,6.05650129297567,3.87937323141084,405,3651.3999999999996,4529.2
1.0,1.0,0.1,2,5,10,1.0,5.742737537742771,0.9720243612531364,387,388,1605,1167,2772,1,1602.0,5.804113719417572,4.31465302959867,156,1018.0,1895.8
0.75,0.0,0.05,2,3,1,1.0,5.744241086113149,0.9720097103197975,994,995,3865,2865,6730,4,3985.0,6.05650129297567,3.87937323141084,405,3651.3999999999996,4529.2
0.75,0.3,0.1,3,3,20,1.0,5.745411028567713,0.9719983074686458,320,321,2052,1681,3733,2,2382.0,5.793392504361757,4.116880789176335,219,1895.8,2773.6
1.0,0.3,0.1,2,5,20,1.0,5.746185080702795,0.9719907618884072,631,632,2618,1936,4554,2,2382.0,5.793392504361757,4.116880789176335,219,1895.8,2773.6
1.0,0.0,0.05,2,3,1,1.0,5.748404950217347,0.9719691166183592,995,996,4000,3000,7000,4,3985.0,6.05650129297567,3.87937323141084,405,3651.3999999999996,4529.2
1.0,0.1,0.05,2,3,1,1.0,5.748404950217347,0.9719691166183592,995,996,4000,3000,7000,4,3985.0,6.05650129297567,3.87937323141084,405,3651.3999999999996,4529.2
0.75,0.1,0.05,3,5,1,1.0,5.751684859034603,0.9719371199266056,183,184,1794,1560,3354,1,1602.0,5.804113719417572,4.31465302959867,156,1018.0,1895.8
1.0,0.1,0.1,2,3,1,0.8,5.752698667740104,0.9719272261649716,459,460,2040,1530,3570,2,2382.0,5.793392504361757,4.116880789176335,219,1895.8,2773.6
1.0,0.0,0.1,2,3,1,0.8,5.752698667740104,0.9719272261649716,459,460,2040,1530,3570,2,2382.0,5.793392504361757,4.116880789176335,219,1895.8,2773.6
1.0,0.3,0.1,2,3,1,0.8,5.752698667740104,0.9719272261649716,459,460,2040,1530,3570,2,2382.0,5.793392504361757,4.116880789176335,219,1895.8,2773.6
1.0,1.0,0.1,2,3,1,0.8,5.752698667740104,0.9719272261649716,459,460,2040,1530,3570,2,2382.0,5.793392504361757,4.116880789176335,219,1895.8,2773.6
1.0,0.3,0.05,2,3,1,1.0,5.753010719009494,0.9719241805049048,984,985,3964,2964,6928,4,3985.0,6.05650129297567,3.87937323141084,405,3651.3999999999996,4529.2
0.75,0.3,0.05,3,3,10,1.0,5.753734770218888,0.9719171130366608,573,574,3688,3064,6752,4,3985.0,6.05650129297567,3.87937323141084,405,3651.3999999999996,4529.2
0.75,1.0,0.03,3,5,1,1.0,5.758985755433572,0.9718658315233364,566,567,3579,2962,6541,3,3154.0,5.783886118106104,3.663666929472131,169,2773.6,3651.3999999999996
0.75,0.3,0.1,2,8,1,0.8,5.759046423266061,0.9718652387634014,416,417,1862,1395,3257,1,1602.0,5.804113719417572,4.31465302959867,156,1018.0,1895.8
0.75,0.1,0.1,2,8,1,0.8,5.759046423266061,0.9718652387634014,416,417,1862,1395,3257,1,1602.0,5.804113719417572,4.31465302959867,156,1018.0,1895.8
0.75,1.0,0.1,2,8,1,0.8,5.759728841129325,0.9718585707146424,416,417,1860,1393,3253,1,1602.0,5.804113719417572,4.31465302959867,156,1018.0,1895.8
1.0,1.0,0.05,2,3,5,1.0,5.759734017560277,0.9718585201316252,732,733,2985,2202,5187,3,3154.0,5.783886118106104,3.663666929472131,169,2773.6,3651.3999999999996
1.0,0.0,0.1,2,5,1,0.8,5.762729987645312,0.9718292365018278,355,356,1624,1218,2842,1,1602.0,5.804113719417572,4.31465302959867,156,1018.0,1895.8
1.0,1.0,0.1,2,5,1,0.8,5.762729987645312,0.9718292365018278,355,356,1624,1218,2842,1,1602.0,5.804113719417572,4.31465302959867,156,1018.0,1895.8
1.0,0.3,0.1,2,5,1,0.8,5.762729987645312,0.9718292365018278,355,356,1624,1218,2842,1,1602.0,5.804113719417572,4.31465302959867,156,1018.0,1895.8
1.0,0.1,0.1,2,5,1,0.8,5.762729987645312,0.9718292365018278,355,356,1624,1218,2842,1,1602.0,5.804113719417572,4.31465302959867,156,1018.0,1895.8
1.0,1.0,0.1,2,8,10,1.0,5.762895423462754,0.9718276190322628,377,378,1562,1134,2696,1,1602.0,5.804113719417572,4.31465302959867,156,1018.0,1895.8
0.75,1.0,0.1,2,3,10,0.8,5.763947960012184,0.9718173272721872,621,622,2653,1981,4634,2,2382.0,5.793392504361757,4.116880789176335,219,1895.8,2773.6
1.0,1.0,0.05,3,3,1,1.0,5.764681693000207,0.9718101516790096,341,342,2129,1737,3866,2,2382.0,5.793392504361757,4.116880789176335,219,1895.8,2773.6
0.75,0.3,0.03,3,8,10,1.0,5.768156836126847,0.9717761538658538,769,770,5547,4727,10274,6,5847.0,4.525032584484768,3.6442172777135577,111,5407.0,6284.799999999999
0.75,0.3,0.05,3,5,20,1.0,5.772855265962643,0.971730155890384,744,745,4504,3709,8213,4,3985.0,6.05650129297567,3.87937323141084,405,3651.3999999999996,4529.2
0.75,0.1,0.05,2,8,1,0.8,5.775143848948711,0.9717077369293544,998,999,3980,2980,6960,4,3985.0,6.05650129297567,3.87937323141084,405,3651.3999999999996,4529.2
0.75,1.0,0.03,3,3,5,1.0,5.776525812650327,0.9716941949086848,567,568,3938,3320,7258,4,3985.0,6.05650129297567,3.87937323141084,405,3651.3999999999996,4529.2
1.0,0.0,0.05,2,8,1,1.0,5.776691087377783,0.9716925751457688,994,995,4000,3000,7000,4,3985.0,6.05650129297567,3.87937323141084,405,3651.3999999999996,4529.2
1.0,0.1,0.05,2,8,1,1.0,5.776691087377783,0.9716925751457688,994,995,4000,3000,7000,4,3985.0,6.05650129297567,3.87937323141084,405,3651.3999999999996,4529.2
1.0,0.0,0.05,2,8,10,1.0,5.781205687529396,0.9716483122137716,994,995,4000,3000,7000,4,3985.0,6.05650129297567,3.87937323141084,405,3651.3999999999996,4529.2
1.0,0.3,0.05,2,8,10,1.0,5.781205687529396,0.9716483122137716,994,995,4000,3000,7000,4,3985.0,6.05650129297567,3.87937323141084,405,3651.3999999999996,4529.2
1.0,0.1,0.05,2,8,10,1.0,5.781205687529396,0.9716483122137716,994,995,4000,3000,7000,4,3985.0,6.05650129297567,3.87937323141084,405,3651.3999999999996,4529.2
1.0,0.3,0.05,2,8,1,1.0,5.781235091077827,0.9716480238163716,977,978,3940,2940,6880,4,3985.0,6.05650129297567,3.87937323141084,405,3651.3999999999996,4529.2
1.0,0.3,0.03,3,5,1,1.0,5.781951705552843,0.9716409946278208,558,559,4325,3716,8041,4,3985.0,6.05650129297567,3.87937323141084,405,3651.3999999999996,4529.2
0.75,0.3,0.1,3,8,10,1.0,5.782049238207449,0.971640037873927,218,219,1646,1377,3023,1,1602.0,5.804113719417572,4.31465302959867,156,1018.0,1895.8
0.75,0.1,0.03,3,5,20,1.0,5.783278159227115,0.9716279812981736,998,999,6961,5961,12922,7,6931.0,4.805455757325583,3.3898166653023294,117,6284.799999999999,7162.599999999999
1.0,0.1,0.1,2,8,20,1.0,5.783858364933356,0.971622288183491,655,656,2817,2111,4928,3,3154.0,5.783886118106104,3.663666929472131,169,2773.6,3651.3999999999996
1.0,0.3,0.1,2,8,20,1.0,5.783858364933356,0.971622288183491,655,656,2796,2090,4886,3,3154.0,5.783886118106104,3.663666929472131,169,2773.6,3651.3999999999996
1.0,0.0,0.1,2,8,20,1.0,5.783886118106104,0.9716220158485276,655,656,2817,2111,4928,3,3154.0,5.783886118106104,3.663666929472131,169,2773.6,3651.3999999999996
1.0,0.0,0.05,2,5,1,1.0,5.784336553938287,0.9716175956513176,998,999,4000,3000,7000,4,3985.0,6.05650129297567,3.87937323141084,405,3651.3999999999996,4529.2
1.0,0.1,0.05,2,5,1,1.0,5.784336553938287,0.9716175956513176,998,999,4000,3000,7000,4,3985.0,6.05650129297567,3.87937323141084,405,3651.3999999999996,4529.2
0.75,0.3,0.1,3,8,20,1.0,5.786328911117264,0.971598040210443,275,276,1992,1666,3658,2,2382.0,5.793392504361757,4.116880789176335,219,1895.8,2773.6
0.75,1.0,0.05,3,8,5,1.0,5.78639478872703,0.9715973934916328,304,305,2321,1966,4287,2,2382.0,5.793392504361757,4.116880789176335,219,1895.8,2773.6
1.0,1.0,0.05,3,5,20,1.0,5.786662103065153,0.9715947691980578,492,493,3353,2810,6163,3,3154.0,5.783886118106104,3.663666929472131,169,2773.6,3651.3999999999996
0.75,0.0,0.1,2,8,10,0.8,5.787143862718864,0.9715900393335688,621,622,2652,1980,4632,2,2382.0,5.793392504361757,4.116880789176335,219,1895.8,2773.6
0.75,0.1,0.1,2,8,10,0.8,5.787143862718864,0.9715900393335688,621,622,2652,1980,4632,2,2382.0,5.793392504361757,4.116880789176335,219,1895.8,2773.6
0.75,0.3,0.05,3,8,10,1.0,5.7893996459697625,0.9715678870576968,554,555,3480,2875,6355,3,3154.0,5.783886118106104,3.663666929472131,169,2773.6,3651.3999999999996
1.0,0.3,0.05,2,5,1,1.0,5.789872118904403,0.9715632461785688,987,988,3967,2967,6934,4,3985.0,6.05650129297567,3.87937323141084,405,3651.3999999999996,4529.2
0.75,1.0,0.1,2,8,10,0.8,5.789996146630852,0.971562027849864,621,622,2639,1967,4606,2,2382.0,5.793392504361757,4.116880789176335,219,1895.8,2773.6
0.75,0.1,0.1,2,8,1,1.0,5.790895858043819,0.9715531891717828,632,633,2518,1835,4353,2,2382.0,5.793392504361757,4.116880789176335,219,1895.8,2773.6
1.0,1.0,0.05,2,5,5,1.0,5.791041134564262,0.971551761860488,735,736,2994,2208,5202,3,3154.0,5.783886118106104,3.663666929472131,169,2773.6,3651.3999999999996
1.0,0.3,0.1,2,5,1,1.0,5.791318139018314,0.9715490402506904,373,374,1696,1272,2968,1,1602.0,5.804113719417572,4.31465302959867,156,1018.0,1895.8
1.0,0.1,0.1,2,5,1,1.0,5.791318139018314,0.9715490402506904,373,374,1696,1272,2968,1,1602.0,5.804113719417572,4.31465302959867,156,1018.0,1895.8
1.0,0.0,0.1,2,5,1,1.0,5.791318139018314,0.9715490402506904,373,374,1696,1272,2968,1,1602.0,5.804113719417572,4.31465302959867,156,1018.0,1895.8
0.75,1.0,0.1,2,5,10,0.8,5.793392504361757,0.97152865516629,546,547,2352,1755,4107,2,2382.0,5.793392504361757,4.116880789176335,219,1895.8,2773.6
1.0,1.0,0.1,2,3,1,1.0,5.793870460786346,0.9715239571854424,350,351,1457,1056,2513,1,1602.0,5.804113719417572,4.31465302959867,156,1018.0,1895.8
1.0,0.3,0.05,3,5,5,1.0,5.795985101609296,0.9715031670790996,439,440,3362,2872,6234,3,3154.0,5.783886118106104,3.663666929472131,169,2773.6,3651.3999999999996
0.75,1.0,0.1,3,5,10,1.0,5.797134120381873,0.9714918673117604,193,194,1283,1039,2322,1,1602.0,5.804113719417572,4.31465302959867,156,1018.0,1895.8
0.75,0.3,0.1,2,8,10,0.8,5.798910521281378,0.9714743932873448,621,622,2650,1978,4628,2,2382.0,5.793392504361757,4.116880789176335,219,1895.8,2773.6
1.0,1.0,0.1,2,3,5,1.0,5.803165782306774,0.971432513545282,344,345,1433,1038,2471,1,1602.0,5.804113719417572,4.31465302959867,156,1018.0,1895.8
0.75,0.0,0.1,2,5,1,1.0,5.803256137543488,0.971431623947365,554,555,2409,1804,4213,2,2382.0,5.793392504361757,4.116880789176335,219,1895.8,2773.6
0.75,0.3,0.05,2,8,1,0.8,5.803349663291393,0.9714307031194008,996,997,3979,2979,6958,4,3985.0,6.05650129297567,3.87937323141084,405,3651.3999999999996,4529.2
1.0,1.0,0.1,2,5,1,1.0,5.80506165652837,0.9714138446979048,353,354,1469,1065,2534,1,1602.0,5.804113719417572,4.31465302959867,156,1018.0,1895.8
0.75,0.1,0.05,2,5,1,1.0,5.808146569042269,0.9713834542472328,828,829,3366,2487,5853,3,3154.0,5.783886118106104,3.663666929472131,169,2773.6,3651.3999999999996
0.75,0.3,0.05,3,5,10,1.0,5.809037419049765,0.9713746751970662,556,557,3564,2957,6521,3,3154.0,5.783886118106104,3.663666929472131,169,2773.6,3651.3999999999996
1.0,1.0,0.05,2,3,10,1.0,5.811360605504994,0.9713517745820414,774,775,3150,2325,5475,3,3154.0,5.783886118106104,3.663666929472131,169,2773.6,3651.3999999999996
0.75,1.0,0.05,2,8,1,0.8,5.81166811923863,0.9713487426050412,998,999,3968,2968,6936,4,3985.0,6.05650129297567,3.87937323141084,405,3651.3999999999996,4529.2
0.75,1.0,0.03,3,8,1,1.0,5.813780407930529,0.9713279118473632,556,557,3533,2926,6459,3,3154.0,5.783886118106104,3.663666929472131,169,2773.6,3651.3999999999996
1.0,1.0,0.1,3,3,1,1.0,5.815317800875471,0.9713127457794244,166,167,1059,842,1901,1,1602.0,5.804113719417572,4.31465302959867,156,1018.0,1895.8
1.0,0.3,0.03,3,5,5,1.0,5.816687233290612,0.9712992332310952,721,722,5449,4677,10126,6,5847.0,4.525032584484768,3.6442172777135577,111,5407.0,6284.799999999999
0.75,0.3,0.03,3,8,20,1.0,5.821815221412905,0.9712486057653748,931,932,6637,5655,12292,7,6931.0,4.805455757325583,3.3898166653023294,117,6284.799999999999,7162.599999999999
0.75,0.0,0.05,2,8,1,0.8,5.822770653193066,0.9712391680732414,996,997,3982,2982,6964,4,3985.0,6.05650129297567,3.87937323141084,405,3651.3999999999996,4529.2
0.75,0.3,0.1,3,5,20,1.0,5.823877814904859,0.9712282296656812,283,284,2027,1693,3720,2,2382.0,5.793392504361757,4.116880789176335,219,1895.8,2773.6
0.75,0.1,0.05,2,8,1,1.0,5.825153298103808,0.9712156257171016,827,828,3367,2489,5856,3,3154.0,5.783886118106104,3.663666929472131,169,2773.6,3651.3999999999996
1.0,1.0,0.1,2,8,1,1.0,5.827550002711746,0.9711919347235404,341,342,1418,1026,2444,1,1602.0,5.804113719417572,4.31465302959867,156,1018.0,1895.8
0.75,0.3,0.1,2,3,1,1.0,5.834869291216788,0.9711195245492764,500,501,1882,1331,3213,1,1602.0,5.804113719417572,4.31465302959867,156,1018.0,1895.8
1.0,1.0,0.05,2,5,10,1.0,5.835771085935752,0.9711105967493384,763,764,3115,2301,5416,3,3154.0,5.783886118106104,3.663666929472131,169,2773.6,3651.3999999999996
0.75,0.1,0.05,2,5,10,1.0,5.841417922486295,0.9710546614969382,997,998,3974,2974,6948,4,3985.0,6.05650129297567,3.87937323141084,405,3651.3999999999996,4529.2
0.75,1.0,0.03,3,3,1,1.0,5.843159485807429,0.9710373993680592,581,582,3615,2983,6598,3,3154.0,5.783886118106104,3.663666929472131,169,2773.6,3651.3999999999996
0.75,1.0,0.05,2,5,5,0.8,5.847850504469199,0.9709908770584246,997,998,3960,2960,6920,4,3985.0,6.05650129297567,3.87937323141084,405,3651.3999999999996,4529.2
1.0,1.0,0.1,3,8,20,1.0,5.851221265409988,0.9709574251088672,272,273,1579,1256,2835,1,1602.0,5.804113719417572,4.31465302959867,156,1018.0,1895.8
0.75,0.0,0.05,2,5,5,0.8,5.85236764511139,0.970946043867821,996,997,3970,2970,6940,4,3985.0,6.05650129297567,3.87937323141084,405,3651.3999999999996,4529.2
1.0,1.0,0.1,2,5,5,1.0,5.852558544604875,0.9709441484038636,339,340,1422,1032,2454,1,1602.0,5.804113719417572,4.31465302959867,156,1018.0,1895.8
1.0,1.0,0.1,3,3,5,1.0,5.852752669270172,0.9709422208533852,222,223,1313,1040,2353,1,1602.0,5.804113719417572,4.31465302959867,156,1018.0,1895.8
1.0,0.3,0.03,3,8,1,1.0,5.853886409706561,0.9709309621613232,576,577,4356,3729,8085,4,3985.0,6.05650129297567,3.87937323141084,405,3651.3999999999996,4529.2
0.75,0.0,0.05,2,5,10,1.0,5.854383775399845,0.9709260223468672,990,991,3976,2976,6952,4,3985.0,6.05650129297567,3.87937323141084,405,3651.3999999999996,4529.2
0.75,0.1,0.05,2,5,5,0.8,5.856332847879745,0.9709066601988132,997,998,3970,2970,6940,4,3985.0,6.05650129297567,3.87937323141084,405,3651.3999999999996,4529.2
1.0,0.1,0.05,2,5,20,1.0,5.859531212706896,0.9708748735751672,998,999,3998,2998,6996,4,3985.0,6.05650129297567,3.87937323141084,405,3651.3999999999996,4529.2
1.0,0.0,0.05,2,5,20,1.0,5.859531212706896,0.9708748735751672,998,999,3998,2998,6996,4,3985.0,6.05650129297567,3.87937323141084,405,3651.3999999999996,4529.2
1.0,0.3,0.05,2,5,20,1.0,5.859531212706896,0.9708748735751672,998,999,3998,2998,6996,4,3985.0,6.05650129297567,3.87937323141084,405,3651.3999999999996,4529.2
1.0,1.0,0.05,2,8,5,1.0,5.864147139556391,0.9708289680576616,705,706,2882,2126,5008,3,3154.0,5.783886118106104,3.663666929472131,169,2773.6,3651.3999999999996
1.0,0.3,0.05,2,3,20,1.0,5.873796666529435,0.970732886479982,909,910,3838,2878,6716,4,3985.0,6.05650129297567,3.87937323141084,405,3651.3999999999996,4529.2
1.0,0.1,0.05,2,3,20,1.0,5.873796666529435,0.970732886479982,909,910,3838,2878,6716,4,3985.0,6.05650129297567,3.87937323141084,405,3651.3999999999996,4529.2
1.0,0.0,0.05,2,3,20,1.0,5.873796666529435,0.970732886479982,909,910,3838,2878,6716,4,3985.0,6.05650129297567,3.87937323141084,405,3651.3999999999996,4529.2
0.75,1.0,0.05,3,5,5,1.0,5.875396138476651,0.9707169450699192,311,312,2319,1957,4276,2,2382.0,5.793392504361757,4.116880789176335,219,1895.8,2773.6
1.0,1.0,0.1,3,5,10,1.0,5.879414232811746,0.9706768788997376,176,177,1302,1075,2377,1,1602.0,5.804113719417572,4.31465302959867,156,1018.0,1895.8
0.75,0.3,0.05,2,5,5,0.8,5.887519174008284,0.970595977648402,997,998,3968,2968,6936,4,3985.0,6.05650129297567,3.87937323141084,405,3651.3999999999996,4529.2
1.0,0.3,0.1,3,8,1,1.0,5.889450183893328,0.9705766864095936,171,172,1335,1113,2448,1,1602.0,5.804113719417572,4.31465302959867,156,1018.0,1895.8
0.75,0.1,0.03,3,8,20,1.0,5.890191824219288,0.9705692755684594,996,997,6884,5884,12768,7,6931.0,4.805455757325583,3.3898166653023294,117,6284.799999999999,7162.599999999999
1.0,1.0,0.03,2,5,1,1.0,5.901083108118022,0.9704603369358588,998,999,4000,3000,7000,4,3985.0,6.05650129297567,3.87937323141084,405,3651.3999999999996,4529.2
1.0,0.1,0.03,2,5,1,1.0,5.901083108118022,0.9704603369358588,998,999,4000,3000,7000,4,3985.0,6.05650129297567,3.87937323141084,405,3651.3999999999996,4529.2
1.0,0.3,0.03,2,5,1,1.0,5.901083108118022,0.9704603369358588,998,999,4000,3000,7000,4,3985.0,6.05650129297567,3.87937323141084,405,3651.3999999999996,4529.2
1.0,0.0,0.03,2,5,1,1.0,5.901083108118022,0.9704603369358588,998,999,4000,3000,7000,4,3985.0,6.05650129297567,3.87937323141084,405,3651.3999999999996,4529.2
1.0,1.0,0.03,3,3,5,1.0,5.901898761519201,0.9704521703700392,518,519,3901,3332,7233,4,3985.0,6.05650129297567,3.87937323141084,405,3651.3999999999996,4529.2
1.0,1.0,0.05,2,3,20,1.0,5.903366805266179,0.9704374690330092,875,876,3564,2638,6202,3,3154.0,5.783886118106104,3.663666929472131,169,2773.6,3651.3999999999996
1.0,0.3,0.03,3,8,5,1.0,5.904757237246748,0.9704235415470254,676,677,4978,4251,9229,5,4945.5,4.541048571460504,3.4718231235719323,98,4529.2,5407.0
1.0,1.0,0.1,2,8,1,0.8,5.9050797064194,0.9704203110140386,377,378,1710,1282,2992,1,1602.0,5.804113719417572,4.31465302959867,156,1018.0,1895.8
0.75,0.1,0.03,3,3,20,1.0,5.908536742303035,0.9703856669502772,999,1000,7096,6096,13192,7,6931.0,4.805455757325583,3.3898166653023294,117,6284.799999999999,7162.599999999999
0.75,1.0,0.03,3,8,5,1.0,5.909740483868529,0.9703735991113348,608,609,3816,3157,6973,4,3985.0,6.05650129297567,3.87937323141084,405,3651.3999999999996,4529.2
0.75,1.0,0.05,2,8,5,0.8,5.910881106784253,0.9703621617858004,996,997,3949,2949,6898,4,3985.0,6.05650129297567,3.87937323141084,405,3651.3999999999996,4529.2
0.75,0.0,0.1,2,5,5,0.8,5.912572582437669,0.9703451968515476,418,419,1865,1396,3261,1,1602.0,5.804113719417572,4.31465302959867,156,1018.0,1895.8
1.0,1.0,0.1,2,8,5,1.0,5.917767623989368,0.9702930619767902,346,347,1441,1044,2485,1,1602.0,5.804113719417572,4.31465302959867,156,1018.0,1895.8
0.75,0.0,0.05,2,3,5,0.8,5.919313654273996,0.9702775379386256,997,998,3976,2976,6952,4,3985.0,6.05650129297567,3.87937323141084,405,3651.3999999999996,4529.2
0.75,0.1,0.05,2,3,5,0.8,5.919313654273996,0.9702775379386256,997,998,3976,2976,6952,4,3985.0,6.05650129297567,3.87937323141084,405,3651.3999999999996,4529.2
0.75,0.0,0.05,3,8,5,1.0,5.919366523728215,0.9702770069928246,239,240,2192,1902,4094,2,2382.0,5.793392504361757,4.116880789176335,219,1895.8,2773.6
1.0,1.0,0.05,2,3,1,1.0,5.92048209760851,0.9702658026455232,714,715,2931,2166,5097,3,3154.0,5.783886118106104,3.663666929472131,169,2773.6,3651.3999999999996
0.75,0.0,0.03,3,3,20,1.0,5.92059781994506,0.9702646402589592,999,1000,7070,6070,13140,7,6931.0,4.805455757325583,3.3898166653023294,117,6284.799999999999,7162.599999999999
1.0,0.3,0.03,3,3,1,1.0,5.92779596494666,0.9701922929892934,684,685,4766,4031,8797,5,4945.5,4.541048571460504,3.4718231235719323,98,4529.2,5407.0
0.75,0.1,0.05,2,8,5,0.8,5.932273054960281,0.9701472502164712,996,997,3963,2963,6926,4,3985.0,6.05650129297567,3.87937323141084,405,3651.3999999999996,4529.2
0.75,1.0,0.05,2,3,5,0.8,5.944437684539713,0.9700246934925264,996,997,3966,2966,6932,4,3985.0,6.05650129297567,3.87937323141084,405,3651.3999999999996,4529.2
1.0,1.0,0.1,3,5,20,1.0,5.945061258647482,0.970018404317202,291,292,1648,1306,2954,1,1602.0,5.804113719417572,4.31465302959867,156,1018.0,1895.8
1.0,0.3,0.1,2,5,10,0.8,5.94810496517547,0.9699876969671553,593,594,2571,1927,4498,2,2382.0,5.793392504361757,4.116880789176335,219,1895.8,2773.6
1.0,0.1,0.1,2,5,10,0.8,5.94810496517547,0.9699876969671553,593,594,2571,1927,4498,2,2382.0,5.793392504361757,4.116880789176335,219,1895.8,2773.6
1.0,0.0,0.03,2,3,1,1.0,5.9484350188472295,0.9699843661766936,998,999,4000,3000,7000,4,3985.0,6.05650129297567,3.87937323141084,405,3651.3999999999996,4529.2
1.0,0.1,0.03,2,3,1,1.0,5.9484350188472295,0.9699843661766936,998,999,4000,3000,7000,4,3985.0,6.05650129297567,3.87937323141084,405,3651.3999999999996,4529.2
1.0,1.0,0.03,2,3,1,1.0,5.9484350188472295,0.9699843661766936,998,999,4000,3000,7000,4,3985.0,6.05650129297567,3.87937323141084,405,3651.3999999999996,4529.2
1.0,0.3,0.03,2,3,1,1.0,5.9484350188472295,0.9699843661766936,998,999,4000,3000,7000,4,3985.0,6.05650129297567,3.87937323141084,405,3651.3999999999996,4529.2
0.75,1.0,0.05,3,8,10,1.0,5.954709027798849,0.9699210158442236,364,365,2548,2133,4681,2,2382.0,5.793392504361757,4.116880789176335,219,1895.8,2773.6
1.0,1.0,0.1,3,5,1,1.0,5.95499586222145,0.969918118004612,129,130,1035,855,1890,1,1602.0,5.804113719417572,4.31465302959867,156,1018.0,1895.8
1.0,0.3,0.03,2,3,5,1.0,5.95554429476194,0.9699125768949144,985,986,4000,3000,7000,4,3985.0,6.05650129297567,3.87937323141084,405,3651.3999999999996,4529.2
1.0,0.0,0.03,2,3,5,1.0,5.95554429476194,0.9699125768949144,985,986,4000,3000,7000,4,3985.0,6.05650129297567,3.87937323141084,405,3651.3999999999996,4529.2
1.0,0.1,0.03,2,3,5,1.0,5.95554429476194,0.9699125768949144,985,986,4000,3000,7000,4,3985.0,6.05650129297567,3.87937323141084,405,3651.3999999999996,4529.2
1.0,1.0,0.03,2,3,5,1.0,5.95554429476194,0.9699125768949144,985,986,4000,3000,7000,4,3985.0,6.05650129297567,3.87937323141084,405,3651.3999999999996,4529.2
1.0,1.0,0.05,3,8,20,1.0,5.956981842272522,0.9698980501554146,527,528,3024,2446,5470,3,3154.0,5.783886118106104,3.663666929472131,169,2773.6,3651.3999999999996
0.75,1.0,0.1,3,8,20,1.0,5.957714093454291,0.9698906492454644,198,199,1367,1118,2485,1,1602.0,5.804113719417572,4.31465302959867,156,1018.0,1895.8
1.0,1.0,0.05,2,5,1,1.0,5.959519254800201,0.969872400477724,715,716,2914,2148,5062,3,3154.0,5.783886118106104,3.663666929472131,169,2773.6,3651.3999999999996
0.75,0.3,0.05,2,8,5,0.8,5.960197905090021,0.969865538424783,996,997,3958,2958,6916,4,3985.0,6.05650129297567,3.87937323141084,405,3651.3999999999996,4529.2
0.75,1.0,0.03,3,5,5,1.0,5.96143346449359,0.9698530432770754,694,695,4030,3285,7315,4,3985.0,6.05650129297567,3.87937323141084,405,3651.3999999999996,4529.2
0.75,0.0,0.05,2,5,10,0.8,5.962816244705079,0.9698390562217348,997,998,3951,2951,6902,4,3985.0,6.05650129297567,3.87937323141084,405,3651.3999999999996,4529.2
1.0,1.0,0.05,2,8,10,1.0,5.964827480746274,0.969818706439014,738,739,3008,2219,5227,3,3154.0,5.783886118106104,3.663666929472131,169,2773.6,3651.3999999999996
0.75,0.1,0.1,2,5,5,0.8,5.964842581043438,0.9698185536275272,420,421,1869,1398,3267,1,1602.0,5.804113719417572,4.31465302959867,156,1018.0,1895.8
0.75,0.0,0.05,2,8,5,0.8,5.965019174325945,0.9698167665159612,997,998,3963,2963,6926,4,3985.0,6.05650129297567,3.87937323141084,405,3651.3999999999996,4529.2
0.75,0.3,0.1,2,5,20,0.8,5.966208185136102,0.9698047324330332,860,861,3583,2672,6255,3,3154.0,5.783886118106104,3.663666929472131,169,2773.6,3651.3999999999996
0.75,0.3,0.05,2,3,5,0.8,5.967027506435163,0.9697964386143164,996,997,3976,2976,6952,4,3985.0,6.05650129297567,3.87937323141084,405,3651.3999999999996,4529.2
0.75,0.3,0.1,2,8,1,1.0,5.968227635605252,0.9697842879009972,474,475,1858,1333,3191,1,1602.0,5.804113719417572,4.31465302959867,156,1018.0,1895.8
0.75,0.3,0.05,2,5,10,0.8,5.970887067773208,0.9697573537607358,997,998,3948,2948,6896,4,3985.0,6.05650129297567,3.87937323141084,405,3651.3999999999996,4529.2
0.75,0.3,0.1,2,3,5,0.8,5.971121377295775,0.9697549801505978,418,419,1864,1395,3259,1,1602.0,5.804113719417572,4.31465302959867,156,1018.0,1895.8
1.0,0.3,0.05,2,8,1,0.8,5.971818752748072,0.9697479150233784,967,968,3995,2995,6990,4,3985.0,6.05650129297567,3.87937323141084,405,3651.3999999999996,4529.2
1.0,0.0,0.05,2,8,1,0.8,5.971818752748072,0.9697479150233784,967,968,3995,2995,6990,4,3985.0,6.05650129297567,3.87937323141084,405,3651.3999999999996,4529.2
1.0,0.1,0.05,2,8,1,0.8,5.971818752748072,0.9697479150233784,967,968,3995,2995,6990,4,3985.0,6.05650129297567,3.87937323141084,405,3651.3999999999996,4529.2
0.75,1.0,0.05,2,5,10,0.8,5.971882936449289,0.9697472647353176,997,998,3942,2942,6884,4,3985.0,6.05650129297567,3.87937323141084,405,3651.3999999999996,4529.2
0.75,1.0,0.05,3,3,5,1.0,5.972043895603997,0.9697456339195863,211,212,1942,1680,3622,2,2382.0,5.793392504361757,4.116880789176335,219,1895.8,2773.6
0.75,0.1,0.05,2,5,10,0.8,5.980957011669318,0.9696552588614809,997,998,3950,2950,6900,4,3985.0,6.05650129297567,3.87937323141084,405,3651.3999999999996,4529.2
1.0,0.3,0.1,2,8,1,0.8,5.983099479290887,0.9696335150938894,355,356,1623,1217,2840,1,1602.0,5.804113719417572,4.31465302959867,156,1018.0,1895.8
1.0,0.1,0.1,2,8,1,0.8,5.983099479290887,0.9696335150938894,355,356,1623,1217,2840,1,1602.0,5.804113719417572,4.31465302959867,156,1018.0,1895.8
1.0,0.0,0.1,2,8,1,0.8,5.983099479290887,0.9696335150938894,355,356,1623,1217,2840,1,1602.0,5.804113719417572,4.31465302959867,156,1018.0,1895.8
0.75,0.3,0.05,3,5,5,1.0,5.983402787220307,0.9696304362117316,218,219,2013,1744,3757,2,2382.0,5.793392504361757,4.116880789176335,219,1895.8,2773.6
1.0,1.0,0.1,2,5,20,1.0,5.984647635793041,0.9696177981052214,437,438,1815,1327,3142,1,1602.0,5.804113719417572,4.31465302959867,156,1018.0,1895.8
1.0,1.0,0.03,2,5,5,1.0,5.984650417567933,0.9696177698607964,999,1000,4000,3000,7000,4,3985.0,6.05650129297567,3.87937323141084,405,3651.3999999999996,4529.2
1.0,0.1,0.03,2,5,5,1.0,5.984650417567933,0.9696177698607964,999,1000,4000,3000,7000,4,3985.0,6.05650129297567,3.87937323141084,405,3651.3999999999996,4529.2
1.0,0.3,0.03,2,5,5,1.0,5.984650417567933,0.9696177698607964,999,1000,4000,3000,7000,4,3985.0,6.05650129297567,3.87937323141084,405,3651.3999999999996,4529.2
1.0,0.0,0.03,2,5,5,1.0,5.984650417567933,0.9696177698607964,999,1000,4000,3000,7000,4,3985.0,6.05650129297567,3.87937323141084,405,3651.3999999999996,4529.2
1.0,0.1,0.05,2,8,5,0.8,5.989222954893261,0.9695713253924872,989,990,3990,2990,6980,4,3985.0,6.05650129297567,3.87937323141084,405,3651.3999999999996,4529.2
1.0,0.0,0.05,2,8,5,0.8,5.989222954893261,0.9695713253924872,989,990,3990,2990,6980,4,3985.0,6.05650129297567,3.87937323141084,405,3651.3999999999996,4529.2
0.75,0.1,0.1,3,5,20,1.0,5.989383138422577,0.9695696977230188,158,159,1451,1242,2693,1,1602.0,5.804113719417572,4.31465302959867,156,1018.0,1895.8
0.75,0.1,0.1,2,5,20,1.0,5.991610305640801,0.9695470623460676,714,715,3028,2263,5291,3,3154.0,5.783886118106104,3.663666929472131,169,2773.6,3651.3999999999996
0.75,0.0,0.1,2,3,5,1.0,5.997308356436577,0.9694891130178916,579,580,2470,1840,4310,2,2382.0,5.793392504361757,4.116880789176335,219,1895.8,2773.6
0.75,0.1,0.1,2,3,5,1.0,5.997308356436577,0.9694891130178916,579,580,2466,1836,4302,2,2382.0,5.793392504361757,4.116880789176335,219,1895.8,2773.6
1.0,1.0,0.05,2,8,5,0.8,6.00183733876535,0.96944301385619,989,990,3987,2987,6974,4,3985.0,6.05650129297567,3.87937323141084,405,3651.3999999999996,4529.2
0.75,1.0,0.05,3,3,10,1.0,6.002540109237438,0.9694358574460372,349,350,2481,2081,4562,2,2382.0,5.793392504361757,4.116880789176335,219,1895.8,2773.6
0.75,0.0,0.05,3,5,5,1.0,6.003355503484251,0.9694275531221168,217,218,2029,1761,3790,2,2382.0,5.793392504361757,4.116880789176335,219,1895.8,2773.6
1.0,1.0,0.05,2,5,20,1.0,6.004261615691148,0.96941832356445,850,851,3449,2548,5997,3,3154.0,5.783886118106104,3.663666929472131,169,2773.6,3651.3999999999996
1.0,1.0,0.03,3,5,1,1.0,6.004318561476599,0.9694177434745224,440,441,3404,2913,6317,3,3154.0,5.783886118106104,3.663666929472131,169,2773.6,3651.3999999999996
0.75,0.3,0.1,2,8,20,0.8,6.006081343506137,0.9693997838125707,763,764,3203,2389,5592,3,3154.0,5.783886118106104,3.663666929472131,169,2773.6,3651.3999999999996
0.75,0.0,0.05,2,8,10,1.0,6.006278606292821,0.9693977737222306,996,997,3981,2981,6962,4,3985.0,6.05650129297567,3.87937323141084,405,3651.3999999999996,4529.2
0.75,0.3,0.05,2,8,10,0.8,6.006526913640018,0.9693952433984828,997,998,3935,2935,6870,4,3985.0,6.05650129297567,3.87937323141084,405,3651.3999999999996,4529.2
0.75,0.1,0.05,2,8,10,0.8,6.007682012881171,0.9693834712277046,998,999,3936,2936,6872,4,3985.0,6.05650129297567,3.87937323141084,405,3651.3999999999996,4529.2
0.75,0.0,0.05,2,8,10,0.8,6.007682012881171,0.9693834712277046,998,999,3936,2936,6872,4,3985.0,6.05650129297567,3.87937323141084,405,3651.3999999999996,4529.2
0.75,0.1,0.05,3,5,5,1.0,6.008542870685352,0.969374696340478,216,217,2013,1746,3759,2,2382.0,5.793392504361757,4.116880789176335,219,1895.8,2773.6
0.75,1.0,0.1,3,8,10,1.0,6.008952038251732,0.9693705251768868,223,224,1252,978,2230,1,1602.0,5.804113719417572,4.31465302959867,156,1018.0,1895.8
0.75,0.0,0.1,2,8,10,1.0,6.0102294697220975,0.9693575008712232,716,717,3057,2290,5347,3,3154.0,5.783886118106104,3.663666929472131,169,2773.6,3651.3999999999996
0.75,0.1,0.1,2,8,10,1.0,6.012408778922927,0.9693352749020672,632,633,2687,2004,4691,2,2382.0,5.793392504361757,4.116880789176335,219,1895.8,2773.6
0.75,1.0,0.1,3,5,20,1.0,6.0140304768103405,0.9693187305757218,183,184,1353,1119,2472,1,1602.0,5.804113719417572,4.31465302959867,156,1018.0,1895.8
1.0,0.3,0.05,3,8,1,1.0,6.018554364507863,0.9692725549464049,346,347,2652,2255,4907,2,2382.0,5.793392504361757,4.116880789176335,219,1895.8,2773.6
1.0,1.0,0.05,2,8,1,1.0,6.019087923158099,0.9692671065879328,691,692,2845,2103,4948,3,3154.0,5.783886118106104,3.663666929472131,169,2773.6,3651.3999999999996
1.0,1.0,0.03,3,8,10,1.0,6.019568695275408,0.9692621968379777,561,562,3958,3346,7304,4,3985.0,6.05650129297567,3.87937323141084,405,3651.3999999999996,4529.2
0.75,0.3,0.1,2,3,20,0.8,6.023902285926853,0.9692179235647662,850,851,3559,2658,6217,3,3154.0,5.783886118106104,3.663666929472131,169,2773.6,3651.3999999999996
0.75,0.0,0.1,2,5,20,0.8,6.0251263666769965,0.969205412214561,720,721,3039,2268,5307,3,3154.0,5.783886118106104,3.663666929472131,169,2773.6,3651.3999999999996
0.75,0.1,0.1,2,5,20,0.8,6.0251263666769965,0.969205412214561,720,721,3039,2268,5307,3,3154.0,5.783886118106104,3.663666929472131,169,2773.6,3651.3999999999996
1.0,1.0,0.1,2,8,10,0.8,6.026646978436182,0.969189866475445,589,590,2540,1900,4440,2,2382.0,5.793392504361757,4.116880789176335,219,1895.8,2773.6
0.75,1.0,0.03,3,5,20,1.0,6.0312710618282726,0.9691425687712945,609,610,4437,3777,8214,4,3985.0,6.05650129297567,3.87937323141084,405,3651.3999999999996,4529.2
0.75,1.0,0.05,3,5,10,1.0,6.031788705972604,0.969137271760471,311,312,2382,2020,4402,2,2382.0,5.793392504361757,4.116880789176335,219,1895.8,2773.6
0.75,0.0,0.1,2,5,10,1.0,6.031886724024222,0.9691362686984551,568,569,2462,1843,4305,2,2382.0,5.793392504361757,4.116880789176335,219,1895.8,2773.6
0.75,0.1,0.05,2,3,5,1.0,6.037289571329909,0.9690809537642636,999,1000,3805,2805,6610,4,3985.0,6.05650129297567,3.87937323141084,405,3651.3999999999996,4529.2
1.0,1.0,0.05,3,8,1,1.0,6.037949694752407,0.9690741919542736,250,251,1980,1679,3659,2,2382.0,5.793392504361757,4.116880789176335,219,1895.8,2773.6
0.75,0.3,0.1,2,5,1,1.0,6.038534917954858,0.9690681967478116,433,434,1732,1248,2980,1,1602.0,5.804113719417572,4.31465302959867,156,1018.0,1895.8
1.0,0.1,0.1,2,3,5,0.8,6.039156945873376,0.9690618238655044,412,413,1852,1389,3241,1,1602.0,5.804113719417572,4.31465302959867,156,1018.0,1895.8
1.0,0.3,0.1,2,3,5,0.8,6.039156945873376,0.9690618238655044,412,413,1852,1389,3241,1,1602.0,5.804113719417572,4.31465302959867,156,1018.0,1895.8
1.0,1.0,0.1,2,3,5,0.8,6.039156945873376,0.9690618238655044,412,413,1852,1389,3241,1,1602.0,5.804113719417572,4.31465302959867,156,1018.0,1895.8
1.0,0.0,0.1,2,3,5,0.8,6.039156945873376,0.9690618238655044,412,413,1852,1389,3241,1,1602.0,5.804113719417572,4.31465302959867,156,1018.0,1895.8
0.75,1.0,0.1,2,8,20,0.8,6.039698398344429,0.969056275970984,761,762,3177,2365,5542,3,3154.0,5.783886118106104,3.663666929472131,169,2773.6,3651.3999999999996
0.75,1.0,0.1,3,3,20,1.0,6.041184668676644,0.9690410446151312,168,169,1353,1134,2487,1,1602.0,5.804113719417572,4.31465302959867,156,1018.0,1895.8
1.0,1.0,0.05,3,5,1,1.0,6.04322169490895,0.9690201630033256,326,327,2132,1755,3887,2,2382.0,5.793392504361757,4.116880789176335,219,1895.8,2773.6
1.0,0.3,0.05,3,5,1,1.0,6.0444562724129725,0.9690075038891872,342,343,2682,2289,4971,2,2382.0,5.793392504361757,4.116880789176335,219,1895.8,2773.6
1.0,0.1,0.05,2,3,10,0.8,6.044859567294485,0.9690033680227128,989,990,3991,2991,6982,4,3985.0,6.05650129297567,3.87937323141084,405,3651.3999999999996,4529.2
1.0,0.3,0.05,2,3,10,0.8,6.044859567294485,0.9690033680227128,989,990,3991,2991,6982,4,3985.0,6.05650129297567,3.87937323141084,405,3651.3999999999996,4529.2
1.0,0.0,0.05,2,3,10,0.8,6.044859567294485,0.9690033680227128,989,990,3991,2991,6982,4,3985.0,6.05650129297567,3.87937323141084,405,3651.3999999999996,4529.2
1.0,0.0,0.1,2,8,10,0.8,6.047189191463692,0.968979471878628,593,594,2563,1919,4482,2,2382.0,5.793392504361757,4.116880789176335,219,1895.8,2773.6
1.0,0.3,0.05,3,8,5,1.0,6.048691769309468,0.9689640542862038,392,393,2926,2483,5409,3,3154.0,5.783886118106104,3.663666929472131,169,2773.6,3651.3999999999996
1.0,1.0,0.05,3,3,5,1.0,6.048797847432673,0.9689629656991614,381,382,2346,1914,4260,2,2382.0,5.793392504361757,4.116880789176335,219,1895.8,2773.6
0.75,1.0,0.03,3,8,20,1.0,6.054282632311538,0.9689066541344749,866,867,4965,4048,9013,5,4945.5,4.541048571460504,3.4718231235719323,98,4529.2,5407.0
0.75,0.0,0.1,2,8,5,1.0,6.056393014180196,0.9688849735245876,421,422,1870,1398,3268,1,1602.0,5.804113719417572,4.31465302959867,156,1018.0,1895.8
0.75,0.1,0.1,2,8,5,1.0,6.056393014180196,0.9688849735245876,421,422,1870,1398,3268,1,1602.0,5.804113719417572,4.31465302959867,156,1018.0,1895.8
0.75,0.1,0.05,2,8,10,1.0,6.05650129297567,0.968883860939028,999,1000,3980,2980,6960,4,3985.0,6.05650129297567,3.87937323141084,405,3651.3999999999996,4529.2
1.0,0.1,0.03,2,8,1,1.0,6.0569757807439455,0.9688789852509015,998,999,4000,3000,7000,4,3985.0,6.05650129297567,3.87937323141084,405,3651.3999999999996,4529.2
1.0,0.0,0.03,2,8,1,1.0,6.0569757807439455,0.9688789852509015,998,999,4000,3000,7000,4,3985.0,6.05650129297567,3.87937323141084,405,3651.3999999999996,4529.2
1.0,1.0,0.03,2,8,1,1.0,6.0569757807439455,0.9688789852509015,998,999,4000,3000,7000,4,3985.0,6.05650129297567,3.87937323141084,405,3651.3999999999996,4529.2
1.0,0.3,0.03,2,8,1,1.0,6.0569757807439455,0.9688789852509015,998,999,4000,3000,7000,4,3985.0,6.05650129297567,3.87937323141084,405,3651.3999999999996,4529.2
1.0,1.0,0.1,2,3,20,1.0,6.057617853217696,0.9688723869065308,445,446,1841,1345,3186,1,1602.0,5.804113719417572,4.31465302959867,156,1018.0,1895.8
1.0,0.3,0.05,2,8,20,1.0,6.057709162845394,0.9688714484940218,832,833,3524,2641,6165,3,3154.0,5.783886118106104,3.663666929472131,169,2773.6,3651.3999999999996
0.75,0.0,0.05,3,3,20,1.0,6.064939048335997,0.968797100201924,545,546,4194,3598,7792,4,3985.0,6.05650129297567,3.87937323141084,405,3651.3999999999996,4529.2
1.0,1.0,0.05,2,8,20,1.0,6.065144266619177,0.9687949885520588,806,807,3371,2514,5885,3,3154.0,5.783886118106104,3.663666929472131,169,2773.6,3651.3999999999996
1.0,1.0,0.1,3,5,5,1.0,6.066943597786465,0.9687764707803882,154,155,1184,979,2163,1,1602.0,5.804113719417572,4.31465302959867,156,1018.0,1895.8
1.0,1.0,0.05,2,8,10,0.8,6.067509738458961,0.9687706432218124,997,998,3974,2974,6948,4,3985.0,6.05650129297567,3.87937323141084,405,3651.3999999999996,4529.2
1.0,0.3,0.05,2,5,10,0.8,6.068402457869249,0.9687614529262524,989,990,3990,2990,6980,4,3985.0,6.05650129297567,3.87937323141084,405,3651.3999999999996,4529.2
1.0,0.3,0.1,2,3,10,0.8,6.069402363823092,0.96875115757,459,460,2035,1525,3560,2,2382.0,5.793392504361757,4.116880789176335,219,1895.8,2773.6
1.0,0.0,0.1,2,3,10,0.8,6.069524913888384,0.9687498956380624,459,460,2036,1526,3562,2,2382.0,5.793392504361757,4.116880789176335,219,1895.8,2773.6
1.0,0.1,0.1,2,3,10,0.8,6.069524913888384,0.9687498956380624,459,460,2036,1526,3562,2,2382.0,5.793392504361757,4.116880789176335,219,1895.8,2773.6
1.0,1.0,0.1,3,8,10,1.0,6.0718128540810286,0.9687263314063782,168,169,1221,1002,2223,1,1602.0,5.804113719417572,4.31465302959867,156,1018.0,1895.8
1.0,1.0,0.05,2,5,10,0.8,6.073702401509913,0.968706863653869,989,990,3985,2985,6970,4,3985.0,6.05650129297567,3.87937323141084,405,3651.3999999999996,4529.2
1.0,1.0,0.1,2,3,10,0.8,6.075126717945606,0.9686921851096844,459,460,2035,1525,3560,2,2382.0,5.793392504361757,4.116880789176335,219,1895.8,2773.6
1.0,1.0,0.03,3,3,10,1.0,6.076971762351258,0.9686731655622596,754,755,4557,3752,8309,5,4945.5,4.541048571460504,3.4718231235719323,98,4529.2,5407.0
0.75,1.0,0.03,3,8,10,1.0,6.079373965972681,0.9686483939122422,705,706,3992,3236,7228,4,3985.0,6.05650129297567,3.87937323141084,405,3651.3999999999996,4529.2
1.0,0.3,0.1,2,5,5,0.8,6.079676740811475,0.9686452709874436,456,457,2027,1520,3547,2,2382.0,5.793392504361757,4.116880789176335,219,1895.8,2773.6
1.0,1.0,0.1,2,5,5,0.8,6.079676740811475,0.9686452709874436,456,457,2027,1520,3547,2,2382.0,5.793392504361757,4.116880789176335,219,1895.8,2773.6
1.0,0.1,0.1,2,5,5,0.8,6.079676740811475,0.9686452709874436,456,457,2027,1520,3547,2,2382.0,5.793392504361757,4.116880789176335,219,1895.8,2773.6
1.0,0.0,0.1,2,5,5,0.8,6.079676740811475,0.9686452709874436,456,457,2027,1520,3547,2,2382.0,5.793392504361757,4.116880789176335,219,1895.8,2773.6
0.75,0.0,0.05,3,5,20,1.0,6.079798384350894,0.9686440162699532,423,424,3380,2906,6286,3,3154.0,5.783886118106104,3.663666929472131,169,2773.6,3651.3999999999996
0.75,0.0,0.03,3,8,20,1.0,6.083098623202098,0.96860996569284,767,768,5660,4842,10502,6,5847.0,4.525032584484768,3.6442172777135577,111,5407.0,6284.799999999999
0.75,0.3,0.1,2,3,5,1.0,6.08442273900857,0.9685962987882522,431,432,1807,1325,3132,1,1602.0,5.804113719417572,4.31465302959867,156,1018.0,1895.8
0.75,0.1,0.1,2,3,10,1.0,6.087008339669895,0.968569602851202,671,672,2669,1947,4616,2,2382.0,5.793392504361757,4.116880789176335,219,1895.8,2773.6
0.75,0.3,0.1,2,8,5,1.0,6.087191317902572,0.9685677131988008,408,409,1761,1302,3063,1,1602.0,5.804113719417572,4.31465302959867,156,1018.0,1895.8
0.75,1.0,0.1,2,3,20,0.8,6.088789641136413,0.968551204583473,720,721,3029,2258,5287,3,3154.0,5.783886118106104,3.663666929472131,169,2773.6,3651.3999999999996
0.75,1.0,0.1,2,5,20,0.8,6.090334978375586,0.9685352391240728,647,648,2737,2039,4776,2,2382.0,5.793392504361757,4.116880789176335,219,1895.8,2773.6
1.0,0.1,0.05,2,5,10,0.8,6.090951698244108,0.9685288664283992,967,968,3991,2991,6982,4,3985.0,6.05650129297567,3.87937323141084,405,3651.3999999999996,4529.2
1.0,0.0,0.05,2,5,10,0.8,6.090951698244108,0.9685288664283992,967,968,3991,2991,6982,4,3985.0,6.05650129297567,3.87937323141084,405,3651.3999999999996,4529.2
1.0,1.0,0.03,3,3,1,1.0,6.091662037330013,0.9685215255460828,544,545,3559,2964,6523,3,3154.0,5.783886118106104,3.663666929472131,169,2773.6,3651.3999999999996
1.0,1.0,0.05,3,5,10,1.0,6.098675616880707,0.968448998909499,345,346,2514,2118,4632,2,2382.0,5.793392504361757,4.116880789176335,219,1895.8,2773.6
1.0,1.0,0.05,3,8,10,1.0,6.099261448671728,0.9684429371123502,370,371,2379,1958,4337,2,2382.0,5.793392504361757,4.116880789176335,219,1895.8,2773.6
1.0,1.0,0.1,2,8,5,0.8,6.0993586166528,0.9684419316265088,412,413,1844,1381,3225,1,1602.0,5.804113719417572,4.31465302959867,156,1018.0,1895.8
0.75,1.0,0.05,3,8,20,1.0,6.100346442229917,0.9684317087839264,413,414,2827,2363,5190,3,3154.0,5.783886118106104,3.663666929472131,169,2773.6,3651.3999999999996
0.75,0.0,0.1,2,8,20,0.8,6.101334123799102,0.9684214857765072,662,663,2806,2093,4899,3,3154.0,5.783886118106104,3.663666929472131,169,2773.6,3651.3999999999996
0.75,0.1,0.1,2,8,20,0.8,6.101334123799102,0.9684214857765072,662,663,2806,2093,4899,3,3154.0,5.783886118106104,3.663666929472131,169,2773.6,3651.3999999999996
0.75,0.1,0.05,2,8,20,1.0,6.1032641353809485,0.9684015043965332,989,990,3972,2972,6944,4,3985.0,6.05650129297567,3.87937323141084,405,3651.3999999999996,4529.2
1.0,1.0,0.03,2,8,5,1.0,6.103420167555396,0.9683998887217428,998,999,4000,3000,7000,4,3985.0,6.05650129297567,3.87937323141084,405,3651.3999999999996,4529.2
1.0,0.1,0.03,2,8,5,1.0,6.103420167555396,0.9683998887217428,998,999,4000,3000,7000,4,3985.0,6.05650129297567,3.87937323141084,405,3651.3999999999996,4529.2
1.0,0.3,0.03,2,8,5,1.0,6.103420167555396,0.9683998887217428,998,999,4000,3000,7000,4,3985.0,6.05650129297567,3.87937323141084,405,3651.3999999999996,4529.2
1.0,0.0,0.03,2,8,5,1.0,6.103420167555396,0.9683998887217428,998,999,4000,3000,7000,4,3985.0,6.05650129297567,3.87937323141084,405,3651.3999999999996,4529.2
1.0,0.0,0.05,2,8,20,1.0,6.105918474325104,0.968374013744316,784,785,3333,2498,5831,3,3154.0,5.783886118106104,3.663666929472131,169,2773.6,3651.3999999999996
1.0,0.1,0.05,2,8,20,1.0,6.105918474325104,0.968374013744316,784,785,3333,2498,5831,3,3154.0,5.783886118106104,3.663666929472131,169,2773.6,3651.3999999999996
1.0,1.0,0.1,3,8,5,1.0,6.110897325609026,0.9683224161735589,142,143,1097,904,2001,1,1602.0,5.804113719417572,4.31465302959867,156,1018.0,1895.8
0.75,1.0,0.03,3,3,20,1.0,6.112284149048764,0.9683080365502864,684,685,4732,3997,8729,5,4945.5,4.541048571460504,3.4718231235719323,98,4529.2,5407.0
1.0,0.0,0.03,2,3,1,0.8,6.114251489040535,0.9682876320993152,996,997,4000,3000,7000,4,3985.0,6.05650129297567,3.87937323141084,405,3651.3999999999996,4529.2
1.0,0.1,0.03,2,3,1,0.8,6.114251489040535,0.9682876320993152,996,997,4000,3000,7000,4,3985.0,6.05650129297567,3.87937323141084,405,3651.3999999999996,4529.2
1.0,0.3,0.03,2,3,1,0.8,6.114251489040535,0.9682876320993152,996,997,4000,3000,7000,4,3985.0,6.05650129297567,3.87937323141084,405,3651.3999999999996,4529.2
1.0,1.0,0.03,2,3,1,0.8,6.114251489040535,0.9682876320993152,996,997,4000,3000,7000,4,3985.0,6.05650129297567,3.87937323141084,405,3651.3999999999996,4529.2
0.75,0.3,0.1,2,5,10,1.0,6.1184890620688686,0.9682436594091648,494,495,2020,1475,3495,2,2382.0,5.793392504361757,4.116880789176335,219,1895.8,2773.6
0.75,0.3,0.05,2,5,5,1.0,6.125017794503713,0.968175852058782,663,664,2684,1970,4654,2,2382.0,5.793392504361757,4.116880789176335,219,1895.8,2773.6
1.0,0.0,0.1,2,8,5,0.8,6.130978693932104,0.9681138790619932,456,457,2025,1518,3543,2,2382.0,5.793392504361757,4.116880789176335,219,1895.8,2773.6
1.0,0.3,0.1,2,8,5,0.8,6.130978693932104,0.9681138790619932,456,457,2025,1518,3543,2,2382.0,5.793392504361757,4.116880789176335,219,1895.8,2773.6
1.0,0.1,0.1,2,8,5,0.8,6.130978693932104,0.9681138790619932,456,457,2025,1518,3543,2,2382.0,5.793392504361757,4.116880789176335,219,1895.8,2773.6
0.75,0.3,0.03,3,3,20,1.0,6.131054316143655,0.9681130924620148,768,769,5682,4863,10545,6,5847.0,4.525032584484768,3.6442172777135577,111,5407.0,6284.799999999999
1.0,1.0,0.03,3,5,10,1.0,6.132227904904969,0.9681008838936328,548,549,3957,3358,7315,4,3985.0,6.05650129297567,3.87937323141084,405,3651.3999999999996,4529.2
1.0,0.3,0.05,2,8,10,0.8,6.132684197463092,0.9680961365583935,910,911,3820,2859,6679,4,3985.0,6.05650129297567,3.87937323141084,405,3651.3999999999996,4529.2
1.0,1.0,0.03,2,3,10,1.0,6.135089714071375,0.9680711033682302,999,1000,4000,3000,7000,4,3985.0,6.05650129297567,3.87937323141084,405,3651.3999999999996,4529.2
1.0,0.3,0.03,2,3,10,1.0,6.135089714071375,0.9680711033682302,999,1000,4000,3000,7000,4,3985.0,6.05650129297567,3.87937323141084,405,3651.3999999999996,4529.2
1.0,0.1,0.03,2,3,10,1.0,6.135089714071375,0.9680711033682302,999,1000,4000,3000,7000,4,3985.0,6.05650129297567,3.87937323141084,405,3651.3999999999996,4529.2
1.0,0.0,0.03,2,3,10,1.0,6.135089714071375,0.9680711033682302,999,1000,4000,3000,7000,4,3985.0,6.05650129297567,3.87937323141084,405,3651.3999999999996,4529.2
1.0,1.0,0.1,2,5,10,0.8,6.135173733565356,0.9680702288355884,456,457,2022,1515,3537,2,2382.0,5.793392504361757,4.116880789176335,219,1895.8,2773.6
0.75,0.1,0.1,2,3,20,0.8,6.135781609102731,0.968063901292412,647,648,2757,2059,4816,2,2382.0,5.793392504361757,4.116880789176335,219,1895.8,2773.6
0.75,0.0,0.1,2,3,20,0.8,6.135781609102731,0.968063901292412,647,648,2758,2060,4818,2,2382.0,5.793392504361757,4.116880789176335,219,1895.8,2773.6
0.75,0.3,0.1,2,5,5,1.0,6.138014512440953,0.9680406530083662,415,416,1761,1295,3056,1,1602.0,5.804113719417572,4.31465302959867,156,1018.0,1895.8
1.0,0.0,0.05,2,3,1,0.8,6.139474083830629,0.9680254518404494,621,622,2688,2016,4704,2,2382.0,5.793392504361757,4.116880789176335,219,1895.8,2773.6
1.0,0.1,0.05,2,3,1,0.8,6.139474083830629,0.9680254518404494,621,622,2688,2016,4704,2,2382.0,5.793392504361757,4.116880789176335,219,1895.8,2773.6
1.0,0.3,0.05,2,3,1,0.8,6.139474083830629,0.9680254518404494,621,622,2688,2016,4704,2,2382.0,5.793392504361757,4.116880789176335,219,1895.8,2773.6
1.0,1.0,0.05,2,3,1,0.8,6.139474083830629,0.9680254518404494,621,622,2688,2016,4704,2,2382.0,5.793392504361757,4.116880789176335,219,1895.8,2773.6
0.75,0.0,0.05,2,3,5,1.0,6.141528747323807,0.9680040467724808,999,1000,3821,2821,6642,4,3985.0,6.05650129297567,3.87937323141084,405,3651.3999999999996,4529.2
1.0,0.1,0.03,2,5,1,0.8,6.141661425927297,0.9680026643074884,976,977,4000,3000,7000,4,3985.0,6.05650129297567,3.87937323141084,405,3651.3999999999996,4529.2
1.0,1.0,0.03,2,5,1,0.8,6.141661425927297,0.9680026643074884,976,977,4000,3000,7000,4,3985.0,6.05650129297567,3.87937323141084,405,3651.3999999999996,4529.2
1.0,0.0,0.03,2,5,1,0.8,6.141661425927297,0.9680026643074884,976,977,4000,3000,7000,4,3985.0,6.05650129297567,3.87937323141084,405,3651.3999999999996,4529.2
1.0,0.3,0.03,2,5,1,0.8,6.141661425927297,0.9680026643074884,976,977,4000,3000,7000,4,3985.0,6.05650129297567,3.87937323141084,405,3651.3999999999996,4529.2
1.0,1.0,0.05,2,3,10,0.8,6.145184512933017,0.967965944038272,849,850,3589,2689,6278,3,3154.0,5.783886118106104,3.663666929472131,169,2773.6,3651.3999999999996
0.75,0.0,0.05,2,8,20,1.0,6.1461753735871865,0.9679556127472942,994,995,3975,2975,6950,4,3985.0,6.05650129297567,3.87937323141084,405,3651.3999999999996,4529.2
0.75,0.1,0.1,2,5,5,1.0,6.149990124381541,0.9679158223800804,416,417,1841,1374,3215,1,1602.0,5.804113719417572,4.31465302959867,156,1018.0,1895.8
0.75,0.0,0.1,2,5,5,1.0,6.149990124381541,0.9679158223800804,416,417,1850,1383,3233,1,1602.0,5.804113719417572,4.31465302959867,156,1018.0,1895.8
0.75,0.3,0.1,2,8,10,1.0,6.151036775449122,0.9679049008027752,499,500,2002,1452,3454,2,2382.0,5.793392504361757,4.116880789176335,219,1895.8,2773.6
1.0,0.1,0.1,2,8,10,0.8,6.154543922569009,0.9678682909339926,458,459,2020,1511,3531,2,2382.0,5.793392504361757,4.116880789176335,219,1895.8,2773.6
1.0,0.3,0.1,2,8,10,0.8,6.154543922569009,0.9678682909339926,458,459,2020,1511,3531,2,2382.0,5.793392504361757,4.116880789176335,219,1895.8,2773.6
1.0,1.0,0.05,2,5,20,0.8,6.156980874137482,0.9678428401703644,978,979,3976,2976,6952,4,3985.0,6.05650129297567,3.87937323141084,405,3651.3999999999996,4529.2
1.0,1.0,0.1,3,8,1,1.0,6.159661827292572,0.9678148294909064,129,130,1033,853,1886,1,1602.0,5.804113719417572,4.31465302959867,156,1018.0,1895.8
1.0,0.0,0.03,2,8,10,1.0,6.166001953940111,0.967748539138876,999,1000,4000,3000,7000,4,3985.0,6.05650129297567,3.87937323141084,405,3651.3999999999996,4529.2
1.0,0.1,0.03,2,8,10,1.0,6.166001953940111,0.967748539138876,999,1000,4000,3000,7000,4,3985.0,6.05650129297567,3.87937323141084,405,3651.3999999999996,4529.2
1.0,0.3,0.03,2,8,10,1.0,6.166001953940111,0.967748539138876,999,1000,4000,3000,7000,4,3985.0,6.05650129297567,3.87937323141084,405,3651.3999999999996,4529.2
1.0,0.3,0.05,2,3,20,0.8,6.166940907367373,0.9677387159420489,966,967,3983,2983,6966,4,3985.0,6.05650129297567,3.87937323141084,405,3651.3999999999996,4529.2
0.75,0.3,0.05,3,8,20,1.0,6.169238691687934,0.9677146705412588,317,318,2520,2152,4672,2,2382.0,5.793392504361757,4.116880789176335,219,1895.8,2773.6
0.75,1.0,0.05,3,5,20,1.0,6.171068278505975,0.9676955182357478,308,309,2431,2072,4503,2,2382.0,5.793392504361757,4.116880789176335,219,1895.8,2773.6
0.75,0.0,0.05,2,8,1,1.0,6.171751635036821,0.9676883633316492,848,849,3591,2692,6283,3,3154.0,5.783886118106104,3.663666929472131,169,2773.6,3651.3999999999996
1.0,0.1,0.05,2,3,20,0.8,6.172252588702507,0.9676831177253076,978,979,3983,2983,6966,4,3985.0,6.05650129297567,3.87937323141084,405,3651.3999999999996,4529.2
1.0,0.0,0.05,2,3,20,0.8,6.172285658821696,0.9676827714251534,978,979,3984,2984,6968,4,3985.0,6.05650129297567,3.87937323141084,405,3651.3999999999996,4529.2
1.0,1.0,0.03,2,8,10,1.0,6.174034574188542,0.9676644546756475,999,1000,3995,2995,6990,4,3985.0,6.05650129297567,3.87937323141084,405,3651.3999999999996,4529.2
1.0,0.1,0.05,2,5,20,0.8,6.176412617818559,0.9676395406115982,860,861,3628,2717,6345,3,3154.0,5.783886118106104,3.663666929472131,169,2773.6,3651.3999999999996
1.0,0.0,0.05,2,5,20,0.8,6.176412617818559,0.9676395406115982,860,861,3628,2717,6345,3,3154.0,5.783886118106104,3.663666929472131,169,2773.6,3651.3999999999996
1.0,1.0,0.05,2,5,1,0.8,6.178993680414933,0.967612488719664,621,622,2686,2014,4700,2,2382.0,5.793392504361757,4.116880789176335,219,1895.8,2773.6
1.0,0.0,0.05,2,5,1,0.8,6.1791429134124,0.9676109242760006,621,622,2687,2015,4702,2,2382.0,5.793392504361757,4.116880789176335,219,1895.8,2773.6
1.0,0.3,0.05,2,5,1,0.8,6.1791429134124,0.9676109242760006,621,622,2687,2015,4702,2,2382.0,5.793392504361757,4.116880789176335,219,1895.8,2773.6
1.0,0.1,0.05,2,5,1,0.8,6.1791429134124,0.9676109242760006,621,622,2687,2015,4702,2,2382.0,5.793392504361757,4.116880789176335,219,1895.8,2773.6
1.0,1.0,0.05,3,3,10,1.0,6.180058019006568,0.967601330188426,457,458,2712,2204,4916,2,2382.0,5.793392504361757,4.116880789176335,219,1895.8,2773.6
0.75,0.0,0.03,3,5,5,1.0,6.180367796470179,0.9675980821188236,317,318,2757,2389,5146,2,2382.0,5.793392504361757,4.116880789176335,219,1895.8,2773.6
1.0,0.3,0.05,2,8,5,0.8,6.182791228471339,0.9675726664016444,755,756,3214,2408,5622,3,3154.0,5.783886118106104,3.663666929472131,169,2773.6,3651.3999999999996
1.0,1.0,0.05,2,8,20,0.8,6.183460409572287,0.9675656466164664,996,997,3958,2958,6916,4,3985.0,6.05650129297567,3.87937323141084,405,3651.3999999999996,4529.2
0.75,1.0,0.05,2,3,10,0.8,6.184803409574719,0.9675515561026882,997,998,3949,2949,6898,4,3985.0,6.05650129297567,3.87937323141084,405,3651.3999999999996,4529.2
1.0,0.1,0.03,2,5,10,1.0,6.185430371079963,0.967544977087956,997,998,4000,3000,7000,4,3985.0,6.05650129297567,3.87937323141084,405,3651.3999999999996,4529.2
1.0,0.0,0.03,2,5,10,1.0,6.185430371079963,0.967544977087956,997,998,4000,3000,7000,4,3985.0,6.05650129297567,3.87937323141084,405,3651.3999999999996,4529.2
1.0,1.0,0.03,2,5,10,1.0,6.185430371079963,0.967544977087956,997,998,4000,3000,7000,4,3985.0,6.05650129297567,3.87937323141084,405,3651.3999999999996,4529.2
1.0,0.3,0.03,2,5,10,1.0,6.185430371079963,0.967544977087956,997,998,4000,3000,7000,4,3985.0,6.05650129297567,3.87937323141084,405,3651.3999999999996,4529.2
1.0,0.1,0.1,2,3,20,0.8,6.1857681387856855,0.9675414324492556,468,469,2069,1550,3619,2,2382.0,5.793392504361757,4.116880789176335,219,1895.8,2773.6
1.0,0.0,0.1,2,3,20,0.8,6.1857681387856855,0.9675414324492556,468,469,2069,1550,3619,2,2382.0,5.793392504361757,4.116880789176335,219,1895.8,2773.6
0.75,0.3,0.05,2,3,1,1.0,6.186209010355169,0.9675368055155422,652,653,2567,1864,4431,2,2382.0,5.793392504361757,4.116880789176335,219,1895.8,2773.6
0.75,0.3,0.05,2,8,5,1.0,6.187725479752755,0.967520887697414,656,657,2668,1961,4629,2,2382.0,5.793392504361757,4.116880789176335,219,1895.8,2773.6
1.0,1.0,0.05,2,3,20,0.8,6.190361395555432,0.9674932101798276,861,862,3627,2715,6342,3,3154.0,5.783886118106104,3.663666929472131,169,2773.6,3651.3999999999996
1.0,0.3,0.1,2,3,20,0.8,6.191779500012943,0.9674783149901202,468,469,2067,1548,3615,2,2382.0,5.793392504361757,4.116880789176335,219,1895.8,2773.6
0.75,0.1,0.05,2,3,10,0.8,6.192376499638028,0.9674720433295232,997,998,3959,2959,6918,4,3985.0,6.05650129297567,3.87937323141084,405,3651.3999999999996,4529.2
0.75,0.0,0.05,2,3,10,0.8,6.192376499638028,0.9674720433295232,997,998,3959,2959,6918,4,3985.0,6.05650129297567,3.87937323141084,405,3651.3999999999996,4529.2
0.75,0.3,0.05,2,3,10,0.8,6.192431532335836,0.9674714651640436,997,998,3958,2958,6916,4,3985.0,6.05650129297567,3.87937323141084,405,3651.3999999999996,4529.2
1.0,0.3,0.05,2,8,20,0.8,6.192940261869353,0.9674661202826303,976,977,3964,2964,6928,4,3985.0,6.05650129297567,3.87937323141084,405,3651.3999999999996,4529.2
1.0,0.0,0.05,2,8,20,0.8,6.192940261869353,0.9674661202826303,976,977,3964,2964,6928,4,3985.0,6.05650129297567,3.87937323141084,405,3651.3999999999996,4529.2
1.0,0.1,0.05,2,8,20,0.8,6.192940261869353,0.9674661202826303,976,977,3964,2964,6928,4,3985.0,6.05650129297567,3.87937323141084,405,3651.3999999999996,4529.2
1.0,1.0,0.03,3,8,1,1.0,6.199159339226288,0.9674007450978408,426,427,3196,2719,5915,3,3154.0,5.783886118106104,3.663666929472131,169,2773.6,3651.3999999999996
0.75,1.0,0.1,2,3,1,1.0,6.2000017927294975,0.9673918841471538,341,342,1298,906,2204,1,1602.0,5.804113719417572,4.31465302959867,156,1018.0,1895.8
1.0,0.3,0.05,2,5,20,0.8,6.200327811194243,0.9673884547522188,816,817,3452,2585,6037,3,3154.0,5.783886118106104,3.663666929472131,169,2773.6,3651.3999999999996
1.0,1.0,0.1,2,8,20,1.0,6.200372376585356,0.9673879859539436,409,410,1690,1230,2920,1,1602.0,5.804113719417572,4.31465302959867,156,1018.0,1895.8
0.75,0.1,0.03,3,5,5,1.0,6.202194998225999,0.9673688102995984,329,330,2847,2467,5314,3,3154.0,5.783886118106104,3.663666929472131,169,2773.6,3651.3999999999996
0.75,0.3,0.03,3,5,5,1.0,6.202194998225999,0.9673688102995984,329,330,2847,2467,5314,3,3154.0,5.783886118106104,3.663666929472131,169,2773.6,3651.3999999999996
0.75,1.0,0.05,3,3,20,1.0,6.205051132479003,0.9673387498071744,460,461,2949,2438,5387,3,3154.0,5.783886118106104,3.663666929472131,169,2773.6,3651.3999999999996
1.0,1.0,0.1,2,3,20,0.8,6.205917382561597,0.9673296298869776,468,469,2066,1547,3613,2,2382.0,5.793392504361757,4.116880789176335,219,1895.8,2773.6
0.75,0.3,0.03,3,5,20,1.0,6.21263430350994,0.9672588706303896,404,405,3157,2702,5859,3,3154.0,5.783886118106104,3.663666929472131,169,2773.6,3651.3999999999996
0.75,1.0,0.03,2,5,1,0.8,6.213059301974061,0.9672543909185743,996,997,3981,2981,6962,4,3985.0,6.05650129297567,3.87937323141084,405,3651.3999999999996,4529.2
1.0,1.0,0.03,3,5,5,1.0,6.215462781055526,0.9672290511928316,472,473,3605,3082,6687,3,3154.0,5.783886118106104,3.663666929472131,169,2773.6,3651.3999999999996
1.0,1.0,0.03,3,8,5,1.0,6.2174313924510205,0.9672082889480508,476,477,3464,2937,6401,3,3154.0,5.783886118106104,3.663666929472131,169,2773.6,3651.3999999999996
0.75,0.3,0.03,2,5,1,0.8,6.21779020462212,0.9672045039751874,996,997,3991,2991,6982,4,3985.0,6.05650129297567,3.87937323141084,405,3651.3999999999996,4529.2
0.75,0.0,0.03,2,5,1,0.8,6.2177934266103065,0.9672044699866724,996,997,3993,2993,6986,4,3985.0,6.05650129297567,3.87937323141084,405,3651.3999999999996,4529.2
0.75,0.1,0.03,2,5,1,0.8,6.2177934266103065,0.9672044699866724,996,997,3993,2993,6986,4,3985.0,6.05650129297567,3.87937323141084,405,3651.3999999999996,4529.2
1.0,1.0,0.05,2,3,5,0.8,6.220913580738918,0.96717154744462,623,624,2693,2019,4712,2,2382.0,5.793392504361757,4.116880789176335,219,1895.8,2773.6
1.0,0.1,0.1,2,5,20,0.8,6.223789216406876,0.96714119033169,468,469,2066,1547,3613,2,2382.0,5.793392504361757,4.116880789176335,219,1895.8,2773.6
1.0,0.0,0.1,2,5,20,0.8,6.223789216406876,0.96714119033169,468,469,2066,1547,3613,2,2382.0,5.793392504361757,4.116880789176335,219,1895.8,2773.6
1.0,0.1,0.05,2,3,5,0.8,6.224131394096677,0.9671375771435596,623,624,2695,2021,4716,2,2382.0,5.793392504361757,4.116880789176335,219,1895.8,2773.6
1.0,0.3,0.05,2,3,5,0.8,6.224131394096677,0.9671375771435596,623,624,2695,2021,4716,2,2382.0,5.793392504361757,4.116880789176335,219,1895.8,2773.6
1.0,0.0,0.05,2,3,5,0.8,6.224131394096677,0.9671375771435596,623,624,2695,2021,4716,2,2382.0,5.793392504361757,4.116880789176335,219,1895.8,2773.6
1.0,0.3,0.1,2,5,20,0.8,6.224337021925622,0.9671354057432916,468,469,2065,1546,3611,2,2382.0,5.793392504361757,4.116880789176335,219,1895.8,2773.6
0.75,0.0,0.03,3,5,20,1.0,6.225055186563311,0.9671278214653336,419,420,3265,2795,6060,3,3154.0,5.783886118106104,3.663666929472131,169,2773.6,3651.3999999999996
0.75,1.0,0.05,2,5,20,0.8,6.227814542118638,0.9670986727657038,996,997,3919,2919,6838,4,3985.0,6.05650129297567,3.87937323141084,405,3651.3999999999996,4529.2
0.75,0.3,0.05,2,5,20,0.8,6.232647618101468,0.9670475870068777,996,997,3922,2922,6844,4,3985.0,6.05650129297567,3.87937323141084,405,3651.3999999999996,4529.2
0.75,0.0,0.03,3,5,10,1.0,6.233232857611699,0.9670413983176892,348,349,2912,2513,5425,3,3154.0,5.783886118106104,3.663666929472131,169,2773.6,3651.3999999999996
0.75,0.0,0.05,2,8,20,0.8,6.240955808350497,0.966959676569568,996,997,3908,2908,6816,4,3985.0,6.05650129297567,3.87937323141084,405,3651.3999999999996,4529.2
0.75,0.1,0.05,2,8,20,0.8,6.240955808350497,0.966959676569568,996,997,3908,2908,6816,4,3985.0,6.05650129297567,3.87937323141084,405,3651.3999999999996,4529.2
0.75,0.1,0.03,3,5,10,1.0,6.241454048929128,0.9669544008754324,389,390,3214,2774,5988,3,3154.0,5.783886118106104,3.663666929472131,169,2773.6,3651.3999999999996
1.0,1.0,0.1,2,5,20,0.8,6.24513561779796,0.966915404984742,468,469,2063,1544,3607,2,2382.0,5.793392504361757,4.116880789176335,219,1895.8,2773.6
0.75,0.1,0.05,2,5,20,0.8,6.246040707759996,0.966905814575,996,997,3925,2925,6850,4,3985.0,6.05650129297567,3.87937323141084,405,3651.3999999999996,4529.2
0.75,0.0,0.03,3,8,10,1.0,6.249330620678851,0.966870942672272,357,358,2973,2565,5538,3,3154.0,5.783886118106104,3.663666929472131,169,2773.6,3651.3999999999996
0.75,0.1,0.03,3,8,10,1.0,6.2493365029350745,0.96687088030601,357,358,2970,2562,5532,3,3154.0,5.783886118106104,3.663666929472131,169,2773.6,3651.3999999999996
0.75,1.0,0.1,2,8,1,1.0,6.254693987616982,0.9668140535274424,316,317,1268,901,2169,1,1602.0,5.804113719417572,4.31465302959867,156,1018.0,1895.8
1.0,1.0,0.03,2,8,1,0.8,6.256168146318517,0.966798408599983,976,977,3998,2998,6996,4,3985.0,6.05650129297567,3.87937323141084,405,3651.3999999999996,4529.2
0.75,0.3,0.05,2,8,20,1.0,6.258644741311186,0.9667721167329992,981,982,3918,2918,6836,4,3985.0,6.05650129297567,3.87937323141084,405,3651.3999999999996,4529.2
0.75,0.0,0.05,2,5,20,0.8,6.259196751714962,0.9667662550978045,996,997,3926,2926,6852,4,3985.0,6.05650129297567,3.87937323141084,405,3651.3999999999996,4529.2
1.0,0.3,0.03,2,8,1,0.8,6.2594375542666345,0.9667636979247894,996,997,3999,2999,6998,4,3985.0,6.05650129297567,3.87937323141084,405,3651.3999999999996,4529.2
1.0,0.1,0.03,2,8,1,0.8,6.2594375542666345,0.9667636979247894,996,997,3999,2999,6998,4,3985.0,6.05650129297567,3.87937323141084,405,3651.3999999999996,4529.2
1.0,0.0,0.03,2,8,1,0.8,6.2594375542666345,0.9667636979247894,996,997,3999,2999,6998,4,3985.0,6.05650129297567,3.87937323141084,405,3651.3999999999996,4529.2
1.0,0.3,0.05,2,5,5,0.8,6.260066331158187,0.9667570202422772,623,624,2693,2019,4712,2,2382.0,5.793392504361757,4.116880789176335,219,1895.8,2773.6
1.0,0.1,0.05,2,5,5,0.8,6.260066331158187,0.9667570202422772,623,624,2693,2019,4712,2,2382.0,5.793392504361757,4.116880789176335,219,1895.8,2773.6
1.0,0.0,0.05,2,5,5,0.8,6.260066331158187,0.9667570202422772,623,624,2693,2019,4712,2,2382.0,5.793392504361757,4.116880789176335,219,1895.8,2773.6
1.0,1.0,0.05,2,5,5,0.8,6.260066331158187,0.9667570202422772,623,624,2693,2019,4712,2,2382.0,5.793392504361757,4.116880789176335,219,1895.8,2773.6
0.75,0.3,0.05,2,8,20,0.8,6.261438173126576,0.9667424487955046,998,999,3901,2901,6802,4,3985.0,6.05650129297567,3.87937323141084,405,3651.3999999999996,4529.2
0.75,1.0,0.1,2,5,1,1.0,6.262422190690803,0.9667319947799398,329,330,1301,921,2222,1,1602.0,5.804113719417572,4.31465302959867,156,1018.0,1895.8
0.75,0.1,0.05,3,3,20,1.0,6.269000526020253,0.9666620655955294,315,316,2578,2212,4790,2,2382.0,5.793392504361757,4.116880789176335,219,1895.8,2773.6
1.0,1.0,0.05,3,5,5,1.0,6.271501683656438,0.9666354584632748,285,286,2157,1821,3978,2,2382.0,5.793392504361757,4.116880789176335,219,1895.8,2773.6
0.75,1.0,0.05,2,8,20,0.8,6.282175558639025,0.966521791267552,996,997,3888,2888,6776,4,3985.0,6.05650129297567,3.87937323141084,405,3651.3999999999996,4529.2
0.75,1.0,0.05,2,8,10,0.8,6.286562191358657,0.966475021521316,792,793,3300,2457,5757,3,3154.0,5.783886118106104,3.663666929472131,169,2773.6,3651.3999999999996
0.75,1.0,0.03,3,5,10,1.0,6.289379274761378,0.966444968904953,351,352,2879,2477,5356,3,3154.0,5.783886118106104,3.663666929472131,169,2773.6,3651.3999999999996
1.0,1.0,0.05,3,8,5,1.0,6.293514491939855,0.9664008300636232,294,295,2199,1854,4053,2,2382.0,5.793392504361757,4.116880789176335,219,1895.8,2773.6
0.75,0.0,0.03,2,8,1,1.0,6.293514908531579,0.9664008256155086,999,1000,3998,2998,6996,4,3985.0,6.05650129297567,3.87937323141084,405,3651.3999999999996,4529.2
0.75,0.0,0.03,2,5,1,1.0,6.30157483028075,0.966314711535392,999,1000,3995,2995,6990,4,3985.0,6.05650129297567,3.87937323141084,405,3651.3999999999996,4529.2
0.75,0.3,0.05,2,5,10,1.0,6.304857941546159,0.9662796024198792,770,771,3089,2268,5357,3,3154.0,5.783886118106104,3.663666929472131,169,2773.6,3651.3999999999996
0.75,0.1,0.1,2,5,10,1.0,6.309235039980995,0.9662327659217232,363,364,1641,1227,2868,1,1602.0,5.804113719417572,4.31465302959867,156,1018.0,1895.8
0.75,0.3,0.05,3,3,20,1.0,6.313555353796576,0.9661865051642388,316,317,2543,2176,4719,2,2382.0,5.793392504361757,4.116880789176335,219,1895.8,2773.6
0.75,0.3,0.03,3,3,10,1.0,6.315499071981567,0.966165682024772,407,408,3325,2867,6192,3,3154.0,5.783886118106104,3.663666929472131,169,2773.6,3651.3999999999996
1.0,1.0,0.03,2,5,5,0.8,6.31569744560787,0.9661635564788142,996,997,3997,2997,6994,4,3985.0,6.05650129297567,3.87937323141084,405,3651.3999999999996,4529.2
1.0,0.3,0.03,2,5,5,0.8,6.31569744560787,0.9661635564788142,996,997,3997,2997,6994,4,3985.0,6.05650129297567,3.87937323141084,405,3651.3999999999996,4529.2
0.75,0.1,0.05,2,5,20,1.0,6.316942466281636,0.9661502147301468,983,984,3961,2961,6922,4,3985.0,6.05650129297567,3.87937323141084,405,3651.3999999999996,4529.2
1.0,0.1,0.03,2,5,5,0.8,6.318560053286001,0.9661328766006224,996,997,3998,2998,6996,4,3985.0,6.05650129297567,3.87937323141084,405,3651.3999999999996,4529.2
1.0,0.0,0.03,2,5,5,0.8,6.318560053286001,0.9661328766006224,996,997,3998,2998,6996,4,3985.0,6.05650129297567,3.87937323141084,405,3651.3999999999996,4529.2
0.75,0.0,0.05,2,5,20,1.0,6.31919090228906,0.9661261136333,998,999,3964,2964,6928,4,3985.0,6.05650129297567,3.87937323141084,405,3651.3999999999996,4529.2
0.75,0.1,0.03,2,8,1,1.0,6.330553737092329,0.966004183646588,993,994,3985,2985,6970,4,3985.0,6.05650129297567,3.87937323141084,405,3651.3999999999996,4529.2
0.75,0.3,0.05,2,5,20,1.0,6.330575563149951,0.9660039492292032,945,946,3805,2809,6614,4,3985.0,6.05650129297567,3.87937323141084,405,3651.3999999999996,4529.2
0.75,0.3,0.03,2,5,1,1.0,6.3319322493290935,0.9659893764896806,999,1000,3967,2967,6934,4,3985.0,6.05650129297567,3.87937323141084,405,3651.3999999999996,4529.2
0.75,0.1,0.03,2,5,1,1.0,6.333160310757105,0.9659761826703082,998,999,3984,2984,6968,4,3985.0,6.05650129297567,3.87937323141084,405,3651.3999999999996,4529.2
1.0,1.0,0.05,2,8,1,0.8,6.336054338941775,0.9659450802256622,591,592,2562,1920,4482,2,2382.0,5.793392504361757,4.116880789176335,219,1895.8,2773.6
0.75,0.3,0.05,2,8,1,1.0,6.341688279387487,0.9658844908806566,652,653,2486,1783,4269,2,2382.0,5.793392504361757,4.116880789176335,219,1895.8,2773.6
0.75,0.3,0.05,2,8,10,1.0,6.3481818996214345,0.9658145894377502,750,751,3038,2237,5275,3,3154.0,5.783886118106104,3.663666929472131,169,2773.6,3651.3999999999996
1.0,0.1,0.05,2,8,10,0.8,6.359228852273639,0.9656955086672664,620,621,2663,1992,4655,2,2382.0,5.793392504361757,4.116880789176335,219,1895.8,2773.6
1.0,0.0,0.05,2,8,10,0.8,6.359228852273639,0.9656955086672664,620,621,2663,1992,4655,2,2382.0,5.793392504361757,4.116880789176335,219,1895.8,2773.6
0.75,0.1,0.03,2,3,1,0.8,6.359504106062425,0.965692538921788,999,1000,3991,2991,6982,4,3985.0,6.05650129297567,3.87937323141084,405,3651.3999999999996,4529.2
0.75,0.0,0.03,2,3,1,0.8,6.359504106062425,0.965692538921788,999,1000,3991,2991,6982,4,3985.0,6.05650129297567,3.87937323141084,405,3651.3999999999996,4529.2
0.75,0.1,0.1,2,8,20,1.0,6.3604427681784825,0.9656824106193092,512,513,2223,1660,3883,2,2382.0,5.793392504361757,4.116880789176335,219,1895.8,2773.6
0.75,0.3,0.03,2,3,1,0.8,6.365469852800255,0.9656281421955,999,1000,3990,2990,6980,4,3985.0,6.05650129297567,3.87937323141084,405,3651.3999999999996,4529.2
0.75,1.0,0.03,2,3,1,0.8,6.369935246606952,0.9655799013840004,999,1000,3985,2985,6970,4,3985.0,6.05650129297567,3.87937323141084,405,3651.3999999999996,4529.2
0.75,0.3,0.03,2,8,1,0.8,6.375662728930383,0.9655179763792692,996,997,3988,2988,6976,4,3985.0,6.05650129297567,3.87937323141084,405,3651.3999999999996,4529.2
0.75,0.1,0.05,2,3,20,0.8,6.378447045122741,0.9654878525082888,996,997,3939,2939,6878,4,3985.0,6.05650129297567,3.87937323141084,405,3651.3999999999996,4529.2
0.75,0.0,0.05,2,3,20,0.8,6.378447045122741,0.9654878525082888,996,997,3939,2939,6878,4,3985.0,6.05650129297567,3.87937323141084,405,3651.3999999999996,4529.2
0.75,1.0,0.03,2,8,1,0.8,6.38731169129766,0.9653918571766608,996,997,3977,2977,6954,4,3985.0,6.05650129297567,3.87937323141084,405,3651.3999999999996,4529.2
0.75,0.0,0.03,2,8,1,0.8,6.387928581830135,0.965385171901961,996,997,3989,2989,6978,4,3985.0,6.05650129297567,3.87937323141084,405,3651.3999999999996,4529.2
0.75,0.1,0.03,2,8,1,0.8,6.387928581830135,0.965385171901961,996,997,3989,2989,6978,4,3985.0,6.05650129297567,3.87937323141084,405,3651.3999999999996,4529.2
0.75,0.3,0.05,2,3,20,0.8,6.388337875017488,0.9653807360141704,996,997,3933,2933,6866,4,3985.0,6.05650129297567,3.87937323141084,405,3651.3999999999996,4529.2
0.75,1.0,0.03,3,3,10,1.0,6.391725159847511,0.9653440139751108,388,389,3126,2687,5813,3,3154.0,5.783886118106104,3.663666929472131,169,2773.6,3651.3999999999996
0.75,1.0,0.05,2,3,20,0.8,6.396424108669197,0.9652930397670788,996,997,3923,2923,6846,4,3985.0,6.05650129297567,3.87937323141084,405,3651.3999999999996,4529.2
1.0,0.3,0.03,2,8,20,1.0,6.399139452802228,0.9652635666294554,999,1000,3995,2995,6990,4,3985.0,6.05650129297567,3.87937323141084,405,3651.3999999999996,4529.2
1.0,0.3,0.03,2,8,5,0.8,6.401771233122692,0.9652349885803776,996,997,3988,2988,6976,4,3985.0,6.05650129297567,3.87937323141084,405,3651.3999999999996,4529.2
1.0,1.0,0.03,2,8,5,0.8,6.403587167642452,0.965215262808892,996,997,3985,2985,6970,4,3985.0,6.05650129297567,3.87937323141084,405,3651.3999999999996,4529.2
1.0,0.1,0.03,2,8,5,0.8,6.4044657404471685,0.9652057172152126,996,997,3989,2989,6978,4,3985.0,6.05650129297567,3.87937323141084,405,3651.3999999999996,4529.2
1.0,0.0,0.03,2,8,5,0.8,6.4044657404471685,0.9652057172152126,996,997,3989,2989,6978,4,3985.0,6.05650129297567,3.87937323141084,405,3651.3999999999996,4529.2
1.0,0.1,0.03,2,8,20,1.0,6.4116766126672085,0.9651273224258544,999,1000,3996,2996,6992,4,3985.0,6.05650129297567,3.87937323141084,405,3651.3999999999996,4529.2
1.0,0.0,0.03,2,8,20,1.0,6.414113152751496,0.965100813034748,999,1000,3997,2997,6994,4,3985.0,6.05650129297567,3.87937323141084,405,3651.3999999999996,4529.2
0.75,1.0,0.1,2,5,5,1.0,6.421333928373641,0.965022192331234,293,294,1221,877,2098,1,1602.0,5.804113719417572,4.31465302959867,156,1018.0,1895.8
1.0,1.0,0.03,2,8,20,1.0,6.4219348313798585,0.9650156456375254,999,1000,3983,2983,6966,4,3985.0,6.05650129297567,3.87937323141084,405,3651.3999999999996,4529.2
1.0,0.0,0.03,2,3,20,1.0,6.423863857995848,0.964994625216672,999,1000,3998,2998,6996,4,3985.0,6.05650129297567,3.87937323141084,405,3651.3999999999996,4529.2
1.0,0.1,0.03,2,3,20,1.0,6.423863857995848,0.964994625216672,999,1000,3998,2998,6996,4,3985.0,6.05650129297567,3.87937323141084,405,3651.3999999999996,4529.2
1.0,0.3,0.03,2,3,20,1.0,6.423863857995848,0.964994625216672,999,1000,3998,2998,6996,4,3985.0,6.05650129297567,3.87937323141084,405,3651.3999999999996,4529.2
1.0,1.0,0.03,2,3,20,1.0,6.423863857995848,0.964994625216672,999,1000,3998,2998,6996,4,3985.0,6.05650129297567,3.87937323141084,405,3651.3999999999996,4529.2
0.75,0.3,0.05,2,5,1,1.0,6.42733735547361,0.9649567589240678,654,655,2503,1798,4301,2,2382.0,5.793392504361757,4.116880789176335,219,1895.8,2773.6
0.75,0.3,0.03,2,8,5,1.0,6.429801587273186,0.964929882717524,999,1000,3971,2971,6942,4,3985.0,6.05650129297567,3.87937323141084,405,3651.3999999999996,4529.2
0.75,0.3,0.05,2,3,5,1.0,6.435506073295346,0.9648676270675256,796,797,3047,2200,5247,3,3154.0,5.783886118106104,3.663666929472131,169,2773.6,3651.3999999999996
0.75,1.0,0.1,2,8,5,1.0,6.435999870476041,0.964862235438002,294,295,1224,879,2103,1,1602.0,5.804113719417572,4.31465302959867,156,1018.0,1895.8
1.0,0.3,0.03,2,5,20,1.0,6.436216856246855,0.96485986610189,999,1000,3998,2998,6996,4,3985.0,6.05650129297567,3.87937323141084,405,3651.3999999999996,4529.2
1.0,1.0,0.03,2,5,20,1.0,6.436216856246855,0.96485986610189,999,1000,3998,2998,6996,4,3985.0,6.05650129297567,3.87937323141084,405,3651.3999999999996,4529.2
1.0,0.0,0.03,2,5,20,1.0,6.436216856246855,0.96485986610189,999,1000,3998,2998,6996,4,3985.0,6.05650129297567,3.87937323141084,405,3651.3999999999996,4529.2
1.0,0.1,0.03,2,5,20,1.0,6.436216856246855,0.96485986610189,999,1000,3998,2998,6996,4,3985.0,6.05650129297567,3.87937323141084,405,3651.3999999999996,4529.2
0.75,0.1,0.05,2,3,10,1.0,6.436358939931101,0.9648583146020228,996,997,3756,2756,6512,4,3985.0,6.05650129297567,3.87937323141084,405,3651.3999999999996,4529.2
0.75,0.3,0.03,2,8,1,1.0,6.440016649850333,0.9648183620090026,999,1000,3855,2855,6710,4,3985.0,6.05650129297567,3.87937323141084,405,3651.3999999999996,4529.2
0.75,0.3,0.03,2,5,5,1.0,6.444960575736366,0.9647643242062038,999,1000,3962,2962,6924,4,3985.0,6.05650129297567,3.87937323141084,405,3651.3999999999996,4529.2
0.75,1.0,0.1,2,5,10,1.0,6.445230103434775,0.9647613770387018,338,339,1377,988,2365,1,1602.0,5.804113719417572,4.31465302959867,156,1018.0,1895.8
1.0,0.3,0.03,2,3,10,0.8,6.447236396234832,0.9647394352311616,996,997,3990,2990,6980,4,3985.0,6.05650129297567,3.87937323141084,405,3651.3999999999996,4529.2
1.0,0.1,0.03,2,3,10,0.8,6.447236396234832,0.9647394352311616,996,997,3990,2990,6980,4,3985.0,6.05650129297567,3.87937323141084,405,3651.3999999999996,4529.2
1.0,0.0,0.03,2,3,10,0.8,6.447236396234832,0.9647394352311616,996,997,3990,2990,6980,4,3985.0,6.05650129297567,3.87937323141084,405,3651.3999999999996,4529.2
0.75,1.0,0.1,2,3,5,1.0,6.451339099048675,0.964694544788872,328,329,1303,924,2227,1,1602.0,5.804113719417572,4.31465302959867,156,1018.0,1895.8
0.75,0.0,0.03,2,5,5,1.0,6.452417153767934,0.9646827443263196,998,999,3980,2980,6960,4,3985.0,6.05650129297567,3.87937323141084,405,3651.3999999999996,4529.2
1.0,1.0,0.03,2,3,10,0.8,6.455896980720481,0.9646446404421322,996,997,3987,2987,6974,4,3985.0,6.05650129297567,3.87937323141084,405,3651.3999999999996,4529.2
0.75,0.1,0.03,2,8,5,1.0,6.458472489518926,0.9646164255548174,998,999,3975,2975,6950,4,3985.0,6.05650129297567,3.87937323141084,405,3651.3999999999996,4529.2
0.75,0.3,0.1,2,3,10,1.0,6.460777741594276,0.96459116180529,484,485,1951,1416,3367,2,2382.0,5.793392504361757,4.116880789176335,219,1895.8,2773.6
1.0,1.0,0.05,3,3,20,1.0,6.4689435378765,0.9645015985687344,216,217,1863,1596,3459,1,1602.0,5.804113719417572,4.31465302959867,156,1018.0,1895.8
1.0,1.0,0.03,2,5,10,0.8,6.475299983971541,0.9644318021533974,998,999,3986,2986,6972,4,3985.0,6.05650129297567,3.87937323141084,405,3651.3999999999996,4529.2
1.0,0.0,0.03,2,5,10,0.8,6.475545375191207,0.9644291062817452,998,999,3989,2989,6978,4,3985.0,6.05650129297567,3.87937323141084,405,3651.3999999999996,4529.2
1.0,0.3,0.03,2,5,10,0.8,6.475545375191207,0.9644291062817452,998,999,3989,2989,6978,4,3985.0,6.05650129297567,3.87937323141084,405,3651.3999999999996,4529.2
1.0,0.1,0.03,2,5,10,0.8,6.475545375191207,0.9644291062817452,998,999,3989,2989,6978,4,3985.0,6.05650129297567,3.87937323141084,405,3651.3999999999996,4529.2
1.0,0.3,0.03,3,8,20,1.0,6.484100297522038,0.9643350579115458,327,328,2689,2311,5000,2,2382.0,5.793392504361757,4.116880789176335,219,1895.8,2773.6
0.75,0.0,0.03,2,8,5,1.0,6.484710909509232,0.964328340413185,999,1000,3981,2981,6962,4,3985.0,6.05650129297567,3.87937323141084,405,3651.3999999999996,4529.2
1.0,1.0,0.03,3,8,20,1.0,6.492351155666204,0.9642442346399293,320,321,2613,2242,4855,2,2382.0,5.793392504361757,4.116880789176335,219,1895.8,2773.6
1.0,0.1,0.05,3,3,20,1.0,6.499325020503099,0.9641673781071822,206,207,1824,1567,3391,1,1602.0,5.804113719417572,4.31465302959867,156,1018.0,1895.8
0.75,0.0,0.05,2,3,10,1.0,6.501320223762271,0.964145374487576,996,997,3791,2791,6582,4,3985.0,6.05650129297567,3.87937323141084,405,3651.3999999999996,4529.2
1.0,0.1,0.03,3,8,20,1.0,6.5073205034374695,0.9640791611487032,318,319,2629,2260,4889,2,2382.0,5.793392504361757,4.116880789176335,219,1895.8,2773.6
1.0,0.0,0.03,3,8,20,1.0,6.507331286287545,0.964079042104516,318,319,2630,2261,4891,2,2382.0,5.793392504361757,4.116880789176335,219,1895.8,2773.6
1.0,0.0,0.05,3,3,20,1.0,6.514134525820347,0.9640038940550862,211,212,1887,1625,3512,1,1602.0,5.804113719417572,4.31465302959867,156,1018.0,1895.8
1.0,1.0,0.03,2,8,10,0.8,6.514643438742362,0.9639982694862472,996,997,3969,2969,6938,4,3985.0,6.05650129297567,3.87937323141084,405,3651.3999999999996,4529.2
1.0,0.1,0.03,2,8,10,0.8,6.516978579063417,0.9639724555916244,998,999,3974,2974,6948,4,3985.0,6.05650129297567,3.87937323141084,405,3651.3999999999996,4529.2
1.0,0.0,0.03,2,8,10,0.8,6.516987566475672,0.9639723562220734,998,999,3975,2975,6950,4,3985.0,6.05650129297567,3.87937323141084,405,3651.3999999999996,4529.2
1.0,0.0,0.03,3,5,20,1.0,6.521010907426287,0.9639278582889824,343,344,2803,2409,5212,3,3154.0,5.783886118106104,3.663666929472131,169,2773.6,3651.3999999999996
1.0,0.1,0.03,3,5,20,1.0,6.521027297589407,0.9639276769584992,343,344,2801,2407,5208,3,3154.0,5.783886118106104,3.663666929472131,169,2773.6,3651.3999999999996
0.75,0.3,0.05,2,3,10,1.0,6.521459329390134,0.9639228970653264,943,944,3621,2627,6248,3,3154.0,5.783886118106104,3.663666929472131,169,2773.6,3651.3999999999996
1.0,0.3,0.03,3,5,20,1.0,6.521670529418187,0.9639205602851224,358,359,2901,2492,5393,3,3154.0,5.783886118106104,3.663666929472131,169,2773.6,3651.3999999999996
1.0,0.3,0.03,2,8,10,0.8,6.527357423917319,0.9638576103324218,998,999,3972,2972,6944,4,3985.0,6.05650129297567,3.87937323141084,405,3651.3999999999996,4529.2
0.75,0.0,0.03,2,3,1,1.0,6.5284721090182,0.9638452651150176,999,1000,3859,2859,6718,4,3985.0,6.05650129297567,3.87937323141084,405,3651.3999999999996,4529.2
0.75,0.1,0.03,2,5,5,1.0,6.531079224267905,0.9638163828956702,999,1000,3973,2973,6946,4,3985.0,6.05650129297567,3.87937323141084,405,3651.3999999999996,4529.2
1.0,1.0,0.03,3,5,20,1.0,6.536168590313954,0.9637599685064394,315,316,2589,2223,4812,2,2382.0,5.793392504361757,4.116880789176335,219,1895.8,2773.6
1.0,0.3,0.05,3,3,20,1.0,6.546775112270692,0.9636422565594556,192,193,1719,1476,3195,1,1602.0,5.804113719417572,4.31465302959867,156,1018.0,1895.8
1.0,0.3,0.03,3,3,20,1.0,6.551297819387694,0.9635920051851108,413,414,3328,2864,6192,3,3154.0,5.783886118106104,3.663666929472131,169,2773.6,3651.3999999999996
1.0,0.1,0.03,3,3,20,1.0,6.552236588833988,0.9635815702566742,390,391,3166,2725,5891,3,3154.0,5.783886118106104,3.663666929472131,169,2773.6,3651.3999999999996
1.0,1.0,0.03,3,3,20,1.0,6.560821323519706,0.9634860769499908,356,357,2880,2473,5353,3,3154.0,5.783886118106104,3.663666929472131,169,2773.6,3651.3999999999996
0.75,0.3,0.1,2,5,20,1.0,6.565194847173085,0.9634373794697778,432,433,1898,1415,3313,2,2382.0,5.793392504361757,4.116880789176335,219,1895.8,2773.6
1.0,0.0,0.03,3,3,20,1.0,6.57757305174831,0.9632993770919416,319,320,2686,2316,5002,2,2382.0,5.793392504361757,4.116880789176335,219,1895.8,2773.6
0.75,0.0,0.03,2,5,5,0.8,6.579879493439977,0.963273634257281,996,997,3971,2971,6942,4,3985.0,6.05650129297567,3.87937323141084,405,3651.3999999999996,4529.2
0.75,0.1,0.03,2,5,5,0.8,6.579879493439977,0.963273634257281,996,997,3971,2971,6942,4,3985.0,6.05650129297567,3.87937323141084,405,3651.3999999999996,4529.2
0.75,0.1,0.03,2,3,1,1.0,6.582455879558229,0.9632448678266192,999,1000,3844,2844,6688,4,3985.0,6.05650129297567,3.87937323141084,405,3651.3999999999996,4529.2
0.75,0.3,0.03,2,5,5,0.8,6.588507670525865,0.9631772527504088,996,997,3970,2970,6940,4,3985.0,6.05650129297567,3.87937323141084,405,3651.3999999999996,4529.2
1.0,1.0,0.03,2,3,20,0.8,6.592022204553387,0.9631379572614164,996,997,3976,2976,6952,4,3985.0,6.05650129297567,3.87937323141084,405,3651.3999999999996,4529.2
0.75,1.0,0.03,2,5,5,0.8,6.593780996568705,0.9631182845985212,996,997,3966,2966,6932,4,3985.0,6.05650129297567,3.87937323141084,405,3651.3999999999996,4529.2
0.75,0.3,0.03,2,3,1,1.0,6.597425312398549,0.9630775050329036,999,1000,3842,2842,6684,4,3985.0,6.05650129297567,3.87937323141084,405,3651.3999999999996,4529.2
0.75,0.0,0.1,2,5,20,1.0,6.631846074725879,0.962691228356983,402,403,1785,1332,3117,1,1602.0,5.804113719417572,4.31465302959867,156,1018.0,1895.8
1.0,1.0,0.03,2,5,20,0.8,6.632219739480823,0.96268702398746,996,997,3975,2975,6950,4,3985.0,6.05650129297567,3.87937323141084,405,3651.3999999999996,4529.2
1.0,0.1,0.03,2,3,20,0.8,6.653598268710745,0.962446084380146,842,843,3554,2661,6215,3,3154.0,5.783886118106104,3.663666929472131,169,2773.6,3651.3999999999996
1.0,0.3,0.03,2,3,20,0.8,6.653598268710745,0.962446084380146,842,843,3554,2661,6215,3,3154.0,5.783886118106104,3.663666929472131,169,2773.6,3651.3999999999996
1.0,0.0,0.03,2,3,20,0.8,6.653598268710745,0.962446084380146,842,843,3554,2661,6215,3,3154.0,5.783886118106104,3.663666929472131,169,2773.6,3651.3999999999996
0.75,1.0,0.1,2,8,20,1.0,6.663842004097429,0.962330360980323,375,376,1504,1078,2582,1,1602.0,5.804113719417572,4.31465302959867,156,1018.0,1895.8
0.75,1.0,0.1,2,8,10,1.0,6.678298857161554,0.9621667391058762,350,351,1392,991,2383,1,1602.0,5.804113719417572,4.31465302959867,156,1018.0,1895.8
0.75,1.0,0.1,2,5,20,1.0,6.680342265418222,0.9621435833212334,370,371,1548,1127,2675,1,1602.0,5.804113719417572,4.31465302959867,156,1018.0,1895.8
1.0,0.0,0.03,2,5,20,0.8,6.682865477425223,0.9621149806537196,895,896,3762,2816,6578,4,3985.0,6.05650129297567,3.87937323141084,405,3651.3999999999996,4529.2
1.0,0.1,0.03,2,5,20,0.8,6.682882774430809,0.9621147845407674,895,896,3761,2815,6576,4,3985.0,6.05650129297567,3.87937323141084,405,3651.3999999999996,4529.2
1.0,0.3,0.03,2,5,20,0.8,6.682882774430809,0.9621147845407674,895,896,3761,2815,6576,4,3985.0,6.05650129297567,3.87937323141084,405,3651.3999999999996,4529.2
0.75,1.0,0.03,2,8,5,0.8,6.686059680819548,0.9620787562592864,998,999,3952,2952,6904,4,3985.0,6.05650129297567,3.87937323141084,405,3651.3999999999996,4529.2
0.75,0.1,0.03,2,8,5,0.8,6.687356559160633,0.96206404385419,998,999,3960,2960,6920,4,3985.0,6.05650129297567,3.87937323141084,405,3651.3999999999996,4529.2
0.75,0.0,0.03,2,8,5,0.8,6.692477537415434,0.9620059211602492,998,999,3961,2961,6922,4,3985.0,6.05650129297567,3.87937323141084,405,3651.3999999999996,4529.2
0.75,0.3,0.1,2,8,20,1.0,6.699558050482313,0.9619254846170098,345,346,1559,1163,2722,1,1602.0,5.804113719417572,4.31465302959867,156,1018.0,1895.8
0.75,0.3,0.03,2,8,5,0.8,6.706023181111613,0.9618519646966188,996,997,3958,2958,6916,4,3985.0,6.05650129297567,3.87937323141084,405,3651.3999999999996,4529.2
0.75,1.0,0.03,2,3,5,0.8,6.710859061152628,0.9617969258654498,999,1000,3971,2971,6942,4,3985.0,6.05650129297567,3.87937323141084,405,3651.3999999999996,4529.2
0.75,0.3,0.03,2,3,5,0.8,6.7115003664983215,0.961789623966819,999,1000,3975,2975,6950,4,3985.0,6.05650129297567,3.87937323141084,405,3651.3999999999996,4529.2
0.75,0.0,0.03,2,3,5,0.8,6.717431212139794,0.9617220623308383,999,1000,3977,2977,6954,4,3985.0,6.05650129297567,3.87937323141084,405,3651.3999999999996,4529.2
0.75,0.1,0.03,2,3,5,0.8,6.717431212139794,0.9617220623308383,999,1000,3977,2977,6954,4,3985.0,6.05650129297567,3.87937323141084,405,3651.3999999999996,4529.2
1.0,0.3,0.03,2,8,20,0.8,6.728198591731401,0.9615992524673028,751,752,3171,2369,5540,3,3154.0,5.783886118106104,3.663666929472131,169,2773.6,3651.3999999999996
1.0,0.0,0.03,2,8,20,0.8,6.738817262644224,0.9614779460969626,751,752,3172,2370,5542,3,3154.0,5.783886118106104,3.663666929472131,169,2773.6,3651.3999999999996
1.0,0.1,0.03,2,8,20,0.8,6.738817262644224,0.9614779460969626,751,752,3172,2370,5542,3,3154.0,5.783886118106104,3.663666929472131,169,2773.6,3651.3999999999996
1.0,1.0,0.03,2,8,20,0.8,6.744338062669741,0.9614148015823534,749,750,3159,2359,5518,3,3154.0,5.783886118106104,3.663666929472131,169,2773.6,3651.3999999999996
0.75,0.0,0.05,2,3,20,1.0,6.745717506918627,0.9613990160233192,998,999,3791,2791,6582,4,3985.0,6.05650129297567,3.87937323141084,405,3651.3999999999996,4529.2
0.75,1.0,0.1,2,3,10,1.0,6.754343027461633,0.9613002373691096,323,324,1324,950,2274,1,1602.0,5.804113719417572,4.31465302959867,156,1018.0,1895.8
0.75,0.0,0.1,2,8,20,1.0,6.754520800066814,0.961298200206315,339,340,1538,1148,2686,1,1602.0,5.804113719417572,4.31465302959867,156,1018.0,1895.8
0.75,0.0,0.03,2,5,10,1.0,6.769150668065945,0.9611303673079284,999,1000,3977,2977,6954,4,3985.0,6.05650129297567,3.87937323141084,405,3651.3999999999996,4529.2
0.75,0.0,0.03,2,5,10,0.8,6.776814804399082,0.9610422998904664,998,999,3953,2953,6906,4,3985.0,6.05650129297567,3.87937323141084,405,3651.3999999999996,4529.2
0.75,0.1,0.03,2,5,10,0.8,6.777710795246318,0.9610319976906124,998,999,3952,2952,6904,4,3985.0,6.05650129297567,3.87937323141084,405,3651.3999999999996,4529.2
0.75,0.3,0.03,2,5,10,0.8,6.777727094325989,0.9610318102694146,998,999,3950,2950,6900,4,3985.0,6.05650129297567,3.87937323141084,405,3651.3999999999996,4529.2
0.75,0.1,0.03,2,5,10,1.0,6.783622574842249,0.9609639892680656,999,1000,3972,2972,6944,4,3985.0,6.05650129297567,3.87937323141084,405,3651.3999999999996,4529.2
0.75,0.3,0.05,2,3,20,1.0,6.78659164037314,0.9609298111172648,999,1000,3767,2767,6534,4,3985.0,6.05650129297567,3.87937323141084,405,3651.3999999999996,4529.2
0.75,0.3,0.03,2,5,10,1.0,6.799188780487436,0.9607846338470172,999,1000,3968,2968,6936,4,3985.0,6.05650129297567,3.87937323141084,405,3651.3999999999996,4529.2
0.75,1.0,0.03,2,5,10,0.8,6.8185983358359366,0.9605604190852358,998,999,3944,2944,6888,4,3985.0,6.05650129297567,3.87937323141084,405,3651.3999999999996,4529.2
0.75,1.0,0.03,2,8,10,0.8,6.822965848558041,0.9605098784816022,998,999,3930,2930,6860,4,3985.0,6.05650129297567,3.87937323141084,405,3651.3999999999996,4529.2
0.75,0.3,0.1,2,3,20,1.0,6.823798847016805,0.9605002353970148,427,428,1882,1404,3286,1,1602.0,5.804113719417572,4.31465302959867,156,1018.0,1895.8
0.75,0.1,0.1,2,3,20,1.0,6.823798847016805,0.9605002353970148,427,428,1882,1404,3286,1,1602.0,5.804113719417572,4.31465302959867,156,1018.0,1895.8
0.75,0.1,0.03,2,8,10,1.0,6.836705936958433,0.9603506679229282,999,1000,3980,2980,6960,4,3985.0,6.05650129297567,3.87937323141084,405,3651.3999999999996,4529.2
0.75,0.3,0.03,2,8,10,1.0,6.836705936958433,0.9603506679229282,999,1000,3980,2980,6960,4,3985.0,6.05650129297567,3.87937323141084,405,3651.3999999999996,4529.2
0.75,0.3,0.03,2,8,10,0.8,6.839957973823219,0.9603129387130808,998,999,3936,2936,6872,4,3985.0,6.05650129297567,3.87937323141084,405,3651.3999999999996,4529.2
0.75,0.1,0.03,2,8,10,0.8,6.839957973823219,0.9603129387130808,998,999,3936,2936,6872,4,3985.0,6.05650129297567,3.87937323141084,405,3651.3999999999996,4529.2
0.75,0.0,0.03,2,8,10,0.8,6.846383913219921,0.9602383340308124,996,997,3937,2937,6874,4,3985.0,6.05650129297567,3.87937323141084,405,3651.3999999999996,4529.2
0.75,0.0,0.03,2,8,10,1.0,6.862106034214806,0.9600555059807726,999,1000,3981,2981,6962,4,3985.0,6.05650129297567,3.87937323141084,405,3651.3999999999996,4529.2
0.75,0.1,0.05,2,3,20,1.0,6.902428226462782,0.9595846937545784,999,1000,3765,2765,6530,4,3985.0,6.05650129297567,3.87937323141084,405,3651.3999999999996,4529.2
0.75,1.0,0.03,2,3,10,0.8,6.922049212972105,0.9593545963932066,998,999,3957,2957,6914,4,3985.0,6.05650129297567,3.87937323141084,405,3651.3999999999996,4529.2
0.75,0.3,0.03,2,8,20,1.0,6.9428146585642665,0.9591103664323276,999,1000,3972,2972,6944,4,3985.0,6.05650129297567,3.87937323141084,405,3651.3999999999996,4529.2
0.75,0.1,0.03,2,3,10,0.8,6.944430734341347,0.9590913284944352,999,1000,3964,2964,6928,4,3985.0,6.05650129297567,3.87937323141084,405,3651.3999999999996,4529.2
0.75,0.3,0.03,2,3,10,0.8,6.944430734341347,0.9590913284944352,999,1000,3964,2964,6928,4,3985.0,6.05650129297567,3.87937323141084,405,3651.3999999999996,4529.2
0.75,0.0,0.03,2,3,10,0.8,6.944430734341347,0.9590913284944352,999,1000,3964,2964,6928,4,3985.0,6.05650129297567,3.87937323141084,405,3651.3999999999996,4529.2
0.75,0.3,0.03,2,5,20,1.0,6.945468361051456,0.9590791025530708,998,999,3971,2971,6942,4,3985.0,6.05650129297567,3.87937323141084,405,3651.3999999999996,4529.2
1.0,1.0,0.1,2,8,20,0.8,6.94838848446126,0.9590446861007416,207,208,1018,760,1778,1,1602.0,5.804113719417572,4.31465302959867,156,1018.0,1895.8
1.0,0.3,0.1,2,8,20,0.8,6.948395312043677,0.9590446056141888,207,208,1019,761,1780,1,1602.0,5.804113719417572,4.31465302959867,156,1018.0,1895.8
1.0,0.1,0.1,2,8,20,0.8,6.948395312043677,0.9590446056141888,207,208,1019,761,1780,1,1602.0,5.804113719417572,4.31465302959867,156,1018.0,1895.8
1.0,0.0,0.1,2,8,20,0.8,6.948395312043677,0.9590446056141888,207,208,1019,761,1780,1,1602.0,5.804113719417572,4.31465302959867,156,1018.0,1895.8
0.75,0.0,0.03,2,5,20,0.8,6.955049160863696,0.9589661295143368,999,1000,3913,2913,6826,4,3985.0,6.05650129297567,3.87937323141084,405,3651.3999999999996,4529.2
0.75,0.1,0.03,2,5,20,0.8,6.955057105616517,0.9589660357683008,999,1000,3912,2912,6824,4,3985.0,6.05650129297567,3.87937323141084,405,3651.3999999999996,4529.2
0.75,0.3,0.03,2,5,20,0.8,6.955057105616517,0.9589660357683008,999,1000,3912,2912,6824,4,3985.0,6.05650129297567,3.87937323141084,405,3651.3999999999996,4529.2
0.75,0.3,0.03,2,3,5,1.0,6.966592188325394,0.9588298118157906,998,999,3793,2793,6586,4,3985.0,6.05650129297567,3.87937323141084,405,3651.3999999999996,4529.2
1.0,1.0,0.03,2,3,5,0.8,6.972011633249883,0.9587657327522128,475,476,2101,1575,3676,2,2382.0,5.793392504361757,4.116880789176335,219,1895.8,2773.6
1.0,0.3,0.03,2,3,5,0.8,6.972011633249883,0.9587657327522128,475,476,2102,1576,3678,2,2382.0,5.793392504361757,4.116880789176335,219,1895.8,2773.6
1.0,0.0,0.03,2,3,5,0.8,6.972011633249883,0.9587657327522128,475,476,2102,1576,3678,2,2382.0,5.793392504361757,4.116880789176335,219,1895.8,2773.6
1.0,0.1,0.03,2,3,5,0.8,6.972011633249883,0.9587657327522128,475,476,2102,1576,3678,2,2382.0,5.793392504361757,4.116880789176335,219,1895.8,2773.6
0.75,0.0,0.03,2,8,20,0.8,6.973279819928967,0.9587507306245232,996,997,3896,2896,6792,4,3985.0,6.05650129297567,3.87937323141084,405,3651.3999999999996,4529.2
0.75,0.0,0.03,2,5,20,1.0,6.977684680525548,0.9586986017345313,999,1000,3974,2974,6948,4,3985.0,6.05650129297567,3.87937323141084,405,3651.3999999999996,4529.2
0.75,1.0,0.03,2,5,20,1.0,6.9815152016894375,0.9586532430482816,998,999,3957,2957,6914,4,3985.0,6.05650129297567,3.87937323141084,405,3651.3999999999996,4529.2
0.75,0.1,0.03,2,3,5,1.0,6.98220423029807,0.9586450813517352,997,998,3797,2797,6594,4,3985.0,6.05650129297567,3.87937323141084,405,3651.3999999999996,4529.2
0.75,0.0,0.03,2,3,5,1.0,6.98602399686248,0.9585998207607472,998,999,3801,2801,6602,4,3985.0,6.05650129297567,3.87937323141084,405,3651.3999999999996,4529.2
0.75,0.0,0.03,2,8,20,1.0,6.986296870078022,0.9585965865260332,999,1000,3974,2974,6948,4,3985.0,6.05650129297567,3.87937323141084,405,3651.3999999999996,4529.2
0.75,1.0,0.03,2,8,20,0.8,6.995098243905526,0.9584922003347832,996,997,3890,2890,6780,4,3985.0,6.05650129297567,3.87937323141084,405,3651.3999999999996,4529.2
0.75,0.1,0.03,2,8,20,0.8,7.00537891888876,0.9583701028993176,996,997,3895,2895,6790,4,3985.0,6.05650129297567,3.87937323141084,405,3651.3999999999996,4529.2
0.75,0.3,0.03,2,8,20,0.8,7.00537891888876,0.9583701028993176,996,997,3895,2895,6790,4,3985.0,6.05650129297567,3.87937323141084,405,3651.3999999999996,4529.2
0.75,1.0,0.03,2,5,20,0.8,7.011885637627722,0.9582927338287854,996,997,3908,2908,6816,4,3985.0,6.05650129297567,3.87937323141084,405,3651.3999999999996,4529.2
0.75,0.0,0.1,2,3,20,1.0,7.013145421231941,0.9582777458917938,372,373,1668,1245,2913,1,1602.0,5.804113719417572,4.31465302959867,156,1018.0,1895.8
0.75,0.1,0.03,2,8,20,1.0,7.026294017718653,0.9581211532897708,999,1000,3973,2973,6946,4,3985.0,6.05650129297567,3.87937323141084,405,3651.3999999999996,4529.2
0.75,0.1,0.03,2,5,20,1.0,7.031163030916926,0.9580630915837934,999,1000,3973,2973,6946,4,3985.0,6.05650129297567,3.87937323141084,405,3651.3999999999996,4529.2
0.75,1.0,0.05,2,5,20,1.0,7.045142437289971,0.9578961673129742,604,605,2437,1782,4219,2,2382.0,5.793392504361757,4.116880789176335,219,1895.8,2773.6
0.75,1.0,0.03,2,8,20,1.0,7.062501016667462,0.9576884318080122,941,942,3781,2789,6570,4,3985.0,6.05650129297567,3.87937323141084,405,3651.3999999999996,4529.2
0.75,1.0,0.1,2,3,20,1.0,7.080421437227716,0.9574734362768574,366,367,1597,1180,2777,1,1602.0,5.804113719417572,4.31465302959867,156,1018.0,1895.8
0.75,1.0,0.05,2,8,20,1.0,7.104503109210135,0.9571836647282698,636,637,2383,1696,4079,2,2382.0,5.793392504361757,4.116880789176335,219,1895.8,2773.6
0.75,1.0,0.05,2,8,10,1.0,7.146063252894202,0.9566812628661198,460,461,1875,1364,3239,1,1602.0,5.804113719417572,4.31465302959867,156,1018.0,1895.8
0.75,1.0,0.03,2,3,20,0.8,7.158682070446679,0.9565281397119314,998,999,3925,2925,6850,4,3985.0,6.05650129297567,3.87937323141084,405,3651.3999999999996,4529.2
0.75,0.0,0.03,2,3,20,0.8,7.176770379574767,0.956308175791682,998,999,3933,2933,6866,4,3985.0,6.05650129297567,3.87937323141084,405,3651.3999999999996,4529.2
0.75,0.1,0.03,2,3,20,0.8,7.178686483734074,0.9562848423819492,998,999,3930,2930,6860,4,3985.0,6.05650129297567,3.87937323141084,405,3651.3999999999996,4529.2
0.75,0.3,0.03,2,3,20,0.8,7.178686483734074,0.9562848423819492,998,999,3930,2930,6860,4,3985.0,6.05650129297567,3.87937323141084,405,3651.3999999999996,4529.2
0.75,1.0,0.03,2,8,5,1.0,7.185176216365345,0.956205767213608,701,702,2820,2068,4888,3,3154.0,5.783886118106104,3.663666929472131,169,2773.6,3651.3999999999996
0.75,1.0,0.05,2,5,10,1.0,7.189455935840583,0.95615358120061,532,533,1941,1358,3299,2,2382.0,5.793392504361757,4.116880789176335,219,1895.8,2773.6
0.75,1.0,0.03,2,8,10,1.0,7.224471617328579,0.9557254400289442,784,785,3161,2326,5487,3,3154.0,5.783886118106104,3.663666929472131,169,2773.6,3651.3999999999996
0.75,1.0,0.03,2,5,5,1.0,7.236393734593469,0.955579192092569,683,684,2748,2014,4762,2,2382.0,5.793392504361757,4.116880789176335,219,1895.8,2773.6
0.75,0.1,0.03,2,3,10,1.0,7.259651358005172,0.955293198080299,999,1000,3830,2830,6660,4,3985.0,6.05650129297567,3.87937323141084,405,3651.3999999999996,4529.2
0.75,1.0,0.03,2,3,1,1.0,7.263278170355507,0.9552485172339352,844,845,3066,2171,5237,3,3154.0,5.783886118106104,3.663666929472131,169,2773.6,3651.3999999999996
0.75,1.0,0.05,2,8,5,1.0,7.267366556589165,0.9551981232286856,392,393,1597,1154,2751,1,1602.0,5.804113719417572,4.31465302959867,156,1018.0,1895.8
0.75,1.0,0.03,2,5,10,1.0,7.299355276980388,0.954802846933823,901,902,3260,2308,5568,3,3154.0,5.783886118106104,3.663666929472131,169,2773.6,3651.3999999999996
0.75,0.3,0.03,2,3,10,1.0,7.320522065618457,0.9545403400011782,997,998,3828,2828,6656,4,3985.0,6.05650129297567,3.87937323141084,405,3651.3999999999996,4529.2
0.75,1.0,0.03,2,8,1,1.0,7.323449346741045,0.9545039765261228,700,701,2602,1851,4453,2,2382.0,5.793392504361757,4.116880789176335,219,1895.8,2773.6
0.75,1.0,0.03,2,5,1,1.0,7.324621757659092,0.95448940844441,715,716,2625,1859,4484,2,2382.0,5.793392504361757,4.116880789176335,219,1895.8,2773.6
0.75,1.0,0.05,2,3,10,1.0,7.324855961607055,0.9544864980058986,592,593,2292,1649,3941,2,2382.0,5.793392504361757,4.116880789176335,219,1895.8,2773.6
0.75,0.0,0.03,2,3,10,1.0,7.326559030925273,0.9544653312661632,999,1000,3832,2832,6664,4,3985.0,6.05650129297567,3.87937323141084,405,3651.3999999999996,4529.2
0.75,1.0,0.05,2,5,1,1.0,7.328144253124956,0.9544456247773808,427,428,1595,1117,2712,1,1602.0,5.804113719417572,4.31465302959867,156,1018.0,1895.8
0.75,1.0,0.03,2,3,5,1.0,7.334401625649642,0.954367795415426,999,1000,3451,2451,5902,3,3154.0,5.783886118106104,3.663666929472131,169,2773.6,3651.3999999999996
0.75,1.0,0.05,2,3,1,1.0,7.346347108450163,0.9542190327373304,512,513,1808,1245,3053,1,1602.0,5.804113719417572,4.31465302959867,156,1018.0,1895.8
0.75,1.0,0.05,2,5,5,1.0,7.358806994341442,0.9540636060036702,469,470,1658,1138,2796,1,1602.0,5.804113719417572,4.31465302959867,156,1018.0,1895.8
0.75,1.0,0.05,2,3,5,1.0,7.463456894090455,0.9527477891863116,594,595,2004,1359,3363,2,2382.0,5.793392504361757,4.116880789176335,219,1895.8,2773.6
0.75,1.0,0.05,2,8,1,1.0,7.465201788227124,0.952725692255938,371,372,1523,1101,2624,1,1602.0,5.804113719417572,4.31465302959867,156,1018.0,1895.8
0.75,1.0,0.03,2,3,10,1.0,7.4858184368337,0.9524642167735028,999,1000,3675,2675,6350,4,3985.0,6.05650129297567,3.87937323141084,405,3651.3999999999996,4529.2
0.75,0.3,0.03,2,3,20,1.0,7.7193583902993455,0.9494519409261288,999,1000,3921,2921,6842,4,3985.0,6.05650129297567,3.87937323141084,405,3651.3999999999996,4529.2
0.75,1.0,0.03,2,3,20,1.0,7.733092822167284,0.9492719087398276,999,1000,3913,2913,6826,4,3985.0,6.05650129297567,3.87937323141084,405,3651.3999999999996,4529.2
0.75,1.0,0.05,2,3,20,1.0,7.763715075535283,0.9488693572204744,799,800,2753,1903,4656,2,2382.0,5.793392504361757,4.116880789176335,219,1895.8,2773.6
0.75,0.1,0.03,2,3,20,1.0,7.76995697863212,0.948787107727501,999,1000,3928,2928,6856,4,3985.0,6.05650129297567,3.87937323141084,405,3651.3999999999996,4529.2
0.75,0.0,0.03,2,3,20,1.0,7.773843189622958,0.9487358657766948,999,1000,3938,2938,6876,4,3985.0,6.05650129297567,3.87937323141084,405,3651.3999999999996,4529.2
