colsample_bytree,gamma,learning_rate,max_depth,min_child_weight,reg_lambda,subsample,val_rmse,val_r2,best_iteration,best_n_estimators
0.75,0.1,0.05,4,3,1,0.8,4.445262613043599,0.9832375721714318,544,545
0.75,0.0,0.1,4,3,10,0.8,4.458366570279884,0.98313860034004,544,545
0.75,0.1,0.1,4,3,5,0.8,4.467552170764162,0.983069049471713,441,442
0.75,0.0,0.05,4,3,1,0.8,4.493276909176678,0.9828735069389727,544,545
0.75,0.0,0.1,4,3,20,0.8,4.504252926947891,0.9827897327615557,735,736
0.75,0.0,0.05,4,3,5,1.0,4.506356694981375,0.9827736524632327,999,1000
0.75,0.0,0.1,4,3,5,0.8,4.514996466227449,0.9827075350272116,377,378
0.75,0.1,0.1,4,3,10,0.8,4.52217160685423,0.9826525296874218,544,545
0.75,0.0,0.05,4,3,1,1.0,4.546814669920935,0.9824629483824476,985,986
0.75,0.1,0.1,4,3,20,0.8,4.568951585175977,0.9822917686440973,544,545
0.75,1.0,0.05,4,3,1,0.8,4.571577329008351,0.9822714092074847,647,648
0.75,0.3,0.1,4,3,10,0.8,4.572150808609261,0.9822669610172269,469,470
0.75,0.3,0.05,4,3,1,0.8,4.581730549915506,0.9821925733163667,469,470
0.75,0.3,0.1,4,3,5,0.8,4.584673826139334,0.9821696871995914,377,378
0.75,0.0,0.1,4,5,1,1.0,4.608440666086251,0.9819843442007516,379,380
0.75,0.3,0.1,4,3,20,0.8,4.615989615889546,0.981925274038258,660,661
0.75,0.0,0.03,4,3,5,0.8,4.63869725046063,0.9817470050906397,997,998
0.75,0.1,0.03,4,3,5,0.8,4.639188145708091,0.9817431415996264,997,998
0.75,1.0,0.1,4,3,20,0.8,4.6568045843442505,0.9816042244172769,656,657
0.75,0.0,0.05,4,5,1,1.0,4.683722244037861,0.9813909441159648,902,903
0.75,0.3,0.03,4,3,5,0.8,4.686324008889664,0.9813702640532151,888,889
0.75,0.0,0.1,4,3,5,1.0,4.688263153277699,0.9813548433430624,568,569
0.75,0.0,0.1,4,3,20,1.0,4.692733625903339,0.9813192683763889,773,774
0.75,0.1,0.05,4,3,10,0.8,4.700878533579231,0.9812543659600188,976,977
0.75,0.1,0.05,4,3,20,0.8,4.705568319067099,0.9812169445058686,997,998
0.75,1.0,0.1,4,3,10,0.8,4.706328075189883,0.9812108786313549,549,550
0.75,0.0,0.05,4,3,20,0.8,4.7064457019189625,0.9812099394148479,999,1000
0.75,0.0,0.1,4,8,1,0.8,4.707757831477981,0.9811994608361898,309,310
0.75,0.3,0.05,4,3,10,0.8,4.721160647984881,0.9810922595421101,976,977
0.75,0.0,0.1,4,5,10,0.8,4.722600239433803,0.9810807269663611,549,550
0.75,0.3,0.05,4,3,20,0.8,4.725484345672363,0.9810576117958268,997,998
0.75,0.1,0.1,4,3,1,0.8,4.72562666048272,0.9810564708236931,376,377
0.75,0.3,0.1,4,8,20,0.8,4.736424058617476,0.9809698052807108,734,735
0.75,0.0,0.03,4,3,1,0.8,4.746020135573293,0.9808926161601691,735,736
0.75,0.0,0.05,4,5,1,0.8,4.750597155892857,0.9808557444015369,376,377
0.75,0.0,0.05,4,8,1,0.8,4.752033732415829,0.9808441642377979,544,545
0.75,0.1,0.05,4,3,5,0.8,4.7538095548232615,0.9808298445926125,547,548
0.75,0.1,0.05,4,5,1,0.8,4.755026136019909,0.9808200313955997,376,377
0.75,0.1,0.1,4,8,20,0.8,4.75693394191352,0.9808046375799923,660,661
0.75,0.1,0.03,4,5,1,0.8,4.764828557346781,0.9807408714002298,658,659
0.75,0.0,0.05,4,3,10,0.8,4.768413915293611,0.9807118769262165,852,853
0.75,0.1,0.1,4,5,5,0.8,4.772289341436101,0.9806805121691571,322,323
0.75,0.3,0.03,4,3,1,0.8,4.7734004382711746,0.9806715150949596,654,655
0.75,0.3,0.03,4,5,1,0.8,4.776749885151661,0.9806443803729031,658,659
0.75,0.1,0.1,4,5,10,0.8,4.780778666993123,0.9806117169698265,337,338
0.75,1.0,0.1,4,5,5,0.8,4.782413760978324,0.9805984525673583,318,319
0.75,0.0,0.1,4,8,20,0.8,4.784463813049951,0.980581815484333,547,548
0.75,0.3,0.05,4,5,1,0.8,4.784742418900713,0.9805795539237715,372,373
0.75,1.0,0.03,4,3,5,0.8,4.790842561890108,0.9805300034963345,853,854
0.75,0.0,0.05,4,5,5,1.0,4.7915805509593445,0.9805240046553804,797,798
0.75,0.3,0.1,4,5,1,0.8,4.796224793719056,0.9804862321148279,369,370
0.75,0.0,0.05,4,3,5,0.8,4.798303273236564,0.9804693155786488,660,661
0.75,1.0,0.03,4,5,1,0.8,4.800190706344039,0.9804539476002736,733,734
0.75,0.1,0.03,4,3,1,0.8,4.801592979108858,0.9804425260122254,660,661
0.75,1.0,0.05,4,5,1,0.8,4.80748141735006,0.980394527944356,376,377
0.75,0.1,0.1,4,5,20,0.8,4.8078322963894555,0.9803916659883147,647,648
0.75,0.0,0.03,4,5,1,1.0,4.808239803679687,0.9803883418799841,976,977
0.75,0.3,0.1,4,5,10,0.8,4.811439638363013,0.9803622304764317,337,338
0.75,0.0,0.03,4,5,1,0.8,4.819163997277901,0.9802991263107078,548,549
0.75,0.3,0.05,4,3,5,0.8,4.825482670390934,0.9802474306267737,655,656
0.75,0.0,0.1,4,8,1,1.0,4.8269552984790955,0.9802353727129905,573,574
0.75,0.3,0.1,4,8,1,0.8,4.829146563423678,0.9802174237730367,152,153
0.75,1.0,0.05,4,3,20,0.8,4.829228481799498,0.9802167526108602,999,1000
0.75,0.0,0.1,4,5,1,0.8,4.832018417952494,0.9801938876995693,369,370
0.75,1.0,0.03,4,3,1,0.8,4.832354283686462,0.9801911342226323,655,656
0.75,0.0,0.1,4,5,20,1.0,4.837264242666375,0.9801508598039841,683,684
0.75,0.3,0.03,4,8,1,0.8,4.842142936368417,0.9801108013312467,734,735
0.75,0.3,0.03,4,3,10,0.8,4.845093377829944,0.9800865559525556,999,1000
0.75,0.0,0.03,4,3,1,1.0,4.8469821489485625,0.9800710271417695,788,789
0.75,0.1,0.03,4,3,10,0.8,4.849701523207915,0.9800486587744572,999,1000
0.75,0.0,0.1,4,3,1,1.0,4.8507010811188,0.9800404337008082,512,513
0.75,0.0,0.1,4,8,10,0.8,4.852093740259611,0.9800289710844585,369,370
0.75,0.1,0.05,4,8,1,0.8,4.852920258647477,0.9800221666699601,449,450
0.75,0.0,0.03,4,3,10,0.8,4.857431961237558,0.979985003091805,999,1000
0.75,1.0,0.03,4,8,1,0.8,4.862144047543319,0.9799461520533274,733,734
0.75,0.0,0.05,4,8,5,1.0,4.867760141879472,0.9798997982863529,805,806
0.75,0.3,0.1,4,8,10,0.8,4.872594405079255,0.9798598546929462,396,397
0.75,0.3,0.05,4,8,1,0.8,4.873583670523227,0.9798516758991963,449,450
0.75,0.0,0.03,4,8,1,0.8,4.87369289566132,0.9798507727739842,734,735
0.75,0.1,0.1,4,5,1,0.8,4.87606804666549,0.9798311288941758,304,305
0.75,0.1,0.1,4,8,10,0.8,4.877521159342056,0.9798191060885186,344,345
0.75,0.1,0.1,4,8,5,0.8,4.878306760164398,0.9798126046698219,403,404
0.75,0.1,0.1,4,8,1,0.8,4.884460406170655,0.9797616425462569,150,151
0.75,0.0,0.1,4,3,10,1.0,4.887552056736925,0.9797360144415751,733,734
0.75,0.1,0.03,4,8,1,0.8,4.889161244504095,0.9797226687317594,650,651
0.75,1.0,0.1,4,8,1,0.8,4.894655988692817,0.979677065262272,152,153
0.75,0.0,0.03,4,3,5,1.0,4.898228441149601,0.9796473883192964,999,1000
0.75,0.0,0.1,4,3,1,0.8,4.91088949366524,0.979542036548109,152,153
0.75,0.0,0.05,4,3,10,1.0,4.915031670800183,0.9795075107268736,999,1000
0.75,1.0,0.1,4,5,20,0.8,4.919026172191444,0.9794741882396301,549,550
0.75,0.3,0.1,4,5,20,0.8,4.920309399821761,0.9794634776951313,391,392
0.75,1.0,0.1,4,5,10,0.8,4.924201121165801,0.9794309781008861,303,304
0.75,0.3,0.03,4,3,20,0.8,4.925309697439416,0.9794217157268235,999,1000
0.75,0.0,0.1,4,8,20,1.0,4.927129634207281,0.9794065052739965,797,798
0.75,0.0,0.1,4,5,20,0.8,4.927514631102287,0.9794032868722607,389,390
0.75,0.3,0.1,4,3,1,0.8,4.935175352553228,0.9793391943845754,152,153
0.75,0.0,0.03,4,3,20,0.8,4.94018620989507,0.979297217798093,999,1000
0.75,1.0,0.1,4,8,20,0.8,4.940750945123547,0.9792924842685459,393,394
0.75,1.0,0.05,4,3,5,0.8,4.943998760214148,0.9792652510452234,402,403
0.75,0.3,0.1,4,5,5,0.8,4.946806214778504,0.9792416958639822,150,151
0.75,1.0,0.1,4,3,1,0.8,4.946851133343267,0.9792413188783388,152,153
0.75,0.1,0.03,4,3,20,0.8,4.954639776037914,0.9791758997957862,999,1000
0.75,0.0,0.1,4,5,5,0.8,4.955193743360399,0.9791712429422288,152,153
0.75,1.0,0.03,4,3,10,0.8,4.957427526593398,0.9791524596543192,999,1000
0.75,1.0,0.05,4,3,10,0.8,4.957826658477697,0.979149102569225,656,657
0.75,0.0,0.1,4,5,5,1.0,4.9643821902811265,0.9790939255331494,309,310
0.75,0.1,0.03,4,5,5,0.8,4.964641064556881,0.9790917451264893,735,736
0.75,1.0,0.1,4,8,10,0.8,4.965842436620688,0.9790816249054496,345,346
0.75,0.1,0.1,4,5,1,1.0,4.976862937168673,0.9789886752110808,130,131
0.75,0.3,0.05,4,8,5,0.8,4.977681832170222,0.9789817602188018,650,651
0.75,1.0,0.03,4,3,20,0.8,4.9803756127465775,0.978959005109836,999,1000
0.75,0.3,0.1,4,5,1,1.0,4.981276205540715,0.9789513948076645,88,89
0.75,0.0,0.03,4,8,5,0.8,4.981555019599256,0.9789490384591949,888,889
0.75,1.0,0.05,4,5,5,0.8,4.981755141495251,0.9789473470825312,389,390
0.75,0.0,0.05,4,8,20,0.8,4.9838463770108685,0.9789296684552875,889,890
0.75,1.0,0.03,4,5,5,0.8,4.985582777154454,0.9789149838533044,734,735
0.75,0.3,0.03,4,5,10,0.8,4.986883184395387,0.9789039830596923,997,998
0.75,0.3,0.03,4,8,5,0.8,4.989597480867693,0.9788810122278464,888,889
0.75,0.0,0.03,4,5,5,0.8,4.990384343250537,0.9788743507496735,648,649
0.75,0.1,0.03,4,8,5,0.8,5.000483018563642,0.9787887633803567,888,889
0.75,0.3,0.03,4,5,5,0.8,5.003183509200059,0.9787658471089553,647,648
0.75,0.1,0.1,4,3,20,1.0,5.00529605878567,0.9787479114600646,452,453
0.75,0.0,0.05,4,5,10,1.0,5.011131983846559,0.9786983248228418,999,1000
0.75,1.0,0.1,4,3,5,0.8,5.011219334335556,0.978697582185064,152,153
0.75,1.0,0.1,4,5,1,1.0,5.012066280748739,0.9786903809313184,86,87
0.75,0.0,0.03,4,8,1,1.0,5.015872467064292,0.9786580033955942,677,678
0.75,0.3,0.05,4,5,5,0.8,5.017209954279338,0.978646620150299,375,376
0.75,0.0,0.05,4,5,5,0.8,5.0272223634561,0.9785613089482103,375,376
0.75,0.0,0.1,4,8,5,1.0,5.036064483771082,0.9784858278261737,291,292
0.75,0.3,0.03,4,8,10,0.8,5.036779779557408,0.9784797158752099,997,998
0.75,0.0,0.05,4,5,10,0.8,5.039263222489753,0.9784584889899607,660,661
0.75,0.1,0.05,4,3,1,1.0,5.040640554353546,0.9784467119253876,280,281
0.75,0.1,0.05,4,5,5,0.8,5.042809667929908,0.9784281580973774,372,373
0.75,1.0,0.03,4,8,5,0.8,5.051375985906447,0.9783548068414342,888,889
0.75,0.1,0.05,4,5,20,0.8,5.051422855799703,0.9783544051637122,734,735
0.75,0.1,0.1,4,5,20,1.0,5.055203709755249,0.9783219907481009,363,364
0.75,1.0,0.03,4,8,10,0.8,5.055853829388598,0.9783164146303168,998,999
0.75,0.0,0.03,4,8,10,0.8,5.056958329337122,0.9783069396194741,997,998
0.75,0.1,0.05,4,5,1,1.0,5.057874772621063,0.9782990762915171,999,1000
0.75,0.0,0.03,4,5,20,0.8,5.058077248071796,0.9782973388059311,997,998
0.75,1.0,0.1,4,8,5,0.8,5.061527070744687,0.9782677244440526,152,153
0.75,0.1,0.03,4,8,1,1.0,5.0648236905139505,0.9782394063577834,550,551
0.75,0.1,0.03,4,8,10,0.8,5.065284317427233,0.9782354480873701,997,998
0.75,0.3,0.05,4,3,1,1.0,5.066428779570686,0.9782256119091272,385,386
0.75,0.0,0.03,4,5,10,0.8,5.073049874307383,0.9781686627255548,734,735
0.75,0.3,0.03,4,3,1,1.0,5.07329606240632,0.9781665437848918,630,631
0.75,0.1,0.05,4,5,10,0.8,5.074719036884332,0.9781542942304923,549,550
0.75,0.0,0.05,4,8,10,0.8,5.079385326219891,0.9781141007734175,660,661
0.75,0.1,0.03,4,5,10,0.8,5.082510003886675,0.9780871654610875,734,735
0.75,0.1,0.05,4,3,5,1.0,5.083627735955988,0.978077526376833,353,354
0.75,0.1,0.05,4,8,20,0.8,5.085516259931868,0.9780612353306439,650,651
0.75,0.0,0.05,4,5,20,1.0,5.085986737376559,0.978057175891696,999,1000
0.75,0.3,0.05,4,8,20,0.8,5.086463118038669,0.9780530651351544,650,651
0.75,0.3,0.1,4,8,5,0.8,5.086548277802822,0.9780523302388623,150,151
0.75,0.1,0.05,4,5,5,1.0,5.0869497550664775,0.9780488654774326,390,391
0.75,0.3,0.05,4,5,10,0.8,5.086957231661248,0.9780488009515906,549,550
0.75,0.3,0.05,4,5,20,0.8,5.087405646479996,0.9780449307886092,650,651
0.75,0.1,0.03,4,3,1,1.0,5.087648180926207,0.9780428373886132,684,685
0.75,0.3,0.1,3,3,5,0.8,5.088294092433953,0.9780372618127169,660,661
0.75,0.0,0.1,3,3,20,0.8,5.088738754929522,0.9780334230280411,999,1000
0.75,0.1,0.03,4,5,1,1.0,5.089872763180679,0.978023631582136,536,537
0.75,0.1,0.03,4,5,20,0.8,5.090871819457248,0.9780150035536623,995,996
0.75,0.3,0.03,4,5,20,0.8,5.094104593868717,0.9779870731313327,998,999
0.75,0.1,0.05,4,8,10,0.8,5.0988386473565654,0.9779461400120011,549,550
0.75,0.0,0.03,4,8,20,0.8,5.099155217029167,0.9779434014276095,995,996
0.75,1.0,0.03,4,5,20,0.8,5.102198215057481,0.9779170683547744,998,999
0.75,0.3,0.1,3,3,20,0.8,5.104034811551716,0.977901167469432,999,1000
0.75,0.1,0.1,4,8,20,1.0,5.106052542656729,0.9778836917597213,429,430
0.75,0.1,0.05,4,8,5,0.8,5.108217911443752,0.9778649296660267,417,418
0.75,1.0,0.03,4,5,10,0.8,5.10908467342567,0.9778574172750164,734,735
0.75,0.0,0.1,4,8,10,1.0,5.111886386876277,0.9778331255727833,515,516
0.75,1.0,0.05,4,5,10,0.8,5.112083666903054,0.9778314145934566,549,550
0.75,0.1,0.1,3,3,5,0.8,5.113663262518368,0.9778177126227358,660,661
0.75,0.0,0.1,3,3,5,0.8,5.113783232479848,0.9778166717879203,660,661
0.75,1.0,0.03,4,8,20,0.8,5.116297890963994,0.9777948495058708,995,996
0.75,0.3,0.03,4,5,1,1.0,5.116574965136934,0.9777924443916911,376,377
0.75,0.0,0.1,4,8,5,0.8,5.117760650150439,0.9777821507022737,152,153
0.75,0.0,0.1,4,5,10,1.0,5.1195591280393655,0.977766532413539,785,786
0.75,0.1,0.03,4,8,20,0.8,5.12049434401604,0.9777584086697658,995,996
0.75,1.0,0.05,4,8,5,0.8,5.122182511084005,0.977743740667425,386,387
0.75,1.0,0.05,4,8,20,0.8,5.122934398734914,0.977737206173692,637,638
0.75,0.3,0.03,4,8,20,0.8,5.125361058988744,0.9777161100487124,995,996
0.75,0.0,0.05,4,8,5,0.8,5.130733574693359,0.9776693686409579,389,390
0.75,1.0,0.1,4,8,1,1.0,5.130776749362881,0.9776689928187985,176,177
0.75,0.3,0.05,4,5,1,1.0,5.136364460415735,0.9776203268301505,241,242
0.75,1.0,0.05,4,8,1,0.8,5.139902269902663,0.9775894870065244,150,151
0.75,0.1,0.05,4,8,5,1.0,5.143610731963564,0.977557136773223,331,332
0.75,1.0,0.1,4,5,1,0.8,5.147716016926845,0.977521297701618,152,153
0.75,0.3,0.03,4,8,1,1.0,5.15235438089769,0.9774807704556022,391,392
0.75,1.0,0.03,4,5,1,1.0,5.1574333122896645,0.9774363519295172,566,567
0.75,0.3,0.05,4,3,5,1.0,5.1587799544287,0.9774245673365418,438,439
0.75,0.1,0.1,3,3,20,0.8,5.165500349353293,0.97736571053501,892,893
0.75,1.0,0.03,4,8,1,1.0,5.167518179098869,0.977348023550187,322,323
0.75,1.0,0.05,4,5,1,1.0,5.168175514999329,0.9773422602789756,340,341
0.75,0.0,0.05,4,5,20,0.8,5.1697553308166375,0.9773284060565578,441,442
0.75,0.3,0.05,4,8,10,0.8,5.170641856520933,0.9773206297991464,469,470
0.75,0.0,0.03,4,8,5,1.0,5.171729624607556,0.9773110865003587,995,996
0.75,0.1,0.1,4,5,5,1.0,5.17395360369277,0.9772915686514989,257,258
0.75,0.1,0.1,4,8,1,1.0,5.1789539004827985,0.9772476549352308,136,137
0.75,1.0,0.1,3,3,20,0.8,5.181295707410495,0.9772270740817647,995,996
0.75,0.0,0.1,3,3,1,0.8,5.181766255299551,0.9772229375725175,660,661
0.75,0.1,0.03,4,3,5,1.0,5.189630941154343,0.9771537448017353,601,602
0.75,0.1,0.03,4,5,5,1.0,5.192273782491508,0.9771304697741048,609,610
0.75,1.0,0.1,3,3,5,0.8,5.193663582586746,0.9771182253007233,581,582
0.75,0.1,0.1,4,8,5,1.0,5.194781293730138,0.9771083756190357,237,238
0.75,0.3,0.1,4,8,1,1.0,5.198008293611855,0.9770799262159059,80,81
0.75,0.0,0.1,3,3,10,0.8,5.200970973047783,0.9770537915200378,737,738
0.75,1.0,0.1,3,3,1,0.8,5.201358779406353,0.9770503694600565,660,661
0.75,1.0,0.05,4,3,1,1.0,5.203495851771916,0.9770315070439747,355,356
0.75,1.0,0.03,4,3,1,1.0,5.20490430740417,0.9770190713728912,588,589
0.75,0.3,0.1,3,3,10,0.8,5.204906233192655,0.9770190543672315,737,738
0.75,0.0,0.05,4,8,10,1.0,5.209319329379371,0.9769800680288108,999,1000
1.0,0.1,0.1,3,8,20,0.8,5.209798075999156,0.9769758366809763,994,995
0.75,0.3,0.05,4,8,5,1.0,5.212119523826428,0.9769553133127149,229,230
0.75,1.0,0.05,4,5,5,1.0,5.218297583039975,0.9769006500163254,204,205
0.75,0.1,0.03,4,5,10,1.0,5.223611333476736,0.9768535822997698,949,950
0.75,1.0,0.05,4,5,20,0.8,5.223842988791978,0.9768515292719916,469,470
0.75,0.3,0.1,4,8,20,1.0,5.2279679580478575,0.9768149567982491,239,240
0.75,0.3,0.1,4,5,20,1.0,5.230160127537811,0.9767955090125264,339,340
0.75,0.3,0.1,4,3,1,1.0,5.2330428643431945,0.9767699224632317,120,121
0.75,0.1,0.1,4,3,1,1.0,5.238259133485844,0.9767235881477122,192,193
0.75,1.0,0.05,4,3,5,1.0,5.242115071147827,0.976689307511856,412,413
0.75,0.3,0.1,4,3,20,1.0,5.247729267146591,0.9766393502428278,353,354
0.75,1.0,0.05,4,8,5,1.0,5.24779084939126,0.9766388019638992,215,216
0.75,1.0,0.05,4,8,10,0.8,5.248240445660616,0.9766347989242565,391,392
1.0,0.3,0.1,3,8,20,0.8,5.254657170642018,0.976577629392772,994,995
0.75,0.0,0.05,3,3,10,0.8,5.25552211184284,0.9765699178941672,999,1000
0.75,0.3,0.05,3,3,1,0.8,5.25823635468598,0.9765457104592864,732,733
0.75,0.3,0.05,3,3,10,0.8,5.26529499862407,0.9764826982292709,999,1000
1.0,0.0,0.1,3,8,20,0.8,5.266655739631001,0.9764705412306611,890,891
0.75,0.1,0.03,4,5,20,1.0,5.266728886353666,0.9764698876414265,999,1000
0.75,0.1,0.05,3,3,10,0.8,5.268404377222868,0.9764549141122154,999,1000
0.75,0.1,0.1,3,5,5,0.8,5.269189638814535,0.9764478947461216,660,661
0.75,0.0,0.05,4,3,20,1.0,5.2750953047254745,0.9763950711354198,999,1000
0.75,0.1,0.05,4,5,10,1.0,5.276226729694053,0.976384944277612,469,470
0.75,1.0,0.1,4,8,5,1.0,5.280806486273848,0.9763439308223875,203,204
0.75,0.1,0.1,3,3,10,0.8,5.28214283157935,0.9763319566373915,654,655
0.75,1.0,0.1,4,3,1,1.0,5.282343524186,0.9763301580902088,90,91
0.75,0.1,0.05,3,3,5,0.8,5.282383872721902,0.9763297964904344,843,844
0.75,0.1,0.1,4,3,5,1.0,5.284291978854826,0.9763126930693711,219,220
0.75,0.0,0.03,4,3,10,1.0,5.286316194209198,0.9762945421442628,999,1000
0.75,0.0,0.05,4,8,1,1.0,5.286924428103008,0.9762890868170038,375,376
0.75,0.0,0.05,3,3,1,0.8,5.290230355980885,0.9762594245520584,732,733
0.75,0.3,0.1,4,8,5,1.0,5.292778588790563,0.9762365480119519,123,124
0.75,0.1,0.05,3,3,1,0.8,5.2945990187079115,0.9762201985132104,732,733
0.75,0.0,0.03,4,5,20,1.0,5.295570307505651,0.9762114729522073,999,1000
0.75,0.3,0.05,3,3,5,0.8,5.295906472196462,0.9762084526479918,889,890
0.75,1.0,0.05,3,3,1,0.8,5.297287713017033,0.9761960407438323,734,735
0.75,0.3,0.1,3,8,1,0.8,5.297461769795555,0.9761944764306375,604,605
0.75,1.0,0.05,3,3,10,0.8,5.301242429209362,0.9761604855511484,999,1000
0.75,0.3,0.1,3,8,5,0.8,5.301337265309032,0.9761596325938195,734,735
0.75,0.0,0.05,3,3,5,0.8,5.301413016225336,0.9761589512779597,850,851
0.75,0.1,0.05,4,8,1,1.0,5.303165540152991,0.9761431860793992,287,288
0.75,0.1,0.05,4,8,20,1.0,5.303500560216885,0.9761401717425012,694,695
0.75,0.0,0.03,4,5,10,1.0,5.306380330532342,0.9761142532084466,616,617
0.75,0.3,0.05,4,8,1,1.0,5.307019372272882,0.9761084997918552,339,340
0.75,0.3,0.05,4,5,5,1.0,5.3146633551546785,0.976039625823652,404,405
0.75,0.1,0.05,4,5,20,1.0,5.317149525801853,0.9760172035145973,853,854
0.75,1.0,0.1,4,5,5,1.0,5.324224552135486,0.9759533377896703,98,99
0.75,0.3,0.1,4,5,5,1.0,5.330041516960402,0.9759007648755041,98,99
0.75,0.3,0.03,4,5,10,1.0,5.33842295931342,0.9758249136236278,721,722
0.75,0.1,0.1,3,3,1,0.8,5.341743905434615,0.9757948264118508,470,471
0.75,0.0,0.03,4,5,5,1.0,5.348526882034724,0.9757333156508374,391,392
1.0,0.1,0.1,3,5,20,0.8,5.351430070110415,0.9757069645188053,845,846
0.75,1.0,0.03,4,5,5,1.0,5.351486420472247,0.9757064529065713,673,674
0.75,0.0,0.03,4,8,20,1.0,5.358383745316433,0.9756437905156478,995,996
0.75,0.1,0.1,4,8,10,1.0,5.362599322182377,0.9756054521409324,220,221
0.75,0.1,0.03,4,8,5,1.0,5.367726562535013,0.975558782048218,556,557
0.75,0.1,0.03,4,3,10,1.0,5.368377824093179,0.9755528508253298,999,1000
0.75,1.0,0.1,3,3,10,0.8,5.370410864947112,0.9755343307189162,582,583
0.75,0.0,0.1,3,5,10,0.8,5.373310403004228,0.9755079050724135,737,738
0.75,1.0,0.05,3,3,5,0.8,5.37365257137631,0.9755047856966652,737,738
0.75,0.0,0.1,3,3,1,1.0,5.37512897755846,0.9754913237716579,797,798
0.75,0.3,0.03,4,5,5,1.0,5.377118312601315,0.9754731790942113,700,701
1.0,0.3,0.1,4,3,1,0.8,5.378157460555961,0.975463698380928,330,331
0.75,0.0,0.03,4,8,10,1.0,5.386822545478961,0.9753845707567529,575,576
0.75,1.0,0.05,3,5,10,0.8,5.38716996967338,0.9753813955003251,888,889
1.0,0.0,0.05,4,3,1,0.8,5.393598687797729,0.9753226037776421,648,649
0.75,0.3,0.05,4,5,10,1.0,5.395435002899619,0.9753057974885282,346,347
0.75,1.0,0.1,3,5,20,0.8,5.395829946497051,0.9753021821455127,660,661
1.0,0.1,0.05,4,3,1,0.8,5.396444715041101,0.9752965539820497,849,850
0.75,0.1,0.1,3,5,10,0.8,5.404148853677817,0.9752259687595207,650,651
1.0,0.1,0.1,3,3,20,0.8,5.405964362567383,0.9752093204286939,660,661
0.75,0.3,0.1,3,5,10,0.8,5.4068502622551575,0.9752011946426808,650,651
0.75,0.1,0.03,4,8,10,1.0,5.408928610243083,0.9751821260720365,498,499
0.75,1.0,0.05,4,5,10,1.0,5.4101286654155105,0.9751711123855882,453,454
0.75,0.3,0.03,4,3,5,1.0,5.417381469970898,0.9751044966774941,712,713
0.75,0.1,0.05,4,8,10,1.0,5.418280216800152,0.9750962356344827,466,467
0.75,1.0,0.1,4,8,20,1.0,5.420297956240727,0.9750776841156026,151,152
1.0,0.1,0.03,4,3,1,0.8,5.4211010401561985,0.975070298472268,851,852
0.75,0.0,0.1,3,8,5,1.0,5.423572193664478,0.9750475653927824,774,775
0.75,0.1,0.1,3,5,20,0.8,5.42458160211773,0.9750382764808325,650,651
1.0,0.0,0.1,4,3,1,0.8,5.426109397823049,0.9750242139089272,329,330
0.75,1.0,0.03,3,3,5,0.8,5.428336110414456,0.9750037110755234,999,1000
0.75,1.0,0.1,4,3,20,1.0,5.429173192011309,0.9749960013293619,255,256
0.75,0.3,0.1,3,5,20,0.8,5.4303131497259045,0.9749855001010543,650,651
0.75,0.3,0.03,4,8,20,1.0,5.4331042305971975,0.9749597795090003,773,774
0.75,0.0,0.1,3,5,5,1.0,5.434279008025965,0.9749489496537577,999,1000
0.75,1.0,0.05,4,8,1,1.0,5.43454803476406,0.9749464692624603,191,192
0.75,0.3,0.1,3,3,1,0.8,5.436192965285395,0.9749313005477704,376,377
0.75,0.0,0.1,3,5,20,0.8,5.436258216601701,0.9749306987385761,650,651
0.75,0.3,0.05,4,5,20,1.0,5.444407487578751,0.9748554816876935,437,438
0.75,0.3,0.1,3,5,5,0.8,5.444480004237715,0.9748548118595785,449,450
0.75,0.1,0.03,3,3,5,0.8,5.445510602127393,0.9748452913799266,999,1000
0.75,0.3,0.03,3,3,5,0.8,5.44839227665056,0.9748186614207144,999,1000
0.75,0.1,0.1,3,8,10,0.8,5.448445519219376,0.9748181692660989,737,738
0.75,0.3,0.1,4,3,5,1.0,5.449003691403279,0.9748130094393604,240,241
0.75,0.3,0.03,4,8,10,1.0,5.4518161423698,0.9747870026825575,464,465
0.75,0.1,0.05,4,3,20,1.0,5.453038962150185,0.974775691072384,849,850
0.75,0.3,0.05,3,5,10,0.8,5.4551777715707095,0.9747559000640458,737,738
0.75,1.0,0.03,4,5,10,1.0,5.458168672341239,0.974728211398726,568,569
0.75,1.0,0.03,4,8,10,1.0,5.458301726245788,0.9747269792817527,418,419
0.75,0.1,0.1,4,3,10,1.0,5.460644640399168,0.9747052783098896,233,234
1.0,1.0,0.1,3,8,20,0.8,5.460752988745458,0.9747042745205442,734,735
1.0,0.3,0.05,4,5,1,0.8,5.463442391701654,0.9746793522611422,785,786
0.75,1.0,0.1,4,5,20,1.0,5.466428617998023,0.9746516650108163,164,165
0.75,0.3,0.05,4,8,10,1.0,5.466615028063869,0.9746499361799137,506,507
0.75,0.3,0.1,3,8,20,0.8,5.468476488238846,0.9746326691259479,889,890
0.75,1.0,0.03,3,3,1,0.8,5.46889222968954,0.9746288118717931,888,889
0.75,0.3,0.1,4,8,10,1.0,5.47140151970395,0.9746055244228036,160,161
0.75,1.0,0.05,3,5,1,0.8,5.471445765465164,0.9746051137044742,730,731
0.75,0.3,0.03,4,8,5,1.0,5.472946117293489,0.9745911844836855,462,463
0.75,0.1,0.05,3,5,10,0.8,5.473101937945181,0.974589737630576,737,738
1.0,0.1,0.03,4,3,10,0.8,5.474851038452475,0.9745734937508841,992,993
0.75,0.3,0.03,4,3,10,1.0,5.477335862890374,0.9745504082856421,867,868
0.75,1.0,0.1,3,8,5,0.8,5.478354642756887,0.9745409401998617,448,449
0.75,0.0,0.03,3,3,5,0.8,5.4789783675511945,0.9745351427107137,999,1000
0.75,0.0,0.05,3,5,10,0.8,5.482260409100145,0.9745046254331123,737,738
0.75,0.1,0.1,3,8,20,0.8,5.482584123592307,0.9745016144612573,889,890
1.0,0.0,0.03,4,3,1,0.8,5.482585459493842,0.9745016020352422,851,852
1.0,0.3,0.03,4,5,20,0.8,5.483307471797438,0.9744948857261492,995,996
0.75,1.0,0.1,3,8,20,0.8,5.484085670466382,0.9744876457694215,855,856
1.0,0.3,0.03,4,3,10,0.8,5.484448990415465,0.9744842652772713,991,992
0.75,0.1,0.03,3,3,1,0.8,5.487767098442238,0.9744533817462854,889,890
0.75,1.0,0.1,3,5,10,0.8,5.4894531101478785,0.9744376819131285,660,661
0.75,0.1,0.1,4,5,10,1.0,5.48984769851048,0.9744340068819173,304,305
0.75,0.0,0.1,3,8,20,0.8,5.490936076332569,0.9744238688162821,889,890
0.75,0.0,0.05,3,5,1,0.8,5.491450854715232,0.9744190730377756,734,735
0.75,0.3,0.03,3,3,1,0.8,5.493862390174516,0.9743966007042097,889,890
1.0,0.0,0.03,4,3,10,0.8,5.4961342387491685,0.9743754210426807,991,992
0.75,1.0,0.03,4,3,5,1.0,5.496361430726324,0.974373302528529,670,671
0.75,1.0,0.1,3,5,5,0.8,5.497124224853299,0.974366189004058,377,378
1.0,1.0,0.03,4,3,20,0.8,5.505429005485787,0.9742886779364468,991,992
0.75,0.3,0.05,4,8,20,1.0,5.506456173009257,0.974279082935341,433,434
0.75,0.0,0.03,3,3,1,0.8,5.509360937097577,0.9742519391970813,889,890
0.75,0.0,0.05,3,3,20,0.8,5.50945397491473,0.974251069563152,999,1000
0.75,1.0,0.05,3,3,20,0.8,5.511265582417256,0.9742341333567864,999,1000
0.75,0.0,0.03,4,3,20,1.0,5.512949902757232,0.9742183821271893,999,1000
1.0,1.0,0.1,3,5,20,0.8,5.5153540315928105,0.9741958911389121,655,656
0.75,0.3,0.1,4,5,10,1.0,5.51564030121276,0.9741932123900592,164,165
1.0,0.3,0.05,4,3,10,0.8,5.518701819162383,0.9741645557459359,734,735
0.75,0.3,0.03,4,5,20,1.0,5.518897125237799,0.9741627270881557,572,573
1.0,0.3,0.1,3,5,10,0.8,5.521871173002806,0.9741348729766188,544,545
0.75,0.3,0.05,3,3,20,0.8,5.5220083056721325,0.9741335882679237,999,1000
0.75,0.1,0.05,3,3,20,0.8,5.523145622159509,0.9741229322440971,999,1000
0.75,1.0,0.03,4,8,5,1.0,5.523770153188173,0.9741170798018273,366,367
0.75,0.1,0.05,4,3,10,1.0,5.524778776454443,0.9741076266572414,446,447
0.75,0.3,0.05,3,5,20,0.8,5.5263746995828775,0.9740926656217163,997,998
0.75,1.0,0.05,3,8,20,0.8,5.530515911448461,0.9740538235363956,998,999
0.75,0.0,0.05,3,5,20,0.8,5.53397840046297,0.9740213251312008,997,998
0.75,1.0,0.03,4,5,20,1.0,5.534714732490171,0.974014411406007,787,788
1.0,1.0,0.05,4,3,20,0.8,5.535430416020164,0.9740076906765479,766,767
0.75,1.0,0.03,4,8,20,1.0,5.535843559059257,0.9740038106016119,730,731
0.75,1.0,0.05,3,8,1,0.8,5.537693403373633,0.9739864340492301,730,731
1.0,0.3,0.1,4,3,20,0.8,5.539306267805313,0.9739712788349041,380,381
1.0,0.1,0.05,3,3,20,0.8,5.539710994520405,0.9739674751442773,998,999
1.0,0.1,0.03,4,3,20,0.8,5.540067855967691,0.9739641210690444,998,999
0.75,1.0,0.1,4,3,5,1.0,5.543575251207434,0.9739311442078322,203,204
0.75,0.0,0.05,4,8,20,1.0,5.543658960505082,0.9739303569101098,328,329
0.75,0.0,0.1,3,8,5,0.8,5.544858787963401,0.9739190710576671,456,457
1.0,0.0,0.03,4,5,20,0.8,5.545037098061392,0.9739173936235077,995,996
1.0,0.0,0.05,4,3,20,0.8,5.545589776529128,0.9739121940141763,852,853
0.75,0.0,0.1,3,8,1,0.8,5.546028485440172,0.9739080662636145,376,377
1.0,0.0,0.05,4,3,10,0.8,5.546382407924765,0.9739047360186679,735,736
0.75,0.1,0.1,3,5,1,0.8,5.546592359503794,0.9739027603721399,376,377
1.0,0.1,0.1,4,3,1,0.8,5.549629517075848,0.9738741723222281,240,241
0.75,0.3,0.1,3,5,1,0.8,5.550543898406501,0.9738655624007806,370,371
0.75,1.0,0.1,4,5,10,1.0,5.550916409595411,0.9738620543852482,228,229
1.0,0.3,0.03,4,3,1,0.8,5.552539268122343,0.9738467688412229,735,736
0.75,0.1,0.03,4,3,20,1.0,5.552797990722223,0.9738443315456807,999,1000
1.0,0.1,0.03,4,5,20,0.8,5.5534783051443135,0.9738379221036154,995,996
1.0,0.1,0.05,3,5,20,0.8,5.55491264603246,0.9738244061836939,998,999
0.75,1.0,0.03,4,3,10,1.0,5.555078215586081,0.9738228457825687,763,764
0.75,1.0,0.05,3,5,5,0.8,5.557561317317091,0.9737994383481672,734,735
0.75,0.0,0.1,3,5,1,0.8,5.557797551938269,0.9737972108922919,376,377
0.75,0.3,0.05,3,5,5,0.8,5.560646969394421,0.973770336281144,734,735
1.0,0.3,0.1,4,5,20,0.8,5.56180222622403,0.9737594364178637,342,343
0.75,0.1,0.1,3,8,1,0.8,5.5626839855717,0.9737511154832438,376,377
1.0,1.0,0.1,3,8,10,0.8,5.562887301689614,0.9737491966545475,733,734
1.0,0.0,0.1,3,5,20,0.8,5.5629950297609,0.9737481799250532,549,550
1.0,0.0,0.03,4,8,20,0.8,5.565712996275788,0.9737225214450435,992,993
0.75,0.3,0.05,3,8,20,0.8,5.565927984081083,0.9737204913559763,998,999
1.0,0.0,0.05,3,5,20,0.8,5.569616617388067,0.9736856480768216,998,999
0.75,0.0,0.1,3,8,10,1.0,5.5703451513806606,0.9736787635262281,758,759
0.75,0.0,0.1,3,5,5,0.8,5.571625340321063,0.9736666637273905,370,371
0.75,0.1,0.05,3,8,20,0.8,5.573208282416764,0.9736516985905213,998,999
1.0,1.0,0.1,3,3,20,0.8,5.573681506298264,0.9736472239058543,430,431
0.75,1.0,0.1,3,5,1,0.8,5.574288040013101,0.9736414881217583,370,371
0.75,0.0,0.05,3,8,20,0.8,5.57522646156133,0.9736326125568688,997,998
0.75,1.0,0.05,4,8,10,1.0,5.575546760910116,0.97362958283254,258,259
1.0,0.1,0.1,4,5,1,0.8,5.577026217731897,0.9736155863326943,328,329
1.0,1.0,0.03,4,5,20,0.8,5.577125754298421,0.9736146445270512,852,853
0.75,0.3,0.03,3,5,5,0.8,5.577255338017942,0.9736134183928827,998,999
0.75,0.1,0.1,3,8,5,0.8,5.577562572484006,0.9736105111956642,345,346
1.0,0.3,0.03,4,3,20,0.8,5.579592667027831,0.9735912974598466,995,996
1.0,0.0,0.05,4,3,1,1.0,5.580259741668622,0.9735849824365476,686,687
0.75,1.0,0.03,3,5,5,0.8,5.580945430619775,0.9735784904095325,995,996
0.75,0.1,0.05,3,5,20,0.8,5.582411034686577,0.9735646115580203,998,999
0.75,0.3,0.05,3,8,10,0.8,5.582456417740378,0.9735641817353057,737,738
0.75,1.0,0.05,3,5,20,0.8,5.583074000640294,0.9735583322628988,890,891
0.75,1.0,0.05,4,5,20,1.0,5.583781872937642,0.9735516268132989,535,536
1.0,0.0,0.1,4,5,20,0.8,5.584537804692876,0.9735444651730495,342,343
1.0,0.3,0.05,3,5,20,0.8,5.585238198056898,0.9735378288340644,998,999
0.75,0.0,0.03,3,5,5,0.8,5.58561905787511,0.9735342197771301,998,999
0.75,0.1,0.03,3,5,5,0.8,5.586289291806951,0.9735278679912364,998,999
0.75,1.0,0.05,3,8,10,0.8,5.587632132827348,0.9735151396359982,734,735
1.0,1.0,0.1,4,5,20,0.8,5.589427244697735,0.9734981195734397,344,345
1.0,0.1,0.03,4,8,20,0.8,5.590009861563026,0.9734925944108269,992,993
0.75,0.3,0.1,4,3,10,1.0,5.590494771757847,0.9734879953961454,265,266
0.75,0.0,0.05,3,8,10,0.8,5.5928877655355045,0.9734652937774362,737,738
0.75,0.1,0.03,4,8,20,1.0,5.5929630839952225,0.9734645790959541,576,577
1.0,0.0,0.03,4,3,20,0.8,5.593833199961872,0.9734563220454169,992,993
1.0,0.0,0.1,4,5,5,0.8,5.594368975492452,0.9734512371121719,314,315
0.75,0.3,0.05,4,3,20,1.0,5.600542804069438,0.9733926074600452,649,650
0.75,0.0,0.05,3,8,5,0.8,5.602924966110607,0.9733699680114835,733,734
0.75,0.1,0.05,3,5,5,0.8,5.604343562991779,0.9733564814618896,737,738
1.0,0.3,0.1,4,5,1,0.8,5.6054312146721825,0.9733461388840686,327,328
0.75,0.1,0.05,3,8,10,0.8,5.6058411662958765,0.9733422400963438,737,738
0.75,0.3,0.05,3,8,5,0.8,5.606878293011226,0.9733323753742968,733,734
0.75,0.3,0.05,4,3,10,1.0,5.607356431017619,0.9733278269079728,524,525
0.75,1.0,0.05,4,8,20,1.0,5.607410080466114,0.9733273165233595,508,509
0.75,1.0,0.05,3,8,5,0.8,5.6077457497561225,0.9733241230816194,730,731
0.75,0.1,0.05,3,8,5,0.8,5.608919691056073,0.9733129531060516,733,734
1.0,0.3,0.1,3,3,10,0.8,5.6091673645311495,0.9733105962102714,412,413
1.0,0.0,0.1,4,3,20,1.0,5.611179276727374,0.9732914467131878,441,442
0.75,0.0,0.1,3,5,1,1.0,5.611379862953823,0.9732895371453733,397,398
0.75,0.0,0.05,3,5,5,0.8,5.61255977018349,0.9732783031236434,734,735
0.75,1.0,0.1,4,8,10,1.0,5.612790315908401,0.9732761077975328,120,121
0.75,0.0,0.1,3,8,1,1.0,5.613287050667991,0.973271377432481,577,578
1.0,0.3,0.05,3,3,20,0.8,5.613874635309116,0.9732657813708672,998,999
1.0,0.3,0.05,4,3,20,0.8,5.614444565783539,0.9732603528850807,734,735
1.0,1.0,0.1,3,3,10,0.8,5.615452235654662,0.9732507536613493,544,545
1.0,0.0,0.05,3,3,5,0.8,5.6170774689727745,0.97323526779995,992,993
1.0,0.0,0.1,3,3,20,0.8,5.617804119908673,0.9732283425347062,430,431
0.75,0.1,0.05,3,8,1,0.8,5.6211855706139,0.9731961042141964,730,731
1.0,1.0,0.03,4,8,20,0.8,5.6219749994686,0.9731885751069271,991,992
1.0,0.1,0.1,4,3,20,0.8,5.624903599944025,0.9731606346045195,342,343
1.0,0.3,0.03,4,8,20,0.8,5.626915395808821,0.9731414325046768,992,993
1.0,0.0,0.05,3,3,20,0.8,5.628415487167728,0.9731271100303842,852,853
0.75,0.0,0.1,3,5,10,1.0,5.628834355361561,0.9731231101061587,587,588
1.0,0.1,0.05,4,3,10,0.8,5.629858566146001,0.9731133282923139,734,735
0.75,0.0,0.03,3,3,10,0.8,5.630023407359185,0.9731117537957559,999,1000
1.0,1.0,0.1,3,8,1,0.8,5.630560945661783,0.973106619127153,734,735
1.0,0.3,0.05,4,5,20,0.8,5.637013547194301,0.9730449443824968,734,735
0.75,0.3,0.03,3,3,10,0.8,5.642100073122379,0.9729962769641005,999,1000
1.0,0.3,0.03,4,5,10,0.8,5.642630540782557,0.9729911989700963,735,736
0.75,0.3,0.05,3,8,1,0.8,5.643937353989711,0.9729786872365027,734,735
1.0,0.1,0.05,3,3,10,0.8,5.645723700556264,0.9729615796518288,998,999
0.75,0.1,0.03,3,3,10,0.8,5.649284013999075,0.9729274668932162,999,1000
0.75,0.0,0.05,3,8,5,1.0,5.653270780669165,0.9728892425954827,999,1000
0.75,1.0,0.03,3,5,10,0.8,5.653408935050928,0.9728879175163067,995,996
0.75,0.1,0.03,3,5,10,0.8,5.655207622594538,0.9728706628215474,997,998
1.0,1.0,0.1,4,3,1,0.8,5.6570031050993075,0.9728534333983058,107,108
1.0,1.0,0.1,4,3,20,0.8,5.657383906705926,0.9728497785287866,389,390
1.0,0.3,0.05,3,8,20,0.8,5.6594977748634765,0.9728294855058008,998,999
1.0,0.3,0.05,3,3,10,0.8,5.659546581274667,0.9728290168772852,998,999
0.75,0.0,0.03,3,5,10,0.8,5.661840877163413,0.9728069829883578,998,999
0.75,1.0,0.03,3,3,10,0.8,5.663218518769454,0.9727937481447424,999,1000
1.0,0.0,0.03,4,5,10,0.8,5.663857310172589,0.9727876102569348,744,745
1.0,0.3,0.1,3,3,20,0.8,5.664001429358114,0.9727862253783521,430,431
0.75,0.3,0.03,3,5,10,0.8,5.666777919541267,0.9727595384862457,995,996
1.0,0.0,0.05,3,8,20,0.8,5.673384988426875,0.9726959804890541,998,999
1.0,0.1,0.05,3,8,20,0.8,5.673729116738705,0.9726926680499628,998,999
1.0,0.0,0.1,4,5,20,1.0,5.674622572326593,0.9726840670720819,737,738
0.75,1.0,0.1,4,3,10,1.0,5.6792944478743275,0.9726390705386884,229,230
1.0,0.0,0.1,4,5,1,0.8,5.679627664736323,0.9726358597910855,314,315
1.0,0.0,0.05,4,5,1,0.8,5.680797974877175,0.97262458164679,345,346
1.0,0.3,0.05,4,3,1,0.8,5.68322027120614,0.9726012308734362,448,449
1.0,0.1,0.05,4,5,1,0.8,5.68497698882862,0.9725842900063953,304,305
0.75,0.3,0.1,3,8,10,0.8,5.6877303665613415,0.9725577273359004,342,343
1.0,0.3,0.03,4,3,5,0.8,5.688222439046573,0.9725529788086076,735,736
0.75,0.0,0.05,3,5,5,1.0,5.6891509893080725,0.9725440171271155,995,996
1.0,0.1,0.1,4,3,10,1.0,5.689368773825936,0.972541915019981,346,347
1.0,1.0,0.05,3,8,20,0.8,5.690665806927327,0.9725293940862572,998,999
0.75,0.0,0.1,3,3,5,1.0,5.69245350894187,0.9725121317928994,497,498
1.0,1.0,0.05,3,3,20,0.8,5.692822423599208,0.9725085688279805,852,853
0.75,0.0,0.1,3,3,10,1.0,5.693632157317796,0.9725007476383163,530,531
1.0,0.0,0.05,3,3,1,0.8,5.694876407400605,0.9724887273023514,730,731
0.75,0.3,0.03,3,8,10,0.8,5.696603057473689,0.9724720422897828,998,999
1.0,0.0,0.05,4,5,5,1.0,5.696882864979486,0.972469337969936,930,931
1.0,0.1,0.05,3,3,5,0.8,5.699623949358338,0.9724428385581234,849,850
1.0,0.1,0.1,4,5,20,1.0,5.6998395260633306,0.9724407539313261,554,555
1.0,0.3,0.1,4,3,5,0.8,5.699854159007313,0.9724406124278961,344,345
1.0,0.1,0.1,4,5,20,0.8,5.701715608334638,0.9724226088864621,344,345
1.0,0.3,0.1,4,3,10,0.8,5.7017904601572935,0.9724218848126288,342,343
1.0,0.0,0.05,4,3,5,1.0,5.702778950945494,0.9724123218249899,567,568
1.0,0.0,0.1,4,3,1,1.0,5.704266905329193,0.9723979237351266,416,417
0.75,0.3,0.03,4,3,20,1.0,5.705410469741817,0.9723868555587488,757,758
1.0,1.0,0.05,3,5,20,0.8,5.708712065045542,0.9723548880756789,852,853
0.75,1.0,0.1,3,8,10,0.8,5.709352178706078,0.9723486880762015,345,346
1.0,0.0,0.1,4,8,20,1.0,5.711886469795453,0.9723241346683391,504,505
1.0,0.0,0.1,4,8,1,0.8,5.713031238549985,0.9723130400357924,391,392
1.0,0.3,0.1,4,8,20,0.8,5.713040585512789,0.9723129494396847,304,305
0.75,1.0,0.03,3,8,10,0.8,5.713685778652389,0.9723066955006473,998,999
1.0,1.0,0.1,3,3,1,0.8,5.714197673094426,0.9723017331403683,518,519
1.0,0.1,0.03,4,5,10,0.8,5.715537373508206,0.9722887438349117,735,736
0.75,0.0,0.05,3,3,5,1.0,5.716363188501098,0.9722807354806476,923,924
1.0,0.3,0.03,4,8,10,0.8,5.7168366728529465,0.972276143336616,852,853
0.75,0.0,0.03,3,8,10,0.8,5.71766675149978,0.9722680918027097,991,992
1.0,1.0,0.05,4,3,1,0.8,5.7181070881210925,0.972263820184405,344,345
1.0,0.1,0.1,4,3,20,1.0,5.718697227110619,0.9722580948471492,346,347
1.0,1.0,0.1,3,5,10,0.8,5.71917613728641,0.9722534481814992,448,449
1.0,1.0,0.03,4,5,10,0.8,5.719936295943132,0.9722460718801756,734,735
1.0,1.0,0.05,3,3,5,0.8,5.721246057869099,0.9722333601301381,889,890
1.0,0.3,0.1,3,5,20,0.8,5.721306322627715,0.9722327751671263,345,346
1.0,0.3,0.1,3,3,1,0.8,5.722355560488832,0.9722225896977772,448,449
1.0,0.3,0.05,4,3,5,0.8,5.722899306176871,0.9722173105554692,342,343
1.0,0.3,0.1,3,8,10,0.8,5.723618692445014,0.9722103253752692,547,548
1.0,0.1,0.05,3,3,1,0.8,5.725626728982849,0.9721908228633996,730,731
1.0,0.0,0.1,3,3,10,0.8,5.7268589908822465,0.9721788514658082,448,449
1.0,0.1,0.05,4,5,5,0.8,5.732407442314735,0.9721249164660495,735,736
1.0,0.0,0.1,4,8,5,1.0,5.736228716826333,0.9720877405149908,633,634
0.75,0.1,0.03,3,8,10,0.8,5.736381432401985,0.9720862542794421,998,999
0.75,1.0,0.05,4,3,10,1.0,5.743510208626747,0.9720168326431087,461,462
1.0,0.0,0.03,4,8,10,0.8,5.745127838683184,0.9720010677935751,852,853
1.0,0.3,0.05,3,5,10,0.8,5.747879515466087,0.9719742407274775,995,996
0.75,0.3,0.05,3,5,1,0.8,5.749020605819812,0.9719631120676432,469,470
0.75,0.1,0.05,3,5,1,0.8,5.750006598519821,0.971953494242521,469,470
1.0,0.3,0.1,3,3,5,0.8,5.750510092488302,0.9719485822952038,545,546
1.0,0.0,0.03,4,3,5,0.8,5.751621026678754,0.9719377428083701,735,736
1.0,1.0,0.03,4,3,10,0.8,5.753406273428588,0.9719203196060471,559,560
1.0,0.1,0.1,3,3,10,0.8,5.7576146349137725,0.9718792265012941,377,378
1.0,1.0,0.05,3,3,1,0.8,5.759390842105946,0.9718618734730835,744,745
1.0,0.1,0.05,4,3,20,0.8,5.7637505707172,0.9718192574987217,411,412
1.0,1.0,0.1,4,5,1,0.8,5.765576988856885,0.9718013948332421,207,208
1.0,1.0,0.03,4,3,5,0.8,5.766717028772571,0.9717902421892588,735,736
1.0,0.0,0.05,4,5,5,0.8,5.767345906179298,0.9717840891401067,448,449
1.0,0.0,0.05,4,3,10,1.0,5.768744798647497,0.971770399719443,732,733
0.75,0.0,0.1,3,8,10,0.8,5.769899108321947,0.9717591012612858,343,344
1.0,0.0,0.03,4,3,1,1.0,5.771660385414075,0.9717418574104951,712,713
1.0,1.0,0.05,4,5,20,0.8,5.776582409293011,0.9716936402426324,597,598
0.75,1.0,0.05,4,3,20,1.0,5.779746593748295,0.9716626215302882,543,544
1.0,0.0,0.05,3,5,10,0.8,5.780773177730579,0.9716525542092134,995,996
0.75,0.0,0.03,3,8,1,0.8,5.787826042475094,0.971583341092507,737,738
1.0,0.3,0.1,4,5,5,0.8,5.792024475029064,0.9715420998055532,167,168
1.0,0.0,0.05,4,5,20,0.8,5.793385026381276,0.9715287286665831,461,462
1.0,1.0,0.05,4,8,10,0.8,5.794437360578116,0.9715183844503913,654,655
1.0,0.1,0.05,3,5,10,0.8,5.795948094877652,0.9715035309762674,998,999
0.75,0.1,0.03,3,8,1,0.8,5.797326000434616,0.9714899800921726,737,738
1.0,0.3,0.1,4,8,1,0.8,5.797925369826873,0.9714840846442898,328,329
0.75,0.0,0.05,3,8,1,0.8,5.798887831107166,0.9714746165188353,470,471
1.0,0.0,0.05,4,8,20,0.8,5.799118991380708,0.9714723422665762,429,430
1.0,0.1,0.05,4,5,20,0.8,5.79942995877786,0.9714692826951703,557,558
1.0,0.1,0.05,4,8,10,0.8,5.802756819084386,0.9714365398440601,670,671
0.75,1.0,0.03,4,3,20,1.0,5.802809068362853,0.9714360254585881,863,864
1.0,0.1,0.1,3,5,10,0.8,5.805299876371204,0.9714114984940051,449,450
0.75,1.0,0.03,3,8,1,0.8,5.8062752861573195,0.9714018907743688,737,738
1.0,0.0,0.1,3,5,10,0.8,5.808078213048926,0.9713841278186992,449,450
1.0,1.0,0.03,4,3,1,0.8,5.808909176808851,0.9713759390674853,448,449
1.0,0.3,0.05,4,5,5,0.8,5.809104094170218,0.9713740180803032,546,547
1.0,0.1,0.1,4,5,5,0.8,5.810059738245052,0.9713645988997461,152,153
1.0,0.0,0.1,3,5,1,0.8,5.810253163298592,0.9713626922425214,448,449
1.0,0.1,0.03,4,5,1,0.8,5.81048861792378,0.9713603711997038,459,460
1.0,0.0,0.03,4,5,1,1.0,5.812968750668577,0.9713359170634,613,614
1.0,0.0,0.05,4,3,5,0.8,5.81322725580933,0.9713333675993066,344,345
1.0,1.0,0.05,3,5,10,0.8,5.813460339457177,0.9713310687532747,991,992
1.0,0.0,0.1,4,8,20,0.8,5.813789795117566,0.9713278192568444,344,345
1.0,1.0,0.05,4,3,5,0.8,5.814611116847684,0.9713197175712558,344,345
1.0,0.3,0.05,4,8,10,0.8,5.815655244341967,0.9713094164317607,549,550
1.0,0.1,0.03,4,3,5,0.8,5.816609795161834,0.9712999974182656,735,736
1.0,0.0,0.1,3,8,10,0.8,5.819575718140705,0.9712707213615079,547,548
1.0,0.0,0.03,4,3,5,1.0,5.8200786946846215,0.9712657550964637,979,980
1.0,1.0,0.1,4,8,20,0.8,5.820533689838844,0.9712612622179593,344,345
1.0,1.0,0.1,4,5,5,0.8,5.822673853027971,0.9712401243293961,152,153
1.0,0.1,0.1,4,8,20,0.8,5.823172537568925,0.9712351978231464,448,449
1.0,0.1,0.03,4,8,10,0.8,5.824939152801225,0.9712177420305866,734,735
0.75,1.0,0.03,3,8,5,0.8,5.826380073049108,0.971203500485122,736,737
0.75,0.3,0.03,3,8,1,0.8,5.829578034509579,0.9711718803822377,733,734
1.0,0.0,0.03,4,5,5,0.8,5.832366477602694,0.9711442952651523,734,735
1.0,0.1,0.1,4,5,10,0.8,5.832654235152326,0.971141447826893,304,305
1.0,1.0,0.1,3,3,5,0.8,5.8364745873775945,0.971103631101936,548,549
1.0,0.1,0.1,3,5,1,0.8,5.836985248723068,0.9710985743150186,448,449
1.0,0.0,0.05,4,5,1,1.0,5.8400745074061025,0.971067973721226,562,563
1.0,0.1,0.05,4,5,10,0.8,5.842067534910295,0.9710482232323614,387,388
1.0,0.3,0.1,4,5,10,0.8,5.843127045783839,0.9710377209560089,325,326
1.0,1.0,0.03,4,8,1,0.8,5.845416843148856,0.9710150171044655,733,734
1.0,0.1,0.1,4,3,5,0.8,5.8455640035464755,0.9710135576720882,167,168
0.75,0.1,0.03,3,5,20,0.8,5.848762635829624,0.9709818268289969,991,992
0.75,0.0,0.03,3,5,20,0.8,5.850562576513115,0.970963963554087,991,992
1.0,0.0,0.05,4,8,10,0.8,5.850694741675524,0.9709626516816755,549,550
1.0,0.1,0.1,3,8,10,0.8,5.851196890828927,0.9709576670751472,544,545
1.0,0.1,0.05,4,3,5,0.8,5.851843098693595,0.970951251833742,344,345
1.0,0.0,0.03,4,5,1,0.8,5.851856347580493,0.9709511202977428,459,460
0.75,0.3,0.03,3,8,5,0.8,5.854385797716393,0.9709260022604503,736,737
0.75,0.3,0.03,3,5,20,0.8,5.8545220079918625,0.9709246493522384,998,999
1.0,1.0,0.03,3,3,1,0.8,5.855295242789298,0.9709169686030688,991,992
0.75,0.0,0.03,3,8,5,0.8,5.856024278750406,0.9709097259637752,736,737
1.0,0.1,0.03,4,3,1,1.0,5.8576902234635275,0.9708931721793752,458,459
1.0,0.1,0.05,4,3,5,1.0,5.858427590938853,0.9708858437689698,542,543
1.0,0.3,0.05,4,5,10,0.8,5.860546100035127,0.9708647835933936,387,388
1.0,1.0,0.05,4,5,10,0.8,5.860732910760202,0.9708629261358952,389,390
1.0,0.0,0.1,4,8,10,1.0,5.861944634253626,0.9708508765416601,680,681
1.0,0.3,0.05,3,8,10,0.8,5.862940149388099,0.9708409750978833,998,999
0.75,0.1,0.03,3,8,5,0.8,5.865643032342201,0.9708140836078433,737,738
1.0,1.0,0.05,4,8,20,0.8,5.866960129979397,0.9708009750647114,430,431
1.0,0.0,0.05,4,5,20,1.0,5.8673385210625675,0.9707972085462008,657,658
1.0,0.3,0.05,4,8,20,0.8,5.867583093539513,0.9707947739336859,429,430
1.0,0.1,0.05,4,8,20,0.8,5.868273238073199,0.9707879032981391,429,430
1.0,0.0,0.1,4,8,1,1.0,5.8695399022386665,0.9707752911009858,417,418
1.0,0.0,0.1,3,3,5,0.8,5.869993390273416,0.970770775051006,658,659
1.0,0.0,0.1,4,3,20,0.8,5.873012602583629,0.9707406994017603,175,176
1.0,0.3,0.03,4,5,5,0.8,5.876107726274864,0.9707098515136935,734,735
1.0,0.1,0.05,4,3,1,1.0,5.877124650660215,0.9706997126785946,268,269
1.0,0.1,0.05,4,5,20,1.0,5.877826136165403,0.9706927177772753,663,664
1.0,0.1,0.05,4,8,10,1.0,5.8788494480483315,0.9706825122692908,627,628
1.0,0.0,0.03,3,3,1,0.8,5.879064843048557,0.9706803639047114,988,989
0.75,1.0,0.03,3,5,20,0.8,5.881495217590736,0.9706561177268468,991,992
1.0,0.3,0.03,4,3,1,1.0,5.881500260495499,0.9706560674068307,573,574
1.0,1.0,0.03,4,5,1,0.8,5.882277283637441,0.9706483134597628,380,381
0.75,0.1,0.05,3,8,5,1.0,5.882441359906092,0.9706466760046957,575,576
1.0,0.1,0.03,3,3,1,0.8,5.8843824240291225,0.9706273010271719,991,992
1.0,0.0,0.03,4,5,20,1.0,5.886290608476713,0.9706082480115731,997,998
1.0,0.1,0.05,3,8,10,0.8,5.886324179610982,0.9706079127521264,998,999
1.0,0.0,0.1,4,5,10,0.8,5.886598524025809,0.9706051729292284,342,343
1.0,0.0,0.1,3,3,1,1.0,5.8878831029632615,0.9705923423971039,598,599
1.0,0.1,0.05,4,3,10,1.0,5.888146714114069,0.9705897090703658,470,471
1.0,1.0,0.03,4,8,10,0.8,5.889816751265132,0.9705730236016737,554,555
1.0,0.1,0.1,3,3,1,0.8,5.889971471966584,0.9705714775358372,344,345
1.0,0.0,0.1,3,3,1,0.8,5.889971471966584,0.9705714775358372,344,345
1.0,0.3,0.05,4,3,1,1.0,5.890335738180754,0.9705678374000565,349,350
1.0,0.0,0.03,4,3,10,1.0,5.890561321108049,0.9705655830224367,999,1000
0.75,0.1,0.1,3,3,10,1.0,5.891417198126059,0.9705570289747572,386,387
1.0,0.1,0.1,3,3,5,0.8,5.891500057912265,0.9705562007681107,658,659
0.75,0.0,0.05,3,3,1,1.0,5.896386275286423,0.9705073410678672,734,735
1.0,0.0,0.1,4,3,5,1.0,5.8967344359704095,0.9705038580913534,221,222
1.0,0.0,0.05,3,8,10,0.8,5.897733339214591,0.9704938639877567,998,999
1.0,0.3,0.03,4,5,1,0.8,5.8990050673929915,0.9704811378002298,459,460
0.75,0.0,0.03,3,3,1,1.0,5.899197923635162,0.9704792076476597,999,1000
0.75,0.3,0.03,3,8,20,0.8,5.9006179110847725,0.97046499412225,991,992
1.0,0.1,0.05,4,3,20,1.0,5.901481361177901,0.9704563496481147,886,887
1.0,1.0,0.05,4,3,10,0.8,5.904828904854333,0.9704228235879979,344,345
1.0,0.0,0.05,4,5,10,0.8,5.9064889736665,0.9704061907436425,344,345
1.0,0.0,0.1,4,3,5,0.8,5.910354396379058,0.9703674435236583,167,168
0.75,0.0,0.03,3,8,20,0.8,5.911610225620841,0.9703548495633028,991,992
1.0,0.1,0.05,4,5,5,1.0,5.912663302332527,0.9703442868242371,355,356
1.0,1.0,0.1,4,3,5,0.8,5.91481533941237,0.9703226952654203,167,168
1.0,0.1,0.03,4,3,5,1.0,5.914866165245188,0.9703221852308298,692,693
0.75,0.3,0.03,3,3,20,0.8,5.916469449980454,0.9703060941021864,999,1000
1.0,0.3,0.1,4,3,10,1.0,5.916682939148038,0.9703039511209102,176,177
1.0,0.0,0.05,4,8,1,1.0,5.917306357952806,0.9702976928674882,472,473
0.75,0.1,0.03,3,3,20,0.8,5.917843709337371,0.9702922980815543,999,1000
0.75,0.0,0.03,3,3,20,0.8,5.919657477206198,0.9702740849839596,999,1000
1.0,0.1,0.05,4,5,1,1.0,5.919968038447235,0.9702709658983524,269,270
1.0,0.0,0.1,4,5,1,1.0,5.920559489243179,0.9702650252787003,173,174
1.0,0.3,0.1,4,3,5,1.0,5.921170561677908,0.970258886953049,235,236
0.75,1.0,0.03,3,3,20,0.8,5.924153573019909,0.9702289130064636,999,1000
0.75,1.0,0.03,3,8,20,0.8,5.924617828049363,0.9702242467133755,991,992
1.0,1.0,0.05,4,8,5,0.8,5.926039595682041,0.9702099540507626,389,390
1.0,0.1,0.03,4,5,1,1.0,5.926231551481118,0.9702080241059498,696,697
0.75,0.1,0.03,3,8,20,0.8,5.926303492455214,0.9702073007873429,991,992
1.0,0.0,0.1,3,3,10,1.0,5.926694181035592,0.970203372520407,733,734
1.0,0.0,0.05,3,8,5,0.8,5.92766349690712,0.9701936251958724,851,852
1.0,0.1,0.05,3,8,5,0.8,5.931363915833952,0.9701563995671293,852,853
1.0,0.0,0.05,3,5,5,0.8,5.933827047982444,0.9701316079691856,734,735
1.0,0.0,0.05,3,3,1,1.0,5.934148460704831,0.9701283721683717,999,1000
1.0,1.0,0.03,4,3,20,1.0,5.935080665252246,0.9701189862708971,773,774
1.0,0.3,0.1,4,3,1,1.0,5.9353001238622,0.9701167764384293,178,179
1.0,0.1,0.03,4,5,5,1.0,5.936703343107002,0.9701026448291177,553,554
1.0,0.0,0.03,4,8,1,1.0,5.93672920462118,0.970102384350359,830,831
1.0,0.1,0.03,4,5,10,1.0,5.93769555461905,0.9700926504004911,736,737
1.0,1.0,0.05,4,5,5,0.8,5.938289901212775,0.9700866628179926,344,345
0.75,0.1,0.1,3,3,1,1.0,5.939785153567608,0.9700715966559068,277,278
1.0,0.0,0.03,4,5,10,1.0,5.941226956878817,0.9700570654541637,776,777
1.0,0.1,0.1,4,5,1,1.0,5.941426424938732,0.9700550548393978,135,136
1.0,0.1,0.1,4,3,1,1.0,5.942689359865434,0.9700423230360061,214,215
1.0,0.0,0.03,4,8,1,0.8,5.943810154928023,0.970031021895845,582,583
1.0,0.3,0.05,3,8,1,0.8,5.945599161802975,0.9700129786625927,730,731
1.0,0.0,0.1,4,5,10,1.0,5.946205513158292,0.9700068620046416,330,331
1.0,0.1,0.05,3,8,1,0.8,5.9476758921532,0.9699920267512386,730,731
1.0,0.0,0.05,3,8,1,0.8,5.94779871849025,0.969990787340228,730,731
1.0,1.0,0.1,4,8,5,0.8,5.949100325328786,0.9699776515660697,152,153
1.0,0.0,0.1,4,3,10,1.0,5.951297622114664,0.9699554699961739,365,366
1.0,0.0,0.05,4,8,20,1.0,5.951603406259456,0.9699523824755965,710,711
1.0,0.1,0.1,4,3,10,0.8,5.951977678539815,0.9699486032103565,165,166
1.0,1.0,0.1,4,3,10,0.8,5.952768673930189,0.9699406152449692,165,166
0.75,0.1,0.03,3,3,1,1.0,5.955899026914211,0.9699089925729161,804,805
1.0,0.0,0.1,4,5,5,1.0,5.957572880943371,0.9698920765602251,136,137
0.75,1.0,0.1,3,8,1,0.8,5.95807785075407,0.9698869723887648,150,151
1.0,1.0,0.05,3,8,10,0.8,5.9591959724924335,0.969875669015105,851,852
1.0,1.0,0.1,4,3,20,1.0,5.959866858805295,0.9698688858386308,286,287
1.0,0.3,0.1,4,5,5,1.0,5.961448426221743,0.9698528919540288,126,127
0.75,0.1,0.1,3,8,1,1.0,5.961731141622728,0.9698500324966524,238,239
1.0,0.0,0.05,3,5,1,0.8,5.962015211933187,0.969847159198788,730,731
1.0,0.0,0.03,4,3,20,1.0,5.962604901188332,0.9698411942071099,995,996
1.0,1.0,0.05,3,5,5,0.8,5.967562671147558,0.9697910206385925,730,731
1.0,1.0,0.05,3,5,1,0.8,5.969046635826446,0.9697759945266972,740,741
1.0,0.1,0.1,4,3,5,1.0,5.969187898640578,0.9697745639536597,171,172
1.0,0.1,0.1,4,8,20,1.0,5.969264500103878,0.9697737881940336,315,316
1.0,0.0,0.05,4,5,10,1.0,5.9693167057355945,0.9697732594905788,667,668
1.0,0.3,0.05,4,5,20,1.0,5.975584041144295,0.9697097545435567,648,649
1.0,1.0,0.05,3,8,1,0.8,5.976075345115956,0.9697047734974967,730,731
1.0,0.1,0.03,3,3,10,0.8,5.976247354667815,0.969703029495613,998,999
1.0,1.0,0.1,4,3,5,1.0,5.976338035441846,0.9697021100646,193,194
1.0,0.3,0.1,4,5,20,1.0,5.97718737589799,0.9696934977498105,226,227
1.0,0.1,0.1,4,8,1,1.0,5.980366887649664,0.9696612466246955,157,158
0.75,0.1,0.03,3,5,1,1.0,5.9807706621741366,0.9696571497425184,750,751
1.0,0.1,0.1,4,5,10,1.0,5.980995028186648,0.9696548731021312,248,249
1.0,0.1,0.03,4,5,5,0.8,5.982371703574477,0.969640902116712,403,404
0.75,0.0,0.03,3,5,1,1.0,5.983778611712317,0.9696266209966307,990,991
1.0,0.0,0.03,4,8,10,1.0,5.983824946182051,0.969626150611628,987,988
0.75,0.1,0.05,3,8,20,1.0,5.983837695920254,0.9696260211763441,824,825
1.0,0.3,0.1,4,3,20,1.0,5.98525992208476,0.9696115810115925,330,331
1.0,0.0,0.1,3,3,5,1.0,5.990133900273294,0.9695620684425468,719,720
1.0,0.3,0.05,3,5,5,0.8,5.990484485739843,0.9695585054474992,744,745
1.0,1.0,0.03,4,5,5,0.8,5.993256864894724,0.9695303224535832,459,460
1.0,0.0,0.03,4,8,5,1.0,5.994003868677947,0.9695227264558193,609,610
0.75,0.0,0.05,3,5,10,1.0,5.994622227856332,0.969516437879989,996,997
1.0,1.0,0.05,4,3,1,1.0,5.994704448014296,0.9695156016703378,325,326
1.0,0.1,0.1,4,5,5,1.0,5.996334023997778,0.9694990259089244,123,124
0.75,0.0,0.1,3,3,20,1.0,5.998790670086939,0.9694740288198622,990,991
1.0,0.0,0.03,3,3,10,0.8,5.999643560033437,0.9694653480219586,998,999
1.0,0.1,0.1,4,8,1,0.8,6.001185019690466,0.9694496557628556,127,128
1.0,0.0,0.05,4,8,5,1.0,6.00166159959802,0.9694448033017807,405,406
1.0,0.1,0.05,4,8,5,1.0,6.003280099066881,0.9694283211203023,319,320
0.75,0.1,0.05,3,5,5,1.0,6.003697749936939,0.9694240672017043,499,500
1.0,0.3,0.03,4,5,1,1.0,6.00594674740641,0.9694011552970261,357,358
1.0,0.0,0.1,4,3,10,0.8,6.005994108513074,0.9694006727083777,167,168
1.0,1.0,0.1,4,5,10,0.8,6.006215344867726,0.9693984183577452,152,153
1.0,0.1,0.1,4,8,5,0.8,6.006376028216739,0.9693967809770937,165,166
1.0,0.1,0.05,4,5,10,1.0,6.007765509840075,0.9693826201823916,615,616
1.0,0.0,0.03,4,8,20,1.0,6.008059917615909,0.9693796193277335,986,987
1.0,1.0,0.1,4,5,5,1.0,6.011227217524427,0.9693473262101578,184,185
1.0,0.3,0.03,4,3,5,1.0,6.012627104147892,0.9693330478397346,826,827
1.0,0.0,0.1,3,5,5,1.0,6.014175003305792,0.9693172559208646,797,798
0.75,0.3,0.03,3,5,1,0.8,6.0144257259560625,0.9693146976250846,430,431
0.75,0.1,0.03,3,5,1,0.8,6.015428973002697,0.9693044597377272,430,431
0.75,0.0,0.03,3,5,1,0.8,6.0154750182268675,0.9693039898166464,430,431
1.0,0.3,0.03,3,3,1,0.8,6.015907877491591,0.9692995720340408,988,989
0.75,0.1,0.1,3,5,1,1.0,6.016990775854546,0.9692885185285517,232,233
1.0,0.1,0.05,4,8,5,0.8,6.017143585226446,0.969286958592045,393,394
1.0,0.1,0.03,4,3,20,1.0,6.017774467954922,0.9692805178804784,793,794
1.0,0.0,0.05,4,8,5,0.8,6.018252167164843,0.969275640577461,386,387
1.0,0.1,0.05,4,8,20,1.0,6.01985419800274,0.9692592810361348,557,558
1.0,0.1,0.03,3,3,5,0.8,6.0199332351681445,0.969258473815508,998,999
0.75,0.1,0.05,3,5,10,1.0,6.02025651883852,0.9692551719515563,853,854
1.0,0.0,0.05,4,8,10,1.0,6.020576558094718,0.9692519030498385,438,439
1.0,0.1,0.03,4,3,10,1.0,6.024197143079924,0.9692149100572006,999,1000
0.75,0.0,0.1,3,8,20,1.0,6.024698827164901,0.9692097823920853,637,638
1.0,0.3,0.03,4,8,1,0.8,6.025743642156841,0.9691991020671815,409,410
1.0,1.0,0.03,3,3,10,0.8,6.025883618020867,0.9691976710629329,995,996
1.0,0.3,0.05,4,3,20,1.0,6.026145166801148,0.9691949971027594,746,747
1.0,0.3,0.03,3,3,10,0.8,6.028206737237422,0.9691739164468972,998,999
1.0,1.0,0.03,4,3,1,1.0,6.029298568164973,0.9691627489734386,508,509
0.75,0.1,0.05,3,3,5,1.0,6.030532750248641,0.9691501230676008,604,605
1.0,0.0,0.03,3,3,5,0.8,6.030699620195331,0.9691484157595549,998,999
0.75,0.0,0.05,3,3,10,1.0,6.032308404176868,0.9691319532733028,988,989
1.0,0.0,0.1,3,5,1,1.0,6.035178452051728,0.9691025735263541,636,637
1.0,0.3,0.05,4,8,20,1.0,6.037421132203163,0.9690796062121889,509,510
1.0,1.0,0.03,4,5,5,1.0,6.038902979726974,0.9690644259121904,617,618
1.0,1.0,0.1,4,8,1,0.8,6.042725749630387,0.969025247600323,128,129
0.75,0.1,0.05,3,5,20,1.0,6.043691582740297,0.9690153451710184,961,962
1.0,0.0,0.03,4,5,5,1.0,6.044209966432031,0.9690100296686056,511,512
1.0,0.1,0.05,3,5,5,0.8,6.044395632490595,0.9690081257393739,744,745
1.0,0.3,0.05,4,3,10,1.0,6.044477248030925,0.9690072887869987,333,334
1.0,0.3,0.1,4,8,20,1.0,6.045655248438896,0.9689952073504766,339,340
0.75,1.0,0.03,3,5,1,0.8,6.0461063721983335,0.9689905800537165,430,431
1.0,0.3,0.03,4,5,5,1.0,6.046425105327947,0.9689873105148168,451,452
1.0,0.1,0.1,3,5,20,1.0,6.047447405592979,0.9689768226776797,599,600
1.0,0.3,0.1,4,5,1,1.0,6.048397239494266,0.9689670766881221,118,119
1.0,0.3,0.1,4,8,5,0.8,6.050044917971142,0.9689501666729863,152,153
1.0,0.0,0.05,3,3,10,0.8,6.050810574452424,0.9689423072237536,563,564
0.75,0.0,0.1,2,8,1,1.0,6.050962062114629,0.968940752087922,736,737
0.75,0.1,0.1,3,5,20,1.0,6.054568356586695,0.9689037192423045,394,395
1.0,0.1,0.03,4,8,1,0.8,6.056453225812858,0.968884354840875,412,413
1.0,1.0,0.05,4,5,5,1.0,6.0568532330978435,0.9688802445488279,209,210
1.0,1.0,0.03,3,5,10,0.8,6.061283537657636,0.9688347026108314,998,999
1.0,1.0,0.1,4,3,1,1.0,6.062031403972093,0.9688270115289545,89,90
1.0,1.0,0.03,3,3,20,0.8,6.066365804247941,0.9687824177268447,843,844
1.0,0.0,0.03,3,3,20,0.8,6.067891150674786,0.9687667168556225,853,854
1.0,0.0,0.05,3,3,5,1.0,6.068522749601702,0.9687602144532879,998,999
1.0,1.0,0.05,4,5,1,0.8,6.068653332242999,0.9687588700016747,150,151
1.0,0.3,0.05,4,3,5,1.0,6.068876628509814,0.9687565709228975,471,472
1.0,0.0,0.05,3,8,20,1.0,6.070012975395628,0.9687448696808509,974,975
1.0,0.3,0.05,4,5,1,1.0,6.070023429441723,0.9687447620228095,209,210
0.75,0.1,0.1,3,8,10,1.0,6.070117180402188,0.968743796546731,354,355
1.0,0.3,0.03,4,8,5,1.0,6.070282342681011,0.9687420956187694,430,431
1.0,0.3,0.03,3,3,5,0.8,6.070595609135275,0.9687388693090239,998,999
0.75,0.1,0.03,3,5,5,1.0,6.0707347530522355,0.9687374362219584,918,919
1.0,0.1,0.03,4,8,20,1.0,6.072262438057935,0.9687216999524206,882,883
1.0,1.0,0.1,3,5,1,0.8,6.073547959908334,0.9687084550721936,345,346
1.0,0.3,0.03,4,5,10,1.0,6.0737144534847705,0.9687067394645553,831,832
1.0,0.1,0.03,4,8,1,1.0,6.073821514801568,0.9687056362427185,444,445
1.0,0.3,0.03,3,5,20,0.8,6.074192640496541,0.9687018117979941,998,999
1.0,1.0,0.03,3,3,5,0.8,6.07782635200777,0.9686643541107208,998,999
1.0,1.0,0.1,3,5,5,0.8,6.077884426325192,0.9686637552765868,449,450
0.75,0.1,0.03,3,3,10,1.0,6.077950437596924,0.9686630745934893,986,987
1.0,0.3,0.05,4,8,10,1.0,6.078614390863394,0.9686562277491024,336,337
1.0,0.1,0.03,4,8,5,0.8,6.08315652238289,0.9686093681467427,412,413
1.0,0.0,0.1,4,8,5,0.8,6.087548950241243,0.9685640196948937,152,153
1.0,0.3,0.03,4,3,20,1.0,6.088647555372609,0.9685526723214781,648,649
1.0,0.0,0.1,3,8,1,0.8,6.08909625866868,0.9685480371247808,345,346
1.0,1.0,0.05,4,5,10,1.0,6.094250745675838,0.9684947657213585,449,450
1.0,0.1,0.03,4,5,20,1.0,6.094608540119271,0.9684910662579999,402,403
0.75,0.0,0.05,2,5,1,1.0,6.097425426675601,0.9684619330978503,995,996
1.0,0.3,0.05,4,8,5,0.8,6.099123408545885,0.9684443655120586,344,345
0.75,0.0,0.05,3,5,1,1.0,6.10090449449488,0.9684259328620635,558,559
1.0,0.3,0.03,4,8,20,1.0,6.10146151002102,0.9684201671437189,767,768
0.75,0.0,0.03,3,3,5,1.0,6.101555226237435,0.9684191970269119,999,1000
1.0,1.0,0.03,4,5,1,1.0,6.102145668073331,0.9684130846411992,494,495
1.0,1.0,0.03,4,8,5,1.0,6.1022976761913466,0.9684115109234867,362,363
1.0,1.0,0.1,4,8,5,1.0,6.102453462836686,0.9684098980465603,98,99
1.0,0.3,0.03,4,8,5,0.8,6.105209785688976,0.9683813547124174,412,413
1.0,1.0,0.03,4,5,20,1.0,6.105475744634215,0.9683785998702382,532,533
1.0,0.3,0.03,3,3,20,0.8,6.1056564638500745,0.9683767278853349,842,843
1.0,1.0,0.1,4,5,1,1.0,6.105737302422279,0.9683758904988542,169,170
1.0,1.0,0.1,4,8,20,1.0,6.106683382577279,0.9683660894678249,256,257
1.0,1.0,0.05,4,5,1,1.0,6.108725495913542,0.9683449287729414,172,173
1.0,0.1,0.1,3,5,5,0.8,6.109058833150763,0.9683414740091331,544,545
1.0,0.1,0.1,4,8,5,1.0,6.113415550898083,0.9682963029123407,593,594
1.0,0.0,0.03,3,5,10,0.8,6.115215795678073,0.9682776283046056,998,999
1.0,0.3,0.05,4,8,1,1.0,6.115326287106218,0.9682764819568936,225,226
0.75,0.0,0.03,3,5,5,1.0,6.11639132374766,0.9682654311479432,998,999
1.0,0.0,0.03,4,8,5,0.8,6.116785798893735,0.9682613375895982,397,398
1.0,0.3,0.05,3,3,5,0.8,6.118013313516813,0.9682485977021101,448,449
1.0,0.1,0.03,3,8,10,0.8,6.118713870469764,0.9682413257535097,998,999
1.0,1.0,0.05,4,8,5,1.0,6.119249545146752,0.9682357647605897,374,375
0.75,0.0,0.05,3,8,10,1.0,6.119492985043648,0.968233237380097,691,692
1.0,0.3,0.05,4,8,5,1.0,6.121638848476431,0.9682109547870112,237,238
1.0,1.0,0.03,3,8,20,0.8,6.125247624566072,0.9681734637283717,998,999
1.0,0.1,0.1,3,8,1,0.8,6.125372991384335,0.9681721609133133,345,346
1.0,0.3,0.05,4,5,5,1.0,6.125724966762623,0.9681685030340037,269,270
1.0,0.1,0.03,3,3,20,0.8,6.1262824249956545,0.9681627092585535,843,844
1.0,1.0,0.03,3,8,10,0.8,6.127887860718352,0.9681460206968615,998,999
1.0,0.3,0.1,4,5,10,1.0,6.127931040379321,0.9681455717823565,176,177
1.0,0.3,0.03,3,5,10,0.8,6.128333659211932,0.9681413858298907,998,999
1.0,1.0,0.03,4,8,5,0.8,6.1286357300812275,0.9681382450751639,393,394
0.75,0.3,0.05,3,3,5,1.0,6.129878696805047,0.9681253198112424,447,448
1.0,1.0,0.03,4,3,5,1.0,6.130635835436482,0.9681174452534019,615,616
1.0,1.0,0.05,4,3,5,1.0,6.131602001471183,0.9681073953109133,378,379
0.75,0.3,0.1,3,3,1,1.0,6.13191409463938,0.9681041486170319,237,238
1.0,0.3,0.03,4,5,20,1.0,6.132212105616731,0.9681010482654364,401,402
1.0,0.0,0.03,3,8,10,0.8,6.13234104713895,0.9680997067780365,998,999
1.0,0.3,0.03,3,8,10,0.8,6.132346076845805,0.9680996544491826,998,999
1.0,0.3,0.05,4,5,10,1.0,6.134154809827448,0.9680808336861078,496,497
1.0,0.3,0.03,3,8,20,0.8,6.134187189621306,0.968080496707735,991,992
1.0,0.3,0.03,4,3,10,1.0,6.134511442939701,0.9680771220867478,999,1000
1.0,0.3,0.1,4,8,5,1.0,6.135472155728318,0.9680671225557901,130,131
0.75,0.1,0.1,3,5,10,1.0,6.135580651167784,0.9680659931880361,331,332
1.0,0.1,0.03,3,8,20,0.8,6.137042041408768,0.9680507791092622,995,996
0.75,0.1,0.05,3,5,1,1.0,6.137486598458548,0.9680461502454819,444,445
0.75,0.1,0.03,3,3,5,1.0,6.137628792856271,0.9680446696032086,967,968
1.0,0.1,0.03,4,8,10,1.0,6.137879923242237,0.9680420545481428,568,569
1.0,0.3,0.03,4,8,10,1.0,6.140077701308783,0.9680191642188568,454,455
1.0,0.1,0.03,3,5,10,0.8,6.1411763589338575,0.9680077183921828,998,999
0.75,0.1,0.05,3,8,10,1.0,6.145419717445698,0.9679634918096376,652,653
1.0,0.1,0.05,4,8,1,1.0,6.145457327751042,0.9679630996780673,276,277
1.0,1.0,0.03,4,8,10,1.0,6.146642399426654,0.967950742685984,699,700
1.0,0.1,0.1,3,3,10,1.0,6.147796165396166,0.9679387098360209,496,497
1.0,0.0,0.1,3,5,10,1.0,6.148706128470769,0.9679292180609134,740,741
0.75,0.3,0.03,3,3,1,1.0,6.148736573525732,0.9679289004659215,632,633
0.75,0.1,0.1,3,8,5,1.0,6.149411493896591,0.9679218594661663,274,275
0.75,0.1,0.05,2,5,1,1.0,6.152651192051445,0.9678880510707321,915,916
1.0,1.0,0.03,4,5,10,1.0,6.15573914263977,0.9678558096865878,682,683
0.75,0.0,0.1,2,3,5,1.0,6.155796685561533,0.9678552087256859,811,812
1.0,0.1,0.03,3,8,5,0.8,6.158063936021723,0.967831525775174,991,992
1.0,1.0,0.05,4,8,1,1.0,6.1604263504899555,0.9678068394949633,317,318
1.0,1.0,0.05,4,8,10,1.0,6.16215349699129,0.9677887855176108,398,399
1.0,1.0,0.03,3,8,5,0.8,6.1639046101708415,0.9677704758482155,991,992
0.75,0.0,0.1,2,5,5,1.0,6.164163445260714,0.9677677690227665,542,543
1.0,0.0,0.03,3,5,20,0.8,6.166103589341791,0.9677474759159905,853,854
0.75,0.1,0.03,3,8,1,1.0,6.169521179704614,0.9677117137979883,717,718
0.75,0.0,0.1,2,8,5,0.8,6.1719322845570375,0.9676864717561506,823,824
0.75,0.1,0.1,2,8,5,0.8,6.1719322845570375,0.9676864717561506,823,824
0.75,0.3,0.1,3,5,10,1.0,6.172896738830924,0.9676763720486463,315,316
1.0,0.0,0.05,3,8,5,1.0,6.173895828685859,0.9676659079752774,999,1000
1.0,1.0,0.05,4,3,20,1.0,6.175176110098026,0.9676524963368662,541,542
1.0,0.1,0.03,3,5,20,0.8,6.177520182730445,0.9676279337047635,851,852
1.0,0.1,0.05,4,8,1,0.8,6.178565192458449,0.9676169804469783,152,153
1.0,0.3,0.1,3,8,1,0.8,6.179187137505153,0.9676104606574585,345,346
0.75,0.0,0.03,3,8,1,1.0,6.181786837433912,0.9675832011509391,697,698
0.75,0.1,0.03,3,8,10,1.0,6.182211608056831,0.9675787460711109,992,993
1.0,0.0,0.05,4,8,1,0.8,6.18332784399336,0.9675670373046763,152,153
1.0,0.3,0.03,3,8,5,0.8,6.184728424481619,0.9675523429134162,998,999
0.75,0.3,0.1,3,5,20,1.0,6.18670135478089,0.9675316379860118,333,334
1.0,1.0,0.1,4,5,20,1.0,6.188094586031709,0.9675170127349961,261,262
0.75,0.0,0.1,2,3,10,1.0,6.188731568268693,0.9675103250056666,883,884
1.0,1.0,0.03,3,5,5,0.8,6.190246980390992,0.9674944118012173,995,996
1.0,0.1,0.1,4,8,10,0.8,6.190641124166888,0.9674902722949301,152,153
0.75,0.0,0.05,3,8,1,1.0,6.191110655297012,0.9674853406867987,464,465
1.0,1.0,0.03,4,8,1,1.0,6.1914423145639725,0.9674818569574587,523,524
0.75,0.1,0.1,3,3,20,1.0,6.193969720237822,0.967455303107898,548,549
0.75,1.0,0.1,2,5,5,0.8,6.196509225950843,0.9674286112156222,672,673
1.0,0.3,0.05,4,8,1,0.8,6.19849237309359,0.9674077594132149,152,153
1.0,1.0,0.05,4,8,1,0.8,6.200706179291031,0.9673844744643448,152,153
1.0,0.3,0.1,3,5,5,0.8,6.201513785129415,0.9673759779468739,345,346
1.0,0.0,0.03,3,8,5,0.8,6.202001178385601,0.9673708497302064,998,999
0.75,0.0,0.03,3,3,10,1.0,6.202028863467668,0.9673705584233545,998,999
0.75,0.3,0.05,3,5,5,1.0,6.203507026155748,0.967355003071458,475,476
1.0,1.0,0.05,4,3,10,1.0,6.204589989868762,0.9673436042182602,443,444
0.75,0.0,0.03,3,8,5,1.0,6.207422365117257,0.9673137823350606,791,792
1.0,1.0,0.05,3,3,10,0.8,6.207897341632033,0.9673087800075859,456,457
1.0,0.0,0.1,3,5,5,0.8,6.208617193334193,0.9673011979895643,544,545
0.75,0.3,0.03,3,5,1,1.0,6.210434846686535,0.9672820491886517,637,638
1.0,0.0,0.1,3,8,10,1.0,6.210622529515072,0.9672800716490784,580,581
0.75,0.0,0.05,2,8,1,1.0,6.210699631399781,0.9672792592397617,992,993
0.75,0.3,0.1,3,8,1,1.0,6.211395059375384,0.9672719311788922,186,187
1.0,0.0,0.1,4,8,10,0.8,6.2123120683110615,0.9672622669580045,164,165
1.0,0.1,0.03,3,5,5,0.8,6.214313711198392,0.9672411669853302,995,996
0.75,1.0,0.1,2,8,5,0.8,6.214400260917565,0.967240254483106,733,734
1.0,0.0,0.05,3,5,5,1.0,6.2149358157192065,0.9672346077933948,876,877
1.0,0.3,0.1,4,8,10,0.8,6.215589300695122,0.9672277170328576,164,165
1.0,0.0,0.05,4,3,20,1.0,6.217131381399858,0.9672114534826397,281,282
0.75,0.3,0.1,3,5,1,1.0,6.220661467095077,0.9671742082541546,155,156
0.75,1.0,0.1,2,3,5,0.8,6.220812457832685,0.9671726147095818,730,731
0.75,0.3,0.1,2,8,5,0.8,6.220874476319446,0.9671719601600604,733,734
1.0,1.0,0.05,4,8,20,1.0,6.22204981411371,0.9671595542897892,501,502
1.0,0.1,0.03,4,8,5,1.0,6.222175457333289,0.9671582279677201,318,319
0.75,0.3,0.1,3,8,10,1.0,6.223294459767665,0.9671464143093987,235,236
1.0,0.0,0.1,3,3,20,1.0,6.223355048817681,0.96714577459124,739,740
1.0,0.0,0.03,3,8,20,0.8,6.223777836977944,0.9671413104881204,861,862
1.0,0.0,0.1,3,8,1,1.0,6.22662638175128,0.9671112255878027,350,351
0.75,1.0,0.03,3,3,1,1.0,6.229286331793669,0.9670831201010323,458,459
1.0,1.0,0.03,4,3,10,1.0,6.234241577287477,0.9670307301200299,723,724
0.75,0.1,0.05,3,3,1,1.0,6.235932940605936,0.9670128384238762,475,476
1.0,1.0,0.1,4,8,10,0.8,6.237066093176132,0.9670008489161454,152,153
0.75,0.0,0.05,2,5,5,1.0,6.237639675782353,0.9669947792003111,992,993
0.75,0.0,0.03,3,8,10,1.0,6.239786860532911,0.9669720524934206,996,997
0.75,0.1,0.05,2,8,1,1.0,6.240590804234824,0.9669635412024044,983,984
0.75,0.3,0.1,2,5,5,0.8,6.242073525836157,0.9669478408651306,672,673
0.75,0.1,0.1,2,5,5,0.8,6.242073525836157,0.9669478408651306,672,673
0.75,0.0,0.1,2,5,5,0.8,6.242073525836157,0.9669478408651306,672,673
0.75,0.1,0.1,2,5,5,1.0,6.2471250920467245,0.9668943225173854,505,506
1.0,0.3,0.1,4,8,10,1.0,6.2477226246532,0.9668879891504312,175,176
1.0,1.0,0.05,4,5,20,1.0,6.248859159361784,0.9668759411211564,232,233
0.75,0.3,0.03,3,3,10,1.0,6.252188046419656,0.966840640078657,801,802
1.0,0.3,0.1,4,8,1,1.0,6.252337186544589,0.966839058088471,163,164
0.75,0.1,0.1,3,3,5,1.0,6.255706778711179,0.9668033053909898,327,328
1.0,0.3,0.03,4,8,1,1.0,6.256467827365326,0.9667952276989131,368,369
0.75,0.3,0.05,3,8,5,1.0,6.257045369624884,0.9667890970690161,420,421
1.0,0.1,0.1,4,8,10,1.0,6.258747329459917,0.9667710274189038,231,232
0.75,0.3,0.03,3,3,5,1.0,6.259669261702296,0.966761237243364,701,702
1.0,0.3,0.05,3,3,1,0.8,6.26065681220998,0.9667507486552419,343,344
1.0,0.1,0.03,3,5,1,0.8,6.262231572099366,0.9667340200039151,730,731
1.0,0.0,0.03,3,5,5,0.8,6.26224000863426,0.9667339303713978,998,999
1.0,0.3,0.03,3,5,5,0.8,6.268493992287064,0.9666674527720263,995,996
1.0,0.3,0.03,3,5,1,0.8,6.268982244421633,0.9666622600347687,730,731
0.75,0.1,0.03,3,8,5,1.0,6.27131016187717,0.9666374962332096,934,935
1.0,0.0,0.03,3,5,1,0.8,6.278010873139229,0.9665661644289775,730,731
0.75,1.0,0.1,3,3,1,1.0,6.2834296222965556,0.9665084239253138,163,164
1.0,0.0,0.05,3,3,10,1.0,6.284692297327473,0.966494962096838,996,997
0.75,0.3,0.05,3,5,20,1.0,6.28826580830005,0.9664568489626811,619,620
0.75,0.3,0.03,3,8,5,1.0,6.288475398738604,0.9664546129118803,672,673
1.0,0.1,0.05,3,5,1,0.8,6.295054558665316,0.966384384150973,448,449
0.75,0.1,0.05,2,5,5,1.0,6.29565711893662,0.9663779484945896,985,986
0.75,0.1,0.1,2,5,1,1.0,6.29719249968945,0.9663615470468532,504,505
0.75,0.0,0.1,2,5,1,1.0,6.29719249968945,0.9663615470468532,504,505
1.0,0.0,0.05,3,8,1,1.0,6.297798599564033,0.9663550713854233,700,701
0.75,0.0,0.05,2,3,1,1.0,6.2983110964633235,0.9663495953058349,995,996
0.75,0.3,0.03,3,5,5,1.0,6.300663785180886,0.9663244508781482,693,694
1.0,0.1,0.1,3,3,1,1.0,6.300958335611801,0.9663213022005805,273,274
1.0,0.1,0.03,3,5,1,1.0,6.303166648569258,0.9662976911453586,968,969
1.0,0.3,0.05,3,8,20,1.0,6.308148335933287,0.9662443970717893,999,1000
1.0,0.0,0.1,3,8,20,1.0,6.308983212851968,0.9662354614421325,610,611
0.75,0.3,0.1,3,5,5,1.0,6.309800445239296,0.9662267135153498,221,222
0.75,0.1,0.05,3,3,10,1.0,6.309867225405654,0.966225998628201,804,805
1.0,1.0,0.1,4,5,10,1.0,6.3105716730318875,0.9662184569978175,218,219
0.75,0.0,0.1,2,3,5,0.8,6.3152850836353265,0.9661679748054399,662,663
0.75,0.1,0.1,2,3,5,0.8,6.3152850836353265,0.9661679748054399,662,663
0.75,0.3,0.1,2,3,5,0.8,6.315308501762892,0.9661677238954207,662,663
1.0,1.0,0.1,4,3,10,1.0,6.315464179360643,0.9661660558874727,123,124
1.0,1.0,0.03,3,8,1,0.8,6.316406511132214,0.9661559583940157,730,731
1.0,1.0,0.1,4,8,1,1.0,6.3208190040115415,0.9661086565764887,162,163
0.75,0.1,0.05,2,3,1,1.0,6.321382900996756,0.9661026092339369,998,999
0.75,0.3,0.03,3,5,10,1.0,6.322389530021985,0.9660918126045306,835,836
1.0,1.0,0.03,4,8,20,1.0,6.329350537527307,0.9660171050642135,368,369
1.0,0.0,0.05,3,5,1,1.0,6.3346875486433065,0.9659597710446213,602,603
1.0,0.0,0.1,3,8,5,0.8,6.336156507691169,0.9659439819470079,389,390
1.0,0.1,0.1,3,5,5,1.0,6.340481462464613,0.9658974739395859,332,333
0.75,0.0,0.05,2,8,5,1.0,6.34700966356397,0.9658272134210009,993,994
0.75,0.3,0.1,3,8,20,1.0,6.3509297539820295,0.9657849882506685,286,287
1.0,1.0,0.1,3,8,5,0.8,6.3515617045438395,0.9657781787684365,391,392
0.75,0.1,0.05,3,8,1,1.0,6.351837504097667,0.9657752067220695,460,461
1.0,0.1,0.1,3,8,10,1.0,6.35213791503521,0.9657719693138828,389,390
1.0,0.1,0.1,3,8,5,0.8,6.3529309824432465,0.9657634220088704,448,449
1.0,0.3,0.05,3,5,1,0.8,6.358114528551925,0.9657075299233513,448,449
1.0,1.0,0.05,3,8,5,0.8,6.359177513310411,0.9656960625551516,448,449
1.0,0.0,0.03,3,5,1,1.0,6.360433634779755,0.9656825091772284,867,868
1.0,0.1,0.05,3,5,10,1.0,6.3611668655705795,0.9656745964804676,734,735
0.75,1.0,0.1,2,8,1,0.8,6.369519646342616,0.9655843926495693,672,673
1.0,0.1,0.05,3,8,20,1.0,6.372873537256306,0.9655481398116137,680,681
0.75,0.3,0.1,3,3,10,1.0,6.374237441586409,0.9655333916546804,275,276
0.75,0.3,0.03,3,8,10,1.0,6.375421147678478,0.9655205894574598,734,735
0.75,0.3,0.1,3,3,20,1.0,6.37783169660405,0.9654945111743516,409,410
0.75,0.3,0.05,3,3,1,1.0,6.378286329347213,0.9654895916703863,377,378
0.75,0.1,0.1,2,3,5,1.0,6.378306825190863,0.9654893698800704,559,560
1.0,1.0,0.03,3,5,1,0.8,6.38253458370624,0.9654436050810524,730,731
0.75,1.0,0.03,3,5,1,1.0,6.385856403091818,0.9654076256523321,561,562
1.0,0.3,0.05,3,8,5,0.8,6.389115929010869,0.9653723027417277,448,449
0.75,1.0,0.05,2,5,1,0.8,6.389684200837548,0.9653661426344113,976,977
0.75,0.0,0.05,2,5,1,0.8,6.392611489857651,0.9653344019316048,981,982
0.75,0.3,0.1,3,8,5,1.0,6.3930868367026985,0.9653292463561883,215,216
0.75,0.0,0.1,2,3,1,1.0,6.4094226335014275,0.9651518365981742,624,625
0.75,0.3,0.03,3,5,20,1.0,6.4111861948567554,0.965132656920763,476,477
0.75,1.0,0.1,3,5,1,1.0,6.412694968071539,0.9651162440131295,141,142
0.75,0.1,0.05,2,8,5,1.0,6.414224871847348,0.9650995972970534,981,982
1.0,0.1,0.1,3,5,1,1.0,6.415392799212922,0.9650868865339682,259,260
0.75,1.0,0.03,3,8,10,1.0,6.417535771524315,0.9650635581630546,604,605
1.0,0.0,0.05,3,5,10,1.0,6.420662053507915,0.9650295115208709,740,741
0.75,1.0,0.1,3,8,10,1.0,6.421360470601934,0.9650219031729733,173,174
0.75,0.3,0.05,3,5,1,1.0,6.422960826802976,0.9650044662482383,376,377
1.0,1.0,0.1,4,8,10,1.0,6.424168006652881,0.9649913103613107,193,194
1.0,0.0,0.03,3,8,1,1.0,6.424246963408798,0.9649904498017653,999,1000
1.0,0.3,0.1,3,8,5,0.8,6.42845739163231,0.9649445444984656,389,390
0.75,1.0,0.05,3,8,5,1.0,6.428491899974429,0.9649441681379097,423,424
0.75,0.1,0.1,3,5,5,1.0,6.429573028204559,0.9649323759362552,254,255
1.0,0.1,0.1,3,8,20,1.0,6.42979365482058,0.9649299692495475,384,385
1.0,0.1,0.05,3,3,1,1.0,6.430460919715394,0.9649226899445249,532,533
0.75,0.0,0.05,2,3,1,0.8,6.431288222222007,0.9649136637133939,983,984
0.75,0.1,0.05,2,3,1,0.8,6.431288222222007,0.9649136637133939,983,984
0.75,1.0,0.1,3,5,10,1.0,6.434745011090804,0.9648759360769115,257,258
0.75,1.0,0.1,3,8,1,1.0,6.440006583921873,0.9648184719887103,135,136
0.75,1.0,0.03,3,8,1,1.0,6.440112082834632,0.9648173193056166,547,548
0.75,0.3,0.05,3,3,10,1.0,6.440289609704951,0.9648153796010901,621,622
1.0,0.1,0.03,3,3,1,1.0,6.44271573296425,0.9647888657920825,921,922
0.75,0.0,0.1,2,8,5,1.0,6.443327382703082,0.9647821798216766,836,837
1.0,0.0,0.1,3,8,5,1.0,6.445428746152051,0.9647592048885769,416,417
0.75,1.0,0.03,3,5,5,1.0,6.445489434841393,0.9647585412468489,671,672
1.0,0.0,0.03,3,5,5,1.0,6.446243574434003,0.9647502940735645,998,999
0.75,0.3,0.05,2,3,1,0.8,6.446563657304257,0.9647467933969183,976,977
1.0,0.3,0.1,3,5,10,1.0,6.446736966896114,0.964744897875118,282,283
0.75,0.3,0.03,3,8,20,1.0,6.446933016085812,0.9647427535843442,476,477
0.75,0.1,0.05,2,5,10,1.0,6.447199472012628,0.9647398391143512,990,991
1.0,0.1,0.03,3,8,1,1.0,6.448347540536565,0.9647272802706797,999,1000
1.0,1.0,0.03,3,5,20,0.8,6.4484147907474805,0.9647265445441402,563,564
1.0,0.1,0.03,3,5,10,1.0,6.449604381814098,0.96471352898627,999,1000
0.75,1.0,0.03,3,8,5,1.0,6.4513010658074865,0.9646949610673887,685,686
1.0,0.1,0.03,3,8,5,1.0,6.451696344694799,0.9646906345714172,987,988
0.75,0.0,0.03,3,5,20,1.0,6.454185396863438,0.9646633847440271,479,480
1.0,0.1,0.05,3,8,5,1.0,6.4594933084497965,0.9646052392945198,604,605
1.0,0.3,0.1,3,3,20,1.0,6.459542438373756,0.9646047008781357,388,389
0.75,1.0,0.03,3,3,5,1.0,6.461305765762136,0.964585373806665,732,733
0.75,0.1,0.03,3,8,20,1.0,6.461426476793685,0.9645840505521566,480,481
0.75,0.1,0.03,3,5,20,1.0,6.462457884233385,0.9645727430833508,481,482
0.75,0.1,0.05,3,3,20,1.0,6.462520703415793,0.9645720543292665,587,588
0.75,1.0,0.03,3,5,20,1.0,6.462789822906739,0.9645691036078184,473,474
0.75,1.0,0.03,3,8,20,1.0,6.464946404780712,0.964545453642501,460,461
1.0,0.3,0.1,3,8,20,1.0,6.466514145214559,0.9645282562020673,407,408
0.75,0.0,0.03,3,8,20,1.0,6.467327428921559,0.9645193331858135,449,450
0.75,1.0,0.05,2,3,1,0.8,6.46736195822313,0.9645189543196038,976,977
0.75,0.1,0.1,2,8,1,1.0,6.467861527663758,0.964513472662369,481,482
1.0,0.3,0.1,3,3,10,1.0,6.468066469713209,0.9645112237592868,265,266
0.75,0.3,0.1,3,3,5,1.0,6.469284177031225,0.9644978599478115,264,265
1.0,0.3,0.1,3,5,1,0.8,6.470507593803027,0.9644844309441336,152,153
0.75,0.0,0.05,2,8,1,0.8,6.470728000758739,0.9644820113467019,981,982
0.75,0.1,0.05,2,8,1,0.8,6.471313786128154,0.9644755802743817,981,982
0.75,0.3,0.05,3,3,20,1.0,6.473917346084045,0.9644469899246813,803,804
0.75,1.0,0.05,3,3,5,1.0,6.47605221402765,0.964423537819202,182,183
0.75,0.1,0.1,2,8,10,1.0,6.478608498399014,0.9643954461669807,540,541
0.75,1.0,0.03,3,3,10,1.0,6.479524502167265,0.9643853772729862,612,613
1.0,0.1,0.03,3,5,5,1.0,6.482276294540573,0.9643551204669942,969,970
1.0,0.1,0.05,3,8,10,1.0,6.482528622531559,0.9643523453998769,668,669
0.75,0.3,0.05,2,8,1,0.8,6.483947988837647,0.9643367333996969,981,982
0.75,0.1,0.05,2,5,1,0.8,6.484550651556136,0.9643301035130641,823,824
0.75,0.3,0.05,2,5,1,0.8,6.484551218324082,0.9643300972777655,823,824
0.75,0.3,0.05,3,8,1,1.0,6.485679819254081,0.9643176798914906,358,359
1.0,0.0,0.03,3,3,1,1.0,6.487147126644611,0.96430153266991,997,998
1.0,0.1,0.1,3,5,10,1.0,6.4871581282011785,0.9643014115877045,339,340
0.75,0.3,0.05,3,5,10,1.0,6.488237216927786,0.9642895342301732,455,456
1.0,0.1,0.1,3,8,1,1.0,6.490216839517143,0.9642677397035739,242,243
1.0,0.0,0.03,3,3,5,1.0,6.4916200696771975,0.9642522869053247,994,995
0.75,1.0,0.1,2,5,10,0.8,6.493940732242432,0.9642267237309843,662,663
0.75,0.0,0.05,2,8,10,1.0,6.4961716293025535,0.9642021407517672,990,991
0.75,0.1,0.05,2,3,5,1.0,6.497059272767276,0.9641923571719727,995,996
0.75,0.0,0.1,2,5,10,0.8,6.499758630586474,0.9641625967169871,662,663
0.75,0.1,0.05,2,8,10,1.0,6.501934489599428,0.9641385988447033,980,981
0.75,0.0,0.05,2,5,10,1.0,6.50443580743832,0.9641110015144978,999,1000
0.75,1.0,0.1,3,3,10,1.0,6.50735640830195,0.9640787647531643,188,189
0.75,0.3,0.05,2,5,5,0.8,6.514093965257711,0.9640043423165578,984,985
0.75,0.3,0.05,3,8,10,1.0,6.5140953123019,0.9640043274295308,443,444
0.75,1.0,0.05,3,3,1,1.0,6.514280770514134,0.9640022777855534,258,259
0.75,0.3,0.1,2,5,10,0.8,6.514423956817644,0.9640006952816338,662,663
0.75,0.1,0.1,2,5,10,0.8,6.514542450152821,0.9639993856596308,662,663
0.75,1.0,0.1,3,5,20,1.0,6.5177086575979555,0.9639643830132578,160,161
1.0,0.1,0.05,3,5,1,1.0,6.518076497937669,0.9639603154096452,513,514
1.0,0.1,0.05,3,8,1,1.0,6.520667822086513,0.9639316538653466,563,564
1.0,0.3,0.1,3,5,20,1.0,6.520709197303164,0.9639311961391104,325,326
0.75,0.1,0.1,2,5,20,0.8,6.52770223100323,0.9638537917944114,660,661
0.75,0.0,0.1,2,5,20,0.8,6.52770223100323,0.9638537917944114,660,661
0.75,0.3,0.03,3,8,1,1.0,6.529568329111399,0.9638331223429597,332,333
1.0,0.0,0.05,3,8,10,1.0,6.531468547229932,0.9638120688972095,663,664
0.75,1.0,0.1,3,8,20,1.0,6.533398164683261,0.9637906834529227,189,190
0.75,0.3,0.05,2,5,20,1.0,6.534747718009525,0.9637757229532463,996,997
0.75,0.0,0.05,2,5,5,0.8,6.534928920261632,0.9637737139968579,976,977
1.0,1.0,0.1,3,8,20,1.0,6.536713586485803,0.963753924751117,330,331
0.75,0.1,0.05,2,5,5,0.8,6.5413792124645855,0.9637021644957435,983,984
1.0,0.1,0.03,3,8,10,1.0,6.542344148946647,0.9636914549227669,998,999
1.0,0.3,0.03,3,8,1,0.8,6.54331701491296,0.9636806557433502,581,582
0.75,1.0,0.05,2,5,5,0.8,6.543464776155986,0.9636790153973191,976,977
1.0,0.1,0.03,3,8,1,0.8,6.544889646276638,0.9636631955458556,581,582
1.0,0.0,0.03,3,8,1,0.8,6.544970865877948,0.9636622936883019,581,582
0.75,0.1,0.05,2,8,5,0.8,6.5489048859129335,0.9636185971675928,988,989
0.75,0.0,0.05,2,8,5,0.8,6.548906428019814,0.9636185800337302,988,989
0.75,0.0,0.1,3,5,20,1.0,6.549718691940221,0.9636095546650619,165,166
0.75,1.0,0.05,2,8,5,0.8,6.5512816500211715,0.9635921849032374,988,989
0.75,0.1,0.1,3,8,20,1.0,6.552000573393802,0.9635841938362126,166,167
1.0,0.3,0.1,3,5,1,1.0,6.5558182571084895,0.9635417443487713,179,180
0.75,0.3,0.1,2,5,20,0.8,6.5584972205310175,0.9635119417259821,660,661
1.0,0.1,0.05,3,5,5,1.0,6.558709650116525,0.9635095779928389,558,559
0.75,0.1,0.03,3,3,20,1.0,6.562725857695258,0.9634648746935832,776,777
1.0,0.3,0.05,3,3,10,1.0,6.564532447100094,0.9634447571215523,712,713
1.0,0.0,0.03,3,8,5,1.0,6.564902296606912,0.9634406379189984,999,1000
0.75,1.0,0.1,2,5,20,0.8,6.56527051499975,0.9634365366524539,660,661
1.0,0.0,0.1,3,5,20,1.0,6.567406075162442,0.9634127459571256,317,318
1.0,0.1,0.05,3,3,5,1.0,6.567719004355122,0.963409259194617,663,664
0.75,0.3,0.05,3,8,20,1.0,6.568088181800277,0.963405145481512,276,277
0.75,0.3,0.05,2,8,5,0.8,6.569475135331849,0.9633896887092529,988,989
0.75,1.0,0.05,3,5,20,1.0,6.5740625171703595,0.9633385418182872,291,292
0.75,0.0,0.05,3,8,20,1.0,6.574732852884709,0.9633310649384625,285,286
0.75,1.0,0.05,3,5,1,1.0,6.576296952236831,0.9633136161140103,266,267
0.75,1.0,0.05,3,8,20,1.0,6.586783924574435,0.9631965180412647,285,286
1.0,0.1,0.03,3,3,5,1.0,6.589077531722974,0.963170882639495,982,983
0.75,1.0,0.1,2,3,10,0.8,6.590082638196933,0.9631596458594038,730,731
0.75,0.1,0.05,2,5,20,1.0,6.591923514751479,0.9631390609835674,964,965
0.75,1.0,0.1,3,3,20,1.0,6.593997355397326,0.9631158641918796,191,192
0.75,0.1,0.1,2,3,1,1.0,6.596964382887192,0.9630826640372884,453,454
1.0,0.0,0.03,3,8,10,1.0,6.600529445465457,0.9630427522937512,999,1000
1.0,0.1,0.1,3,3,5,1.0,6.600955689341549,0.9630379789466196,343,344
1.0,0.3,0.1,3,8,10,1.0,6.6027477146232,0.9630179073478121,278,279
1.0,0.1,0.03,3,3,10,1.0,6.603592821153451,0.96300843983232,999,1000
0.75,1.0,0.03,3,3,20,1.0,6.6052175327889175,0.9629902351933426,589,590
1.0,0.3,0.03,3,3,10,1.0,6.605513549909999,0.962986917885634,960,961
1.0,0.3,0.03,3,5,1,1.0,6.607000032829889,0.9629702574080974,581,582
0.75,1.0,0.05,3,5,5,1.0,6.609369549253024,0.9629436921540759,174,175
0.75,0.0,0.05,2,3,5,0.8,6.614807189419057,0.96288269336903,981,982
0.75,0.0,0.05,3,5,20,1.0,6.616301450651832,0.9628659221419281,291,292
0.75,0.1,0.05,2,3,5,0.8,6.620585652666279,0.9628178162932244,984,985
0.75,0.3,0.05,2,3,5,0.8,6.620589269269099,0.9628177756704654,984,985
0.75,1.0,0.05,2,3,5,0.8,6.620942951242363,0.9628138029021208,983,984
0.75,0.3,0.1,2,3,10,0.8,6.6224520330604815,0.962796849604203,730,731
0.75,1.0,0.05,2,8,10,0.8,6.630499675984724,0.9627063756880591,998,999
0.75,0.1,0.1,2,3,10,0.8,6.632529030373452,0.962683543755138,662,663
0.75,0.0,0.1,2,3,10,0.8,6.632529030373452,0.962683543755138,662,663
0.75,0.3,0.03,3,3,20,1.0,6.635314460940916,0.962652193956741,598,599
1.0,0.3,0.03,3,3,5,1.0,6.638420635190125,0.9626172186899192,935,936
0.75,0.3,0.1,2,5,10,1.0,6.63974431659925,0.9626023091719081,383,384
0.75,0.1,0.05,2,8,20,1.0,6.641667354160593,0.9625806434042963,996,997
1.0,0.3,0.05,3,3,5,1.0,6.642235850709806,0.9625742372763195,482,483
0.75,0.0,0.05,2,8,20,1.0,6.642759165360048,0.9625683397978503,991,992
0.75,0.0,0.1,2,3,1,0.8,6.646489818556642,0.962526283853224,412,413
0.75,0.1,0.1,2,3,1,0.8,6.646489818556642,0.962526283853224,412,413
0.75,0.3,0.1,2,3,1,0.8,6.646489818556642,0.962526283853224,412,413
0.75,1.0,0.1,2,3,1,0.8,6.646532793705562,0.9625257992534482,412,413
0.75,0.3,0.05,2,5,1,1.0,6.647844425282386,0.9625110074224528,636,637
0.75,0.0,0.05,2,5,20,1.0,6.64808924726279,0.9625082461368926,994,995
0.75,1.0,0.05,3,5,10,1.0,6.6507262140461885,0.9624784980052924,477,478
0.75,1.0,0.05,2,8,1,0.8,6.653019612248175,0.9624526161454067,823,824
1.0,0.1,0.1,3,8,5,1.0,6.653495866941783,0.9624472403134149,366,367
0.75,0.1,0.05,2,8,10,0.8,6.657640168252833,0.962400444336269,998,999
0.75,0.3,0.05,2,8,10,0.8,6.657640168252833,0.962400444336269,998,999
0.75,0.0,0.05,2,8,10,0.8,6.658504677300094,0.962390678934218,998,999
1.0,0.3,0.03,3,3,1,1.0,6.662052361965391,0.9623505913881069,644,645
0.75,0.0,0.05,2,3,5,1.0,6.665268404338452,0.9623142328269758,975,976
0.75,1.0,0.05,3,3,10,1.0,6.666933575759103,0.9622954005467377,497,498
1.0,1.0,0.1,3,5,20,1.0,6.66833297876376,0.9622795703403038,318,319
1.0,0.3,0.05,3,5,10,1.0,6.670947743453167,0.9622499829201488,580,581
1.0,0.1,0.1,3,3,20,1.0,6.675848809687599,0.9621944935637745,284,285
0.75,1.0,0.1,3,8,5,1.0,6.687075374205273,0.9620672339924102,155,156
0.75,0.0,0.1,2,5,10,1.0,6.690362119331087,0.9620299363798629,464,465
0.75,0.1,0.1,2,5,10,1.0,6.690362119331087,0.9620299363798629,464,465
1.0,0.3,0.05,3,3,1,1.0,6.693814057445187,0.9619907444435287,352,353
0.75,0.3,0.1,2,5,1,1.0,6.695411616668888,0.9619725995466728,303,304
0.75,0.1,0.05,2,5,10,0.8,6.703407860534204,0.9618817140381326,998,999
0.75,0.0,0.05,2,5,10,0.8,6.703407860534204,0.9618817140381326,998,999
0.75,1.0,0.1,2,5,1,0.8,6.7037377794621404,0.9618779618411087,412,413
1.0,1.0,0.1,3,5,10,1.0,6.706570354239514,0.961845739119755,274,275
0.75,0.0,0.1,2,5,1,0.8,6.707367964985816,0.9618366632265525,412,413
0.75,0.1,0.1,2,5,1,0.8,6.707375642616059,0.9618365758587033,412,413
0.75,0.3,0.1,2,5,1,0.8,6.707375642616059,0.9618365758587033,412,413
0.75,1.0,0.05,3,8,1,1.0,6.712953784727722,0.961773072773391,323,324
0.75,0.3,0.05,2,5,10,0.8,6.717235430779875,0.9617242935401344,998,999
1.0,0.3,0.1,3,5,5,1.0,6.723827108561472,0.9616491361576011,238,239
1.0,0.1,0.1,2,5,10,1.0,6.726802248751342,0.9616151898833624,600,601
1.0,0.0,0.1,2,5,10,1.0,6.726802248751342,0.9616151898833624,600,601
0.75,0.3,0.05,2,8,5,1.0,6.728155603547031,0.9615997431701614,915,916
1.0,0.1,0.1,2,3,10,1.0,6.728550251942023,0.9615952382077098,515,516
1.0,0.3,0.1,2,3,10,1.0,6.728550251942023,0.9615952382077098,515,516
1.0,0.0,0.1,2,3,10,1.0,6.728550251942023,0.9615952382077098,515,516
1.0,0.3,0.1,2,5,10,1.0,6.729582468726088,0.9615834540702839,534,535
0.75,1.0,0.05,2,5,10,0.8,6.731904148048197,0.9615569423852038,998,999
0.75,0.0,0.03,3,3,20,1.0,6.733059582454034,0.9615437448582193,515,516
0.75,1.0,0.1,3,3,5,1.0,6.7332457690205505,0.9615416179983526,199,200
0.75,0.3,0.05,2,5,5,1.0,6.735410673956586,0.9615168833818674,667,668
1.0,1.0,0.1,3,3,20,1.0,6.738734770338149,0.9614788892160553,246,247
0.75,0.0,0.1,2,8,10,1.0,6.739451398851337,0.9614706957509234,404,405
0.75,1.0,0.1,3,5,5,1.0,6.740899334221252,0.9614541383393567,145,146
1.0,0.1,0.05,3,3,10,1.0,6.749277172850767,0.961358266359047,364,365
0.75,0.3,0.1,2,8,10,1.0,6.750340418235623,0.9613460905718888,383,384
1.0,0.0,0.1,2,8,10,1.0,6.752457547575065,0.9613218404885473,588,589
1.0,0.1,0.1,2,8,10,1.0,6.752457547575065,0.9613218404885473,588,589
1.0,0.3,0.1,3,3,5,1.0,6.753951863582995,0.9613047196735618,307,308
0.75,0.3,0.05,2,8,20,1.0,6.757302804409127,0.9612663131928153,973,974
1.0,0.0,0.1,2,3,20,1.0,6.757995812185746,0.9612583679746105,808,809
1.0,0.1,0.1,2,3,20,1.0,6.757995812185746,0.9612583679746105,808,809
0.75,1.0,0.03,3,5,10,1.0,6.759773385161681,0.9612379846725024,327,328
1.0,0.3,0.1,2,8,10,1.0,6.765847278672668,0.9611682953164069,557,558
0.75,0.0,0.05,3,3,20,1.0,6.766369111666945,0.9611623050995616,359,360
0.75,1.0,0.05,3,8,10,1.0,6.76783179137715,0.9611455122680284,430,431
1.0,0.0,0.05,2,3,5,1.0,6.773273482633145,0.9610830050619619,993,994
1.0,0.1,0.05,2,3,5,1.0,6.773273482633145,0.9610830050619619,993,994
1.0,1.0,0.05,3,3,1,1.0,6.775372687817798,0.9610588786429213,272,273
1.0,0.3,0.05,2,3,5,1.0,6.777162460739328,0.9610383026619035,999,1000
1.0,0.3,0.03,3,5,5,1.0,6.78048497611705,0.9610000912213355,763,764
0.75,0.3,0.05,2,5,10,1.0,6.78078041566071,0.9609966925363405,803,804
0.75,1.0,0.05,3,3,20,1.0,6.781308233602901,0.9609906202421628,338,339
1.0,0.3,0.1,3,8,5,1.0,6.786401895040833,0.9609319958022233,228,229
1.0,0.3,0.1,3,3,1,1.0,6.787776091311338,0.9609161722355922,172,173
1.0,0.1,0.05,2,5,5,1.0,6.790298362716631,0.9608871205003727,994,995
1.0,0.0,0.05,2,5,5,1.0,6.790298362716631,0.9608871205003727,994,995
1.0,0.3,0.05,2,5,5,1.0,6.793789791529058,0.96084688811728,983,984
0.75,0.1,0.03,3,5,10,1.0,6.806782245675543,0.9606969919794784,330,331
0.75,0.0,0.03,3,5,10,1.0,6.806782245675543,0.9606969919794784,330,331
1.0,1.0,0.03,3,3,5,1.0,6.809101593580036,0.9606702031454855,507,508
0.75,0.3,0.05,2,8,1,1.0,6.810122252620026,0.9606584114808316,577,578
0.75,0.0,0.1,2,8,1,0.8,6.819538642928457,0.9605495406398642,412,413
0.75,0.1,0.1,2,8,1,0.8,6.819588131622955,0.9605489680618887,412,413
0.75,0.3,0.1,2,8,1,0.8,6.8195937362626315,0.9605489032166501,412,413
1.0,0.0,0.1,2,5,5,1.0,6.821174533890412,0.960530611385581,645,646
1.0,0.1,0.1,2,5,5,1.0,6.821174533890412,0.960530611385581,645,646
0.75,1.0,0.05,2,8,20,0.8,6.827286664748728,0.9604598464023086,998,999
1.0,0.3,0.1,2,5,20,1.0,6.832360580226851,0.9604010535151677,625,626
1.0,0.0,0.1,2,5,20,1.0,6.832360580226851,0.9604010535151677,625,626
1.0,0.1,0.1,2,5,20,1.0,6.832360580226851,0.9604010535151677,625,626
1.0,0.0,0.1,2,5,1,1.0,6.833650929127305,0.9603860949129528,597,598
1.0,0.1,0.1,2,5,1,1.0,6.833650929127305,0.9603860949129528,597,598
0.75,0.0,0.05,2,8,20,0.8,6.834890257582279,0.9603717251149876,998,999
0.75,0.1,0.05,2,8,20,0.8,6.835049363275998,0.9603698801233885,998,999
1.0,0.3,0.05,3,8,10,1.0,6.844416761115664,0.9602611799620082,492,493
0.75,0.3,0.05,2,8,20,0.8,6.845597649204824,0.960247466259545,986,987
1.0,1.0,0.1,2,3,10,1.0,6.856061998928436,0.9601258399593091,372,373
1.0,1.0,0.1,2,5,10,1.0,6.859314565580343,0.9600879977907325,373,374
1.0,0.0,0.05,2,3,10,1.0,6.85985501329391,0.9600817081826677,999,1000
1.0,0.3,0.05,2,3,10,1.0,6.85985501329391,0.9600817081826677,999,1000
1.0,0.1,0.05,2,3,10,1.0,6.85985501329391,0.9600817081826677,999,1000
0.75,1.0,0.05,2,5,20,0.8,6.862398365075232,0.9600521025775106,860,861
1.0,0.3,0.05,2,5,10,1.0,6.866779034485214,0.960001084149606,997,998
1.0,0.1,0.05,2,5,10,1.0,6.866779034485214,0.960001084149606,997,998
1.0,0.0,0.05,2,5,10,1.0,6.866779034485214,0.960001084149606,997,998
1.0,0.3,0.1,3,8,1,1.0,6.867150361939858,0.959996758075584,163,164
1.0,0.0,0.05,2,3,20,1.0,6.869252748838846,0.9599722602383975,998,999
1.0,0.3,0.05,2,3,20,1.0,6.869252748838846,0.9599722602383975,998,999
1.0,0.1,0.05,2,3,20,1.0,6.869252748838846,0.9599722602383975,998,999
1.0,0.0,0.05,2,8,5,1.0,6.870841820809218,0.9599537387721615,998,999
1.0,0.3,0.05,2,8,5,1.0,6.870841820809218,0.9599537387721615,998,999
1.0,0.1,0.05,2,8,5,1.0,6.870841820809218,0.9599537387721615,998,999
1.0,0.3,0.1,2,5,5,1.0,6.872037280343739,0.9599398022412872,472,473
1.0,0.0,0.03,3,3,10,1.0,6.873084974929613,0.9599275863437369,438,439
1.0,0.3,0.1,2,5,1,1.0,6.8760316282994225,0.9598932190036265,476,477
1.0,0.3,0.1,2,3,20,1.0,6.878581473508337,0.9598634678184629,616,617
1.0,0.1,0.1,2,8,1,1.0,6.884280223310891,0.9597969358441754,607,608
1.0,0.0,0.1,2,8,1,1.0,6.884280223310891,0.9597969358441754,607,608
0.75,1.0,0.05,2,3,10,0.8,6.885093898704528,0.9597874318216271,999,1000
1.0,1.0,0.05,3,3,10,1.0,6.88551874296322,0.959782469040856,331,332
0.75,0.1,0.05,2,3,10,0.8,6.889944636161095,0.959730750147758,984,985
1.0,1.0,0.1,3,3,1,1.0,6.891205491128736,0.9597160103110322,134,135
1.0,0.0,0.1,2,8,20,1.0,6.892157139481007,0.9597048834219855,716,717
1.0,0.3,0.05,3,8,1,1.0,6.8925391603381625,0.9597004163150165,361,362
1.0,0.0,0.1,2,8,5,1.0,6.892688043280039,0.9596986753063006,652,653
1.0,0.1,0.1,2,8,5,1.0,6.892688043280039,0.9596986753063006,652,653
1.0,1.0,0.05,3,3,5,1.0,6.893510661322699,0.9596890550899349,302,303
0.75,0.0,0.05,2,3,10,0.8,6.894773440946173,0.9596742851114096,999,1000
0.75,0.3,0.05,2,5,20,0.8,6.894810239508771,0.9596738546600493,860,861
1.0,1.0,0.03,3,5,10,1.0,6.89505148928209,0.9596710325827803,562,563
1.0,1.0,0.1,3,5,1,1.0,6.895803856738281,0.9596622309492903,152,153
1.0,0.0,0.03,3,5,10,1.0,6.900249134334483,0.9596102078986452,623,624
0.75,0.1,0.05,2,5,20,0.8,6.901842636734108,0.9595915509890235,860,861
0.75,0.0,0.05,2,5,20,0.8,6.901842636734108,0.9595915509890235,860,861
0.75,0.1,0.03,2,5,1,1.0,6.90234308081216,0.9595856908431993,999,1000
1.0,0.0,0.1,2,3,1,1.0,6.903661347047908,0.9595702520548919,490,491
1.0,0.1,0.1,2,3,1,1.0,6.903661347047908,0.9595702520548919,490,491
1.0,1.0,0.05,3,8,10,1.0,6.904373891411168,0.9595619059109457,358,359
1.0,0.1,0.1,2,8,20,1.0,6.904547898123284,0.9595598676121585,651,652
1.0,0.3,0.1,2,8,20,1.0,6.904547898123284,0.9595598676121585,651,652
1.0,0.3,0.05,3,5,5,1.0,6.906915369511387,0.9595321301637804,541,542
1.0,0.3,0.03,3,8,5,1.0,6.907953938261748,0.9595199592241905,660,661
0.75,0.1,0.1,2,3,10,1.0,6.908237314254573,0.9595166380361431,515,516
1.0,0.3,0.1,2,3,1,1.0,6.909552543125356,0.9595012216708538,487,488
0.75,0.3,0.05,2,3,10,0.8,6.910372272556976,0.9594916117837898,984,985
0.75,0.3,0.03,2,5,1,1.0,6.91380080973648,0.9594514058548078,997,998
0.75,0.3,0.03,2,8,1,1.0,6.916704924339628,0.9594173341482382,964,965
1.0,1.0,0.1,2,8,10,1.0,6.918272559336892,0.9593989363656517,375,376
1.0,0.1,0.05,2,5,20,1.0,6.921340487208816,0.9593629190644593,999,1000
1.0,0.3,0.05,2,5,20,1.0,6.921340487208816,0.9593629190644593,999,1000
0.75,0.0,0.03,2,5,1,1.0,6.925776356767077,0.9593108139686521,996,997
1.0,1.0,0.05,2,3,5,1.0,6.928393306667292,0.9592800588090236,724,725
1.0,0.0,0.05,2,5,20,1.0,6.934604000800374,0.9592070224095194,991,992
0.75,0.1,0.03,2,8,1,1.0,6.937521659295846,0.9591726887934158,992,993
0.75,0.3,0.05,2,8,10,1.0,6.939572738039486,0.9591485440301526,762,763
1.0,0.3,0.05,2,8,10,1.0,6.939729112329547,0.9591467029400336,990,991
1.0,0.1,0.05,2,8,10,1.0,6.939729112329547,0.9591467029400336,990,991
1.0,0.0,0.05,2,8,10,1.0,6.939729112329547,0.9591467029400336,990,991
1.0,0.3,0.1,2,8,1,1.0,6.940320222401426,0.9591397430649606,494,495
0.75,0.3,0.05,2,3,20,0.8,6.940802292310913,0.9591340666166647,998,999
0.75,0.0,0.05,2,3,20,0.8,6.940857493751609,0.959133416585941,998,999
0.75,0.1,0.05,2,3,20,0.8,6.9408598455555275,0.9591333888918967,998,999
0.75,0.3,0.1,2,3,5,1.0,6.942197194074241,0.959117639210087,397,398
0.75,0.3,0.1,2,5,5,1.0,6.944401428982646,0.9590916737612565,337,338
1.0,0.3,0.05,3,5,1,1.0,6.944660970512899,0.959088615871211,346,347
0.75,0.3,0.03,2,5,1,0.8,6.945390703521917,0.9590800176239836,996,997
1.0,1.0,0.03,3,5,1,1.0,6.946808164118626,0.9590633134862692,506,507
1.0,0.1,0.05,2,8,1,1.0,6.9480287403654195,0.9590489268109433,994,995
1.0,0.0,0.05,2,8,1,1.0,6.9480287403654195,0.9590489268109433,994,995
0.75,0.0,0.05,2,3,10,1.0,6.949022007734293,0.959037217512192,999,1000
0.75,0.0,0.03,2,5,1,0.8,6.949717683070531,0.9590290154302662,996,997
1.0,1.0,0.05,2,5,5,1.0,6.949779690572011,0.959028284315756,719,720
0.75,0.0,0.03,2,8,1,1.0,6.954343988273677,0.9589744499426043,994,995
0.75,0.3,0.1,2,8,1,1.0,6.954370799212248,0.958974133612085,334,335
1.0,0.3,0.03,3,8,1,1.0,6.954503838902458,0.9589725639170199,607,608
1.0,1.0,0.1,3,3,5,1.0,6.9559623694698525,0.9589553531868366,199,200
1.0,0.3,0.05,2,8,1,1.0,6.957658656329377,0.9589353323814996,999,1000
1.0,0.0,0.1,2,3,5,1.0,6.960581759928607,0.9589008203426324,541,542
1.0,0.1,0.1,2,3,5,1.0,6.960581759928607,0.9589008203426324,541,542
0.75,0.1,0.03,2,5,1,0.8,6.961614863038922,0.9588886193965692,991,992
0.75,1.0,0.03,2,5,1,0.8,6.962493891482251,0.9588782366462606,991,992
1.0,0.1,0.05,2,5,1,1.0,6.964762114047998,0.9588514392066647,994,995
1.0,0.0,0.05,2,5,1,1.0,6.964762114047998,0.9588514392066647,994,995
1.0,0.3,0.03,3,8,10,1.0,6.965441406032762,0.9588434121555796,618,619
1.0,1.0,0.05,3,5,1,1.0,6.9676892042360965,0.9588168448137799,332,333
1.0,1.0,0.05,2,3,10,1.0,6.96955613215802,0.9587947725655724,793,794
1.0,0.3,0.05,2,5,1,1.0,6.969716446352463,0.9587928769329982,959,960
1.0,0.3,0.1,2,8,5,1.0,6.9710676094277355,0.9587768983948656,499,500
0.75,0.1,0.05,2,3,10,1.0,6.9711802552571935,0.9587755661317886,988,989
0.75,0.3,0.05,2,3,5,1.0,6.972659221403512,0.9587580723911777,862,863
1.0,1.0,0.1,2,5,1,1.0,6.972854280321723,0.958755764887526,349,350
0.75,0.3,0.05,2,3,1,1.0,6.973198449458744,0.9587516932856952,716,717
1.0,1.0,0.05,2,3,20,1.0,6.980900637898766,0.9586605220129629,890,891
1.0,0.1,0.05,2,3,1,1.0,6.980920984883533,0.9586602810311761,990,991
1.0,0.0,0.05,2,3,1,1.0,6.980920984883533,0.9586602810311761,990,991
1.0,0.3,0.1,2,3,5,1.0,6.993412142771785,0.9585122080347088,480,481
1.0,0.3,0.05,2,3,1,1.0,6.995158683857323,0.9584914830495754,948,949
0.75,0.3,0.1,2,3,1,1.0,6.996493008336124,0.9584756460642647,336,337
1.0,1.0,0.03,3,3,1,1.0,6.997204144163242,0.9584672044188691,521,522
1.0,1.0,0.05,2,5,10,1.0,7.000233232615264,0.9584312375556219,760,761
1.0,1.0,0.1,3,5,5,1.0,7.001395638814276,0.9584174312159313,164,165
1.0,1.0,0.1,2,3,1,1.0,7.002156267730077,0.9584083956967525,343,344
0.75,0.3,0.1,2,3,10,1.0,7.005565514400804,0.9583678851590614,489,490
1.0,1.0,0.03,3,8,10,1.0,7.006294407955235,0.9583592214876578,555,556
1.0,0.3,0.05,2,8,20,1.0,7.013059850749897,0.9582787640288495,999,1000
1.0,1.0,0.1,2,5,5,1.0,7.01528510880765,0.9582522833634218,348,349
1.0,0.3,0.05,3,8,5,1.0,7.025090813727134,0.9581354949842771,402,403
1.0,1.0,0.1,3,8,10,1.0,7.030026818915017,0.9580766442118523,156,157
1.0,1.0,0.1,3,8,5,1.0,7.0326556320295905,0.9580452846520398,158,159
1.0,1.0,0.05,2,8,5,1.0,7.040041559434539,0.9579571139187382,712,713
1.0,0.0,0.05,2,8,20,1.0,7.046825257006126,0.9578760508646609,999,1000
1.0,0.1,0.05,2,8,20,1.0,7.046825257006126,0.9578760508646609,999,1000
1.0,1.0,0.05,3,5,10,1.0,7.046932226449471,0.9578747719881666,413,414
0.75,0.1,0.03,2,3,1,1.0,7.050727086911705,0.9578293898558481,996,997
0.75,0.3,0.05,2,3,10,1.0,7.054885042792843,0.9577796374725529,897,898
1.0,1.0,0.1,2,3,5,1.0,7.056689987793593,0.9577580311160678,348,349
0.75,1.0,0.05,2,3,20,0.8,7.057538523589269,0.9577478716850114,860,861
0.75,0.0,0.03,2,5,5,1.0,7.06513015931789,0.9576569234643232,999,1000
1.0,1.0,0.1,3,3,10,1.0,7.067849761278044,0.9576243186926963,268,269
1.0,1.0,0.1,2,5,20,1.0,7.073046750843919,0.9575619781090349,429,430
0.75,0.1,0.03,2,5,5,1.0,7.075104322478367,0.9575372838085822,999,1000
1.0,1.0,0.05,2,5,20,1.0,7.077329150358088,0.9575105740713595,864,865
1.0,1.0,0.03,3,3,10,1.0,7.079663075255664,0.957482545565588,762,763
1.0,1.0,0.05,2,8,10,1.0,7.082071070479737,0.9574536178503511,745,746
1.0,0.1,0.03,2,5,5,1.0,7.08289792012129,0.9574436824757623,999,1000
1.0,1.0,0.03,2,5,5,1.0,7.08289792012129,0.9574436824757623,999,1000
1.0,0.0,0.03,2,5,5,1.0,7.08289792012129,0.9574436824757623,999,1000
1.0,0.3,0.03,2,5,5,1.0,7.08289792012129,0.9574436824757623,999,1000
0.75,0.1,0.03,2,8,1,0.8,7.084701163278347,0.9574220107934042,996,997
1.0,1.0,0.1,2,8,1,1.0,7.087502581023312,0.9573883319368842,341,342
0.75,1.0,0.03,2,8,1,0.8,7.088395707869372,0.957377591899143,996,997
0.75,0.3,0.03,2,8,1,0.8,7.088466262116748,0.9573767434118364,996,997
0.75,0.0,0.03,2,8,1,0.8,7.088563941297609,0.957375568705399,996,997
1.0,1.0,0.03,2,3,1,1.0,7.090173902675834,0.9573562047039849,999,1000
1.0,0.0,0.03,2,3,1,1.0,7.090173902675834,0.9573562047039849,999,1000
1.0,0.1,0.03,2,3,1,1.0,7.090173902675834,0.9573562047039849,999,1000
1.0,0.3,0.03,2,3,1,1.0,7.090173902675834,0.9573562047039849,999,1000
0.75,0.0,0.1,2,5,20,1.0,7.100480032523405,0.9572321423280432,332,333
1.0,1.0,0.03,2,5,1,1.0,7.100534696810883,0.9572314838138427,999,1000
1.0,0.0,0.03,2,5,1,1.0,7.100534696810883,0.9572314838138427,999,1000
1.0,0.1,0.03,2,5,1,1.0,7.100534696810883,0.9572314838138427,999,1000
1.0,0.3,0.03,2,5,1,1.0,7.100534696810883,0.9572314838138427,999,1000
1.0,1.0,0.1,2,3,20,1.0,7.101998816728219,0.9572138443838697,450,451
0.75,0.3,0.03,2,3,1,0.8,7.106255470194288,0.9571625403998031,984,985
0.75,0.1,0.03,2,3,1,0.8,7.106272706566497,0.9571623325932314,984,985
0.75,0.0,0.03,2,3,1,0.8,7.106272706566497,0.9571623325932314,984,985
1.0,0.1,0.03,2,3,5,1.0,7.106479608222239,0.9571598380890917,999,1000
1.0,0.0,0.03,2,3,5,1.0,7.106479608222239,0.9571598380890917,999,1000
1.0,1.0,0.03,2,3,5,1.0,7.106479608222239,0.9571598380890917,999,1000
1.0,0.3,0.03,2,3,5,1.0,7.106479608222239,0.9571598380890917,999,1000
1.0,1.0,0.05,2,5,1,1.0,7.109114831955882,0.9571280602330491,701,702
1.0,1.0,0.05,2,3,1,1.0,7.110491224906949,0.9571114577869195,719,720
0.75,0.3,0.03,2,5,5,1.0,7.11516824071482,0.9570550182656552,991,992
1.0,1.0,0.05,2,8,1,1.0,7.116241418840878,0.9570420625380741,692,693
0.75,0.0,0.03,2,8,5,1.0,7.117425305702437,0.9570277680347867,999,1000
0.75,1.0,0.03,2,3,1,0.8,7.124626620043706,0.9569407666012631,996,997
1.0,1.0,0.1,2,8,5,1.0,7.1278277542609825,0.9569020644043538,347,348
0.75,0.1,0.03,2,8,5,1.0,7.13353499652255,0.9568330198533427,991,992
1.0,1.0,0.1,2,8,20,1.0,7.134152432486562,0.9568255469806454,427,428
1.0,1.0,0.05,2,8,20,1.0,7.136057056679643,0.9568024910997249,836,837
1.0,1.0,0.05,3,8,20,1.0,7.136194718044388,0.9568008244411376,217,218
1.0,0.1,0.1,2,3,1,0.8,7.13760535623849,0.9567837440692122,345,346
1.0,1.0,0.1,2,3,1,0.8,7.13760535623849,0.9567837440692122,345,346
1.0,0.0,0.1,2,3,1,0.8,7.13760535623849,0.9567837440692122,345,346
1.0,0.3,0.1,2,3,1,0.8,7.13760535623849,0.9567837440692122,345,346
1.0,1.0,0.03,3,8,20,1.0,7.138484106192867,0.9567731022310139,369,370
1.0,1.0,0.03,3,8,1,1.0,7.139481648870527,0.9567610202013895,501,502
1.0,1.0,0.05,3,3,20,1.0,7.139908566569002,0.9567558489470727,212,213
1.0,1.0,0.03,3,8,5,1.0,7.148349518416358,0.9566535401957545,485,486
1.0,0.3,0.03,3,8,20,1.0,7.152837751251355,0.9565990912409585,352,353
0.75,0.3,0.03,2,3,1,1.0,7.153957351847935,0.9565855034907692,998,999
1.0,1.0,0.1,3,8,1,1.0,7.154517926176455,0.9565786994228832,121,122
1.0,0.0,0.03,3,8,20,1.0,7.155201399809642,0.9565704029221513,377,378
1.0,0.1,0.05,3,5,20,1.0,7.155301480723338,0.9565691880006106,204,205
1.0,0.0,0.05,3,5,20,1.0,7.155301480723338,0.9565691880006106,204,205
1.0,0.3,0.05,3,5,20,1.0,7.155301480723338,0.9565691880006106,204,205
1.0,0.1,0.03,3,8,20,1.0,7.155494427395123,0.9565668456971775,338,339
0.75,0.0,0.03,2,5,10,1.0,7.155590326368645,0.9565656814945167,987,988
1.0,1.0,0.03,3,5,5,1.0,7.1567304132986,0.956551839773161,467,468
1.0,0.3,0.03,2,8,1,1.0,7.1716560724337235,0.9563704249032188,996,997
1.0,0.0,0.03,2,8,1,1.0,7.1716560724337235,0.9563704249032188,996,997
1.0,1.0,0.03,2,8,1,1.0,7.1716560724337235,0.9563704249032188,996,997
1.0,0.1,0.03,2,8,1,1.0,7.1716560724337235,0.9563704249032188,996,997
1.0,0.0,0.03,3,5,20,1.0,7.17167443100426,0.9563702015300819,361,362
1.0,0.1,0.03,3,5,20,1.0,7.17169841299415,0.9563699097345897,361,362
1.0,1.0,0.05,3,8,1,1.0,7.172218023805478,0.9563635872467844,999,1000
0.75,0.3,0.1,2,3,20,1.0,7.17236788989748,0.9563617636304497,456,457
1.0,0.3,0.03,3,5,20,1.0,7.17399209917174,0.9563419973121117,360,361
1.0,1.0,0.05,3,8,5,1.0,7.17967774124418,0.9562727688723525,293,294
0.75,0.3,0.05,2,3,20,1.0,7.181852989810832,0.9562462685169619,885,886
0.75,0.3,0.03,2,8,5,1.0,7.183542627161046,0.9562256786676984,999,1000
1.0,0.3,0.03,2,8,5,1.0,7.184676392302221,0.95621185993823,996,997
1.0,1.0,0.03,2,8,5,1.0,7.184676392302221,0.95621185993823,996,997
1.0,0.1,0.03,2,8,5,1.0,7.184676392302221,0.95621185993823,996,997
1.0,0.0,0.03,2,8,5,1.0,7.184676392302221,0.95621185993823,996,997
1.0,1.0,0.03,3,5,20,1.0,7.187520959943169,0.9561771797446813,360,361
1.0,0.3,0.03,3,3,20,1.0,7.187888888601433,0.9561726930560908,390,391
1.0,0.1,0.03,3,3,20,1.0,7.187914525106403,0.9561723804243867,390,391
1.0,1.0,0.03,3,3,20,1.0,7.192955447295799,0.9561108857893273,361,362
0.75,0.3,0.1,2,8,20,1.0,7.193362349022602,0.9561059200804152,316,317
1.0,0.0,0.03,2,3,10,1.0,7.197317502659906,0.956057637914399,999,1000
1.0,1.0,0.03,2,3,10,1.0,7.197317502659906,0.956057637914399,999,1000
1.0,0.1,0.03,2,3,10,1.0,7.197317502659906,0.956057637914399,999,1000
1.0,0.3,0.03,2,3,10,1.0,7.197317502659906,0.956057637914399,999,1000
0.75,0.3,0.03,2,5,5,0.8,7.202240904760683,0.9559974988654836,998,999
0.75,0.0,0.03,2,3,1,1.0,7.204633563422795,0.9559682578403833,991,992
0.75,0.0,0.03,2,5,5,0.8,7.205300752136663,0.9559601022995302,998,999
0.75,0.1,0.03,2,5,5,0.8,7.205300752136663,0.9559601022995302,998,999
0.75,1.0,0.03,2,5,5,0.8,7.2060781292774365,0.9559505988914795,998,999
0.75,0.0,0.1,2,8,20,1.0,7.206350714517953,0.9559472663037724,318,319
0.75,0.1,0.1,2,8,20,1.0,7.206350714517953,0.9559472663037724,318,319
0.75,0.3,0.1,2,8,5,1.0,7.2070079782720535,0.9559392301737869,305,306
0.75,0.1,0.1,2,8,5,1.0,7.2070079782720535,0.9559392301737869,305,306
1.0,0.0,0.05,3,3,20,1.0,7.2073064578172445,0.9559355805286335,216,217
1.0,0.1,0.05,3,3,20,1.0,7.207674970639927,0.9559310743462393,220,221
0.75,1.0,0.1,2,5,20,1.0,7.208500248144366,0.9559209820001603,309,310
0.75,0.1,0.1,2,5,20,1.0,7.208533736392918,0.9559205724468582,326,327
1.0,0.0,0.03,3,3,20,1.0,7.209174678194574,0.9559127335146249,371,372
0.75,0.1,0.05,2,3,20,1.0,7.213865963407518,0.955855336310272,999,1000
1.0,1.0,0.05,3,5,20,1.0,7.219975293931835,0.9557805335504002,223,224
1.0,1.0,0.03,2,8,10,1.0,7.223369258189862,0.9557389504265955,999,1000
1.0,0.1,0.1,2,5,1,0.8,7.2269303467342025,0.9556952986725942,456,457
1.0,1.0,0.1,2,5,1,0.8,7.2269303467342025,0.9556952986725942,456,457
1.0,0.0,0.1,2,5,1,0.8,7.2269303467342025,0.9556952986725942,456,457
1.0,0.3,0.1,2,5,1,0.8,7.2269303467342025,0.9556952986725942,456,457
0.75,0.3,0.03,2,5,10,1.0,7.227380928161969,0.9556897739208832,998,999
0.75,0.3,0.03,2,8,10,1.0,7.229183712681599,0.9556676658423929,995,996
1.0,1.0,0.05,3,5,5,1.0,7.2321098656194724,0.9556317698272994,285,286
1.0,0.3,0.05,3,3,20,1.0,7.236326861108697,0.9555800130983363,192,193
1.0,0.3,0.03,2,8,10,1.0,7.243495310866489,0.9554919628573026,998,999
1.0,0.0,0.03,2,8,10,1.0,7.243495310866489,0.9554919628573026,998,999
1.0,0.1,0.03,2,8,10,1.0,7.243495310866489,0.9554919628573026,998,999
0.75,0.0,0.1,2,3,20,1.0,7.247595229877862,0.9554415642630523,467,468
0.75,0.1,0.1,2,3,20,1.0,7.247595809829968,0.9554415571319257,467,468
1.0,0.0,0.03,2,5,10,1.0,7.253250142171354,0.9553720039912678,999,1000
1.0,0.1,0.03,2,5,10,1.0,7.253250142171354,0.9553720039912678,999,1000
1.0,1.0,0.03,2,5,10,1.0,7.253250142171354,0.9553720039912678,999,1000
1.0,0.3,0.03,2,5,10,1.0,7.253250142171354,0.9553720039912678,999,1000
0.75,0.0,0.05,2,3,20,1.0,7.253494910064944,0.9553689919112551,999,1000
0.75,1.0,0.1,2,8,20,1.0,7.265882166991246,0.9552164232958497,285,286
0.75,0.1,0.03,2,5,10,1.0,7.279665212789081,0.9550463573559191,995,996
1.0,0.3,0.03,3,5,10,1.0,7.285776213611725,0.9549708519462187,323,324
0.75,0.0,0.03,2,8,5,0.8,7.289692515056035,0.9549224301698102,996,997
0.75,1.0,0.03,2,8,5,0.8,7.296660238605095,0.9548362157919225,998,999
0.75,0.3,0.03,2,8,5,0.8,7.298173864795082,0.954817476211121,996,997
0.75,0.1,0.03,2,8,5,0.8,7.2981756617637865,0.9548174539612836,996,997
0.75,0.1,0.03,2,8,10,1.0,7.30174369920369,0.9547732641715492,995,996
0.75,0.0,0.03,2,8,10,1.0,7.309085472443341,0.9546822690928687,994,995
0.75,1.0,0.1,2,5,1,1.0,7.313422474490324,0.9546284726489848,244,245
0.75,0.0,0.03,2,8,20,1.0,7.318056000245748,0.9545709628473926,999,1000
0.75,0.1,0.03,2,8,20,1.0,7.318056000245748,0.9545709628473926,999,1000
0.75,0.3,0.1,2,5,20,1.0,7.320045281932027,0.9545462613598624,328,329
0.75,0.3,0.03,2,8,20,1.0,7.3259545049388235,0.9544728452313885,995,996
0.75,0.3,0.03,2,5,20,1.0,7.339239276704239,0.9543075790552298,999,1000
0.75,0.3,0.03,2,3,5,1.0,7.3444057089115296,0.9542432263681192,999,1000
0.75,0.1,0.03,2,3,5,1.0,7.35699404004794,0.954086237477513,994,995
1.0,0.3,0.1,2,3,10,0.8,7.369633101333031,0.9539283454556508,581,582
1.0,0.1,0.1,2,3,10,0.8,7.369633101333031,0.9539283454556508,581,582
1.0,0.0,0.1,2,3,10,0.8,7.369633101333031,0.9539283454556508,581,582
0.75,1.0,0.05,2,5,1,1.0,7.3746220818365416,0.9538659465862698,397,398
1.0,1.0,0.1,2,8,1,0.8,7.3773549653308095,0.9538317475851978,345,346
1.0,0.0,0.1,2,8,1,0.8,7.381428532105909,0.9537807479021668,345,346
1.0,0.3,0.1,2,8,1,0.8,7.381428532105909,0.9537807479021668,345,346
1.0,0.1,0.1,2,8,1,0.8,7.381428532105909,0.9537807479021668,345,346
0.75,1.0,0.1,2,3,20,1.0,7.38381448327176,0.9537508635238966,350,351
0.75,0.3,0.03,2,3,5,0.8,7.384123607726788,0.9537469909893391,999,1000
0.75,1.0,0.03,2,5,20,1.0,7.38582204142618,0.953725711089933,999,1000
0.75,0.0,0.03,2,3,5,1.0,7.387580560292518,0.9537036732187338,993,994
0.75,1.0,0.03,2,3,5,0.8,7.389357360770298,0.9536814009126535,999,1000
1.0,1.0,0.1,2,3,10,0.8,7.391437824943534,0.9536553153555861,590,591
0.75,1.0,0.05,2,8,1,1.0,7.393124375744095,0.9536341634270241,397,398
0.75,0.1,0.03,2,5,20,1.0,7.396000799125484,0.9535980775412305,999,1000
0.75,0.0,0.03,2,5,20,1.0,7.396000799125484,0.9535980775412305,999,1000
0.75,1.0,0.03,2,5,10,0.8,7.398952588439533,0.9535610315659501,984,985
0.75,0.1,0.03,2,3,5,0.8,7.406840582357824,0.953461961986256,999,1000
0.75,0.0,0.03,2,3,5,0.8,7.406840582357824,0.953461961986256,999,1000
0.75,0.0,0.03,2,5,10,0.8,7.408419594576852,0.953442117637606,984,985
0.75,0.1,0.03,2,5,10,0.8,7.4087467442794965,0.9534380056314004,984,985
0.75,0.3,0.03,2,5,10,0.8,7.4087467442794965,0.9534380056314004,984,985
1.0,0.1,0.03,2,3,1,0.8,7.420281848652236,0.9532929026599043,998,999
1.0,1.0,0.03,2,3,1,0.8,7.420281848652236,0.9532929026599043,998,999
1.0,0.0,0.03,2,3,1,0.8,7.420281848652236,0.9532929026599043,998,999
1.0,0.3,0.03,2,3,1,0.8,7.420281848652236,0.9532929026599043,998,999
1.0,0.1,0.1,2,3,20,0.8,7.438682367584234,0.9530609706544848,456,457
1.0,0.3,0.1,2,3,20,0.8,7.442435776162313,0.953013589735269,468,469
1.0,0.3,0.03,2,5,1,0.8,7.443156667748737,0.9530044868691321,998,999
1.0,0.0,0.03,2,5,1,0.8,7.443156667748737,0.9530044868691321,998,999
1.0,1.0,0.03,2,5,1,0.8,7.443156667748737,0.9530044868691321,998,999
1.0,0.1,0.03,2,5,1,0.8,7.443156667748737,0.9530044868691321,998,999
1.0,0.3,0.05,2,5,10,0.8,7.4458685327428,0.9529702356207469,746,747
1.0,0.1,0.05,2,5,10,0.8,7.445910324677501,0.9529697076849261,746,747
1.0,0.0,0.05,2,5,10,0.8,7.445910324677501,0.9529697076849261,746,747
1.0,0.3,0.03,2,8,20,1.0,7.4513992804736855,0.952900342802874,998,999
1.0,0.3,0.05,2,3,20,0.8,7.451620934403827,0.9528975406501486,742,743
1.0,0.0,0.03,2,8,20,1.0,7.4557615359423455,0.9528451797735833,999,1000
1.0,0.0,0.1,2,5,20,0.8,7.456803630733712,0.9528319971559652,459,460
1.0,0.1,0.03,2,8,20,1.0,7.457541743244342,0.9528226588341259,996,997
0.75,1.0,0.1,2,8,1,1.0,7.458171023209163,0.9528146966907916,210,211
1.0,1.0,0.03,2,8,20,1.0,7.458394602099242,0.9528118676336846,996,997
1.0,0.0,0.1,2,3,20,0.8,7.45974523252114,0.9527947756182433,456,457
1.0,0.0,0.03,2,3,20,1.0,7.460553140777189,0.9527845501870769,999,1000
1.0,1.0,0.03,2,3,20,1.0,7.460553140777189,0.9527845501870769,999,1000
1.0,0.3,0.03,2,3,20,1.0,7.460553140777189,0.9527845501870769,999,1000
1.0,0.1,0.03,2,3,20,1.0,7.460553140777189,0.9527845501870769,999,1000
1.0,1.0,0.1,2,3,20,0.8,7.461026429774553,0.9527785594082967,468,469
1.0,1.0,0.05,2,5,20,0.8,7.461427018376068,0.9527734885567607,749,750
0.75,0.3,0.03,2,8,10,0.8,7.461917978555816,0.9527672733651311,984,985
0.75,0.0,0.03,2,8,10,0.8,7.462372590338474,0.9527615179525906,984,985
0.75,0.1,0.03,2,8,10,0.8,7.462372590338474,0.9527615179525906,984,985
1.0,0.1,0.03,2,5,20,1.0,7.469977786085622,0.9526651837196622,998,999
1.0,0.3,0.03,2,5,20,1.0,7.469977786085622,0.9526651837196622,998,999
1.0,0.0,0.03,2,5,20,1.0,7.469977786085622,0.9526651837196622,998,999
1.0,1.0,0.03,2,5,20,1.0,7.469977786085622,0.9526651837196622,998,999
1.0,1.0,0.05,2,5,10,0.8,7.47061333342024,0.9526571288640953,748,749
1.0,0.3,0.05,2,3,1,0.8,7.472252508831785,0.9526363509759807,593,594
1.0,1.0,0.05,2,3,1,0.8,7.472252508831785,0.9526363509759807,593,594
1.0,0.1,0.05,2,3,1,0.8,7.472252508831785,0.9526363509759807,593,594
1.0,0.0,0.05,2,3,1,0.8,7.472252508831785,0.9526363509759807,593,594
1.0,1.0,0.1,2,3,5,0.8,7.479062482781942,0.9525499801809902,345,346
1.0,0.3,0.1,2,3,5,0.8,7.479062482781942,0.9525499801809902,345,346
1.0,0.0,0.1,2,3,5,0.8,7.479062482781942,0.9525499801809902,345,346
1.0,0.1,0.1,2,3,5,0.8,7.479062482781942,0.9525499801809902,345,346
0.75,1.0,0.03,2,8,10,0.8,7.481078687182522,0.9525243935959885,984,985
0.75,1.0,0.03,2,8,20,1.0,7.48166590645854,0.9525169402095085,901,902
1.0,0.1,0.1,2,5,5,0.8,7.485326602504799,0.9524704629741527,340,341
1.0,0.3,0.1,2,5,5,0.8,7.485326602504799,0.9524704629741527,340,341
1.0,1.0,0.1,2,5,5,0.8,7.485326602504799,0.9524704629741527,340,341
1.0,0.0,0.1,2,5,5,0.8,7.485326602504799,0.9524704629741527,340,341
1.0,0.0,0.05,2,3,20,0.8,7.487566978886284,0.9524420073052692,748,749
1.0,0.1,0.05,2,3,20,0.8,7.487566978886284,0.9524420073052692,748,749
1.0,1.0,0.05,2,3,20,0.8,7.490688921958764,0.9524023404016532,736,737
0.75,1.0,0.05,2,8,20,1.0,7.498230713369107,0.9523064473978615,593,594
1.0,0.0,0.03,2,3,5,0.8,7.502274027399789,0.9522549973929479,998,999
1.0,0.3,0.03,2,3,5,0.8,7.502274027399789,0.9522549973929479,998,999
1.0,0.1,0.03,2,3,5,0.8,7.502274027399789,0.9522549973929479,998,999
1.0,1.0,0.05,2,8,10,0.8,7.506993933019383,0.9521949028687781,604,605
1.0,0.1,0.05,2,3,10,0.8,7.510329071607852,0.9521524166107331,609,610
1.0,0.0,0.05,2,3,10,0.8,7.510329071607852,0.9521524166107331,609,610
1.0,0.3,0.05,2,3,10,0.8,7.510329071607852,0.9521524166107331,609,610
1.0,1.0,0.05,2,3,10,0.8,7.510341300616573,0.9521522607909321,609,610
1.0,1.0,0.03,2,5,5,0.8,7.510346145630616,0.9521521990565757,998,999
0.75,1.0,0.1,2,5,10,1.0,7.513202671293663,0.9521157947521192,235,236
0.75,1.0,0.1,2,5,5,1.0,7.51615728441179,0.9520781258308961,260,261
1.0,1.0,0.03,2,3,5,0.8,7.517192696419365,0.9520649216629242,998,999
0.75,0.1,0.03,2,3,10,0.8,7.522131745375919,0.9520019110455868,984,985
0.75,0.3,0.03,2,3,10,0.8,7.522131745375919,0.9520019110455868,984,985
0.75,0.0,0.03,2,3,10,0.8,7.522131745375919,0.9520019110455868,984,985
1.0,0.3,0.05,2,3,5,0.8,7.528271990161059,0.9519235182936501,609,610
1.0,0.1,0.05,2,3,5,0.8,7.528271990161059,0.9519235182936501,609,610
1.0,0.0,0.05,2,3,5,0.8,7.528271990161059,0.9519235182936501,609,610
1.0,1.0,0.05,2,3,5,0.8,7.528271990161059,0.9519235182936501,609,610
1.0,0.3,0.05,2,8,10,0.8,7.528449567458752,0.9519212502054609,604,605
1.0,0.0,0.05,2,8,10,0.8,7.528630449184132,0.9519189398567994,604,605
1.0,0.1,0.05,2,8,10,0.8,7.528630449184132,0.9519189398567994,604,605
1.0,0.0,0.05,2,5,20,0.8,7.53596541434414,0.9518252057563443,647,648
1.0,0.3,0.05,2,5,20,0.8,7.53596541434414,0.9518252057563443,647,648
1.0,0.1,0.05,2,5,20,0.8,7.53596541434414,0.9518252057563443,647,648
1.0,0.0,0.1,2,8,5,0.8,7.546059560314812,0.9516960626253096,340,341
1.0,1.0,0.1,2,8,5,0.8,7.546059560314812,0.9516960626253096,340,341
1.0,0.3,0.1,2,8,5,0.8,7.546059560314812,0.9516960626253096,340,341
1.0,0.1,0.1,2,8,5,0.8,7.546059560314812,0.9516960626253096,340,341
0.75,0.3,0.03,2,5,20,0.8,7.547581846247279,0.9516765717053929,984,985
1.0,0.0,0.05,2,5,1,0.8,7.550457362964166,0.951639743672634,609,610
1.0,0.3,0.05,2,5,1,0.8,7.550457362964166,0.951639743672634,609,610
1.0,0.1,0.05,2,5,1,0.8,7.550457362964166,0.951639743672634,609,610
1.0,1.0,0.05,2,5,1,0.8,7.550457362964166,0.951639743672634,609,610
1.0,0.1,0.03,2,5,5,0.8,7.552482431029473,0.951613799298928,895,896
1.0,0.3,0.03,2,5,5,0.8,7.552482431029473,0.951613799298928,895,896
1.0,0.0,0.03,2,5,5,0.8,7.552482431029473,0.951613799298928,895,896
0.75,0.0,0.03,2,5,20,0.8,7.564335899693846,0.951461797780977,984,985
0.75,0.1,0.03,2,5,20,0.8,7.564335899693846,0.951461797780977,984,985
0.75,1.0,0.05,2,5,20,1.0,7.567626343825258,0.9514195608994506,564,565
0.75,1.0,0.03,2,3,10,0.8,7.5685118911503375,0.9514081906776631,984,985
0.75,1.0,0.03,2,5,20,0.8,7.57891191469587,0.9512745572296237,984,985
0.75,0.3,0.03,2,8,20,0.8,7.588332598270373,0.9511533492589511,923,924
0.75,0.0,0.03,2,8,20,0.8,7.588332598270373,0.9511533492589511,923,924
0.75,0.1,0.03,2,8,20,0.8,7.588332598270373,0.9511533492589511,923,924
1.0,0.0,0.1,2,8,10,0.8,7.591017304654941,0.9511187798429457,459,460
1.0,1.0,0.1,2,8,10,0.8,7.591156834713659,0.9511169828605578,459,460
1.0,0.3,0.1,2,8,10,0.8,7.591156834713659,0.9511169828605578,459,460
1.0,0.1,0.1,2,8,10,0.8,7.591156834713659,0.9511169828605578,459,460
1.0,0.0,0.03,2,3,10,0.8,7.596800178651421,0.9510442755711715,998,999
1.0,0.1,0.03,2,3,10,0.8,7.596800178651421,0.9510442755711715,998,999
1.0,0.3,0.03,2,3,10,0.8,7.596800178651421,0.9510442755711715,998,999
0.75,1.0,0.05,2,3,1,1.0,7.600250677937794,0.9509997936707105,503,504
0.75,1.0,0.03,2,8,20,0.8,7.609527513489001,0.9508801017561649,923,924
1.0,1.0,0.03,2,5,10,0.8,7.609805343844867,0.9508765148717185,998,999
1.0,1.0,0.03,2,3,10,0.8,7.613846828445875,0.9508243231220588,998,999
1.0,1.0,0.05,2,8,1,0.8,7.6164787673209275,0.9507903193526915,608,609
0.75,1.0,0.1,2,3,5,1.0,7.616813649677909,0.9507859919419206,269,270
1.0,0.3,0.03,2,5,10,0.8,7.618716433557104,0.9507614002104703,998,999
1.0,0.0,0.03,2,5,10,0.8,7.618716433557104,0.9507614002104703,998,999
1.0,0.1,0.03,2,5,10,0.8,7.618716433557104,0.9507614002104703,998,999
1.0,0.1,0.05,2,8,1,0.8,7.6252081783309125,0.9506774541529635,591,592
1.0,0.3,0.05,2,8,1,0.8,7.6252081783309125,0.9506774541529635,591,592
1.0,0.0,0.05,2,8,1,0.8,7.6252081783309125,0.9506774541529635,591,592
0.75,1.0,0.1,2,8,5,1.0,7.646595280938158,0.950400387438686,221,222
0.75,1.0,0.1,2,8,20,0.8,7.6573076380871985,0.9502613187624163,207,208
0.75,0.3,0.1,2,8,20,0.8,7.6573076380871985,0.9502613187624163,207,208
0.75,0.0,0.1,2,8,20,0.8,7.6573076380871985,0.9502613187624163,207,208
0.75,0.1,0.1,2,8,20,0.8,7.6573076380871985,0.9502613187624163,207,208
1.0,1.0,0.1,2,5,10,0.8,7.666419601139701,0.9501428732971472,338,339
1.0,0.0,0.1,2,5,10,0.8,7.666419601139701,0.9501428732971472,338,339
1.0,0.3,0.1,2,5,10,0.8,7.666419601139701,0.9501428732971472,338,339
1.0,0.1,0.1,2,5,10,0.8,7.666419601139701,0.9501428732971472,338,339
1.0,1.0,0.1,2,5,20,0.8,7.668669128830667,0.9501136102388887,345,346
1.0,0.1,0.1,2,5,20,0.8,7.668669128830667,0.9501136102388887,345,346
1.0,0.3,0.1,2,5,20,0.8,7.668669128830667,0.9501136102388887,345,346
1.0,0.0,0.03,2,5,20,0.8,7.672688519977372,0.9500613024766041,923,924
0.75,1.0,0.03,2,5,10,1.0,7.678320634290231,0.9499879608619781,763,764
0.75,1.0,0.1,2,8,10,1.0,7.681215315253733,0.9499502452746669,221,222
0.75,1.0,0.1,2,3,20,0.8,7.696389600458182,0.9497523027904737,207,208
0.75,0.0,0.1,2,3,20,0.8,7.696389600458182,0.9497523027904737,207,208
0.75,0.3,0.1,2,3,20,0.8,7.696389600458182,0.9497523027904737,207,208
0.75,0.1,0.1,2,3,20,0.8,7.696389600458182,0.9497523027904737,207,208
0.75,1.0,0.1,2,3,10,1.0,7.6969092723238335,0.9497455169603688,316,317
0.75,1.0,0.05,2,3,10,1.0,7.709051844304745,0.9495868298838552,706,707
0.75,0.3,0.1,2,8,10,0.8,7.712519861977668,0.9495414616351863,207,208
0.75,1.0,0.1,2,8,10,0.8,7.712519861977668,0.9495414616351863,207,208
0.75,0.0,0.1,2,8,10,0.8,7.712519861977668,0.9495414616351863,207,208
0.75,0.1,0.1,2,8,10,0.8,7.712519861977668,0.9495414616351863,207,208
0.75,0.1,0.03,2,3,20,0.8,7.722389510383113,0.9494122362484051,984,985
0.75,0.0,0.03,2,3,20,0.8,7.722445142844901,0.9494115073724614,984,985
1.0,0.0,0.03,2,8,20,0.8,7.72899674428548,0.9493256339923482,749,750
1.0,0.1,0.03,2,8,20,0.8,7.72899674428548,0.9493256339923482,749,750
1.0,0.3,0.03,2,8,20,0.8,7.72899674428548,0.9493256339923482,749,750
0.75,1.0,0.05,2,3,5,1.0,7.729896898487929,0.949313829769555,561,562
1.0,0.3,0.03,2,5,20,0.8,7.73336928537015,0.9492682815491035,751,752
1.0,0.1,0.03,2,5,20,0.8,7.73336928537015,0.9492682815491035,751,752
1.0,1.0,0.03,2,5,20,0.8,7.73336928537015,0.9492682815491035,751,752
0.75,0.3,0.03,2,3,20,0.8,7.736807001478257,0.949223167963399,984,985
1.0,1.0,0.03,2,8,20,0.8,7.7385649034252655,0.9492000910448534,749,750
0.75,1.0,0.03,2,8,10,1.0,7.753176110023156,0.9490080790388999,743,744
1.0,1.0,0.03,2,3,20,0.8,7.7573912460917525,0.9489526188482944,751,752
0.75,1.0,0.03,2,3,20,0.8,7.757751220191347,0.9489478811314931,984,985
0.75,1.0,0.1,2,3,1,1.0,7.759839618289324,0.9489203908200192,260,261
1.0,0.1,0.05,2,8,20,0.8,7.76113288902804,0.9489033633369848,465,466
1.0,0.0,0.05,2,8,20,0.8,7.76113288902804,0.9489033633369848,465,466
1.0,0.3,0.05,2,8,20,0.8,7.761267551857001,0.9489015901738561,465,466
0.75,1.0,0.05,2,5,10,1.0,7.7631486064681114,0.9488768183059417,462,463
1.0,0.3,0.03,2,3,20,0.8,7.770233122914355,0.9487834674502839,751,752
1.0,0.0,0.03,2,3,20,0.8,7.770233122914355,0.9487834674502839,751,752
1.0,0.1,0.03,2,3,20,0.8,7.770233122914355,0.9487834674502839,751,752
1.0,0.1,0.03,2,8,10,0.8,7.77258873726125,0.9487524092607879,734,735
1.0,0.3,0.03,2,8,10,0.8,7.77258873726125,0.9487524092607879,734,735
1.0,0.0,0.03,2,8,10,0.8,7.77258873726125,0.9487524092607879,734,735
0.75,1.0,0.05,2,8,5,1.0,7.774701084813257,0.9487245504774756,410,411
0.75,1.0,0.03,2,8,1,1.0,7.775029429240063,0.948720219413577,633,634
0.75,1.0,0.03,2,8,5,1.0,7.778528601374668,0.9486740518308241,790,791
1.0,1.0,0.03,2,8,10,0.8,7.779867656946026,0.948656379025058,748,749
0.75,1.0,0.05,2,5,5,1.0,7.780821767110834,0.9486437848584983,492,493
0.75,1.0,0.03,2,5,1,1.0,7.7821901693355935,0.948625719378829,707,708
1.0,1.0,0.05,2,8,20,0.8,7.7889002471482325,0.9485370877647931,464,465
1.0,1.0,0.1,2,8,20,0.8,7.8589173599044075,0.9476076933707046,207,208
1.0,0.1,0.1,2,8,20,0.8,7.8589173599044075,0.9476076933707046,207,208
1.0,0.3,0.1,2,8,20,0.8,7.8589173599044075,0.9476076933707046,207,208
1.0,0.0,0.1,2,8,20,0.8,7.8589173599044075,0.9476076933707046,207,208
0.75,0.0,0.03,2,3,10,1.0,7.879349681897197,0.9473349107426291,992,993
0.75,0.3,0.03,2,3,10,1.0,7.880915892695296,0.9473139717482417,999,1000
0.75,1.0,0.03,2,3,1,1.0,7.893330030832122,0.9471478573581044,768,769
0.75,1.0,0.03,2,3,5,1.0,7.897365089206159,0.9470938076758048,871,872
0.75,1.0,0.05,2,3,20,1.0,7.927389694830833,0.9466907600420194,815,816
0.75,1.0,0.05,2,8,10,1.0,7.939276070602451,0.9465307758013793,525,526
0.75,0.1,0.03,2,3,10,1.0,7.954991773608107,0.9463188828962074,999,1000
0.75,1.0,0.03,2,5,5,1.0,7.980930284298738,0.9459682405942758,801,802
0.75,1.0,0.03,2,3,20,1.0,8.019082835054789,0.9454504120424425,998,999
1.0,0.3,0.03,2,8,5,0.8,8.027803341479483,0.9453317055278374,469,470
1.0,0.1,0.03,2,8,5,0.8,8.027803341479483,0.9453317055278374,469,470
1.0,0.0,0.03,2,8,5,0.8,8.027803341479483,0.9453317055278374,469,470
1.0,1.0,0.03,2,8,5,0.8,8.027805959596819,0.9453316698697559,469,470
0.75,1.0,0.03,2,3,10,1.0,8.03575615420205,0.945223336639863,999,1000
0.75,0.0,0.03,2,3,20,1.0,8.058649294679576,0.9449107845650466,998,999
0.75,0.3,0.03,2,3,20,1.0,8.078194338557134,0.9446432392714976,997,998
0.75,0.1,0.03,2,3,20,1.0,8.080841061929963,0.9446069593732668,994,995
1.0,1.0,0.05,2,5,5,0.8,8.104791862543191,0.9442781139535099,252,253
1.0,0.3,0.05,2,5,5,0.8,8.104791862543191,0.9442781139535099,252,253
1.0,0.1,0.05,2,5,5,0.8,8.104791862543191,0.9442781139535099,252,253
1.0,0.0,0.05,2,5,5,0.8,8.104791862543191,0.9442781139535099,252,253
1.0,1.0,0.05,2,8,5,0.8,8.131918076665974,0.9439044946615859,252,253
1.0,0.3,0.05,2,8,5,0.8,8.131918076665974,0.9439044946615859,252,253
1.0,0.1,0.05,2,8,5,0.8,8.131918076665974,0.9439044946615859,252,253
1.0,0.0,0.05,2,8,5,0.8,8.131918076665974,0.9439044946615859,252,253
1.0,0.3,0.03,2,8,1,0.8,8.137065598704787,0.9438334550279154,457,458
1.0,0.1,0.03,2,8,1,0.8,8.137065598704787,0.9438334550279154,457,458
1.0,0.0,0.03,2,8,1,0.8,8.137065598704787,0.9438334550279154,457,458
1.0,1.0,0.03,2,8,1,0.8,8.137065598704787,0.9438334550279154,457,458
